/*******************************************************************************
 * Size: 150 px
 * Bpp: 4
 * Opts: --bpp 4 --size 150 --stride 1 --align 1 --font 7segment.woff --range 32-127 --format lvgl -o digital.c
 ******************************************************************************/

#ifdef __has_include
    #if __has_include("lvgl.h")
        #ifndef LV_LVGL_H_INCLUDE_SIMPLE
            #define LV_LVGL_H_INCLUDE_SIMPLE
        #endif
    #endif
#endif

#ifdef LV_LVGL_H_INCLUDE_SIMPLE
    #include "lvgl.h"
#else
    #include "lvgl/lvgl.h"
#endif



#ifndef DIGITAL
#define DIGITAL 1
#endif

#if DIGITAL

/*-----------------
 *    BITMAPS
 *----------------*/

/*Store the image of the glyphs*/
static LV_ATTRIBUTE_LARGE_CONST const uint8_t glyph_bitmap[] = {
    /* U+0020 " " */

    /* U+0022 "\"" */
    0x0, 0xff, 0xf4, 0xcb, 0x80, 0x7f, 0xfb, 0xc5,
    0xa3, 0x90, 0x3, 0xff, 0xdb, 0x20, 0x1, 0xb6,
    0x0, 0xff, 0xf6, 0x30, 0x6, 0x96, 0x0, 0xfe,
    0x55, 0x0, 0x7f, 0xf7, 0xd8, 0x40, 0x3a, 0x4c,
    0x3, 0xe2, 0xaa, 0x28, 0x7, 0xff, 0x7a, 0x80,
    0x3e, 0xf0, 0xf, 0xb8, 0x1, 0x48, 0x1, 0xff,
    0xdc, 0x33, 0x0, 0x7c, 0x68, 0x1, 0xc8, 0x60,
    0x15, 0x98, 0x7, 0xff, 0x6e, 0x40, 0x3f, 0xb8,
    0x3, 0xbc, 0x3, 0xb0, 0xc0, 0x3f, 0xfb, 0x22,
    0xa0, 0x1f, 0xc8, 0x1, 0x85, 0x0, 0x3d, 0xa4,
    0x1, 0xff, 0xd8, 0x90, 0xf, 0xf0, 0x88, 0x2,
    0x40, 0xf, 0x87, 0x8, 0x3, 0xff, 0xae, 0xc0,
    0x1f, 0xf2, 0x80, 0x5a, 0x1, 0xf8, 0x70, 0x40,
    0x3f, 0xfa, 0xac, 0x20, 0x1f, 0xfc, 0x32, 0x0,
    0xfe, 0x1c, 0x10, 0xf, 0xfe, 0xa5, 0x0, 0x7f,
    0xf1, 0x4, 0x3, 0xfc, 0x58, 0x20, 0x1f, 0xfd,
    0x23, 0x30, 0x7, 0xff, 0x11, 0xc0, 0x3f, 0xe2,
    0xd0, 0xf, 0xfe, 0x94, 0x80, 0x7f, 0xf0, 0x5c,
    0x2, 0x10, 0xf, 0xfe, 0x1, 0x90, 0x7, 0xff,
    0x45, 0x0, 0x3f, 0xf8, 0x22, 0x1, 0x18, 0x7,
    0xff, 0x4, 0xc0, 0x3f, 0xfa, 0x22, 0x1, 0xff,
    0xc1, 0x30, 0x8, 0x40, 0x3f, 0xf8, 0x22, 0x1,
    0xff, 0xdf, 0x10, 0xf, 0xff, 0x10, 0x80, 0x7f,
    0xf1, 0x44, 0x3, 0xff, 0x82, 0x20, 0x1f, 0xfd,
    0x12, 0x0, 0xff, 0xe0, 0x88, 0x4, 0x60, 0x1f,
    0xfc, 0x13, 0x0, 0xff, 0xe8, 0xb8, 0x7, 0xff,
    0x4, 0xc0, 0x21, 0x0, 0xff, 0xe0, 0x88, 0x7,
    0xff, 0x44, 0x40, 0x3f, 0xf8, 0x22, 0x1, 0x38,
    0x7, 0xff, 0x5, 0xc0, 0x3f, 0xfa, 0x26, 0x1,
    0xff, 0xc1, 0x70, 0x8, 0x40, 0x3f, 0xf8, 0x22,
    0x1, 0xff, 0xd1, 0x10, 0xf, 0xfe, 0x8, 0x80,
    0x44, 0x1, 0xff, 0xc1, 0x30, 0xf, 0xfe, 0x8f,
    0x80, 0x7f, 0xf0, 0x4c, 0x2, 0xf0, 0xf, 0xfe,
    0x8, 0x80, 0x7f, 0xf4, 0x44, 0x3, 0xff, 0x83,
    0xc0, 0x10, 0x80, 0x7f, 0xf0, 0x7c, 0x3, 0xff,
    0xa2, 0x60, 0x1f, 0xfc, 0x11, 0x0, 0x8c, 0x3,
    0xff, 0x82, 0x20, 0x1f, 0xfd, 0x11, 0x0, 0xff,
    0xe0, 0x98, 0x4, 0x20, 0x1f, 0xfc, 0x13, 0x0,
    0xff, 0xe8, 0xb8, 0x7, 0xff, 0x4, 0x40, 0x27,
    0x0, 0xff, 0xe0, 0x88, 0x7, 0xff, 0x44, 0x40,
    0x3f, 0xf8, 0x2e, 0x1, 0x8, 0x7, 0xff, 0x5,
    0xc0, 0x3f, 0xfa, 0x26, 0x1, 0xff, 0xc1, 0x10,
    0x8, 0xc0, 0x3f, 0xf8, 0x24, 0x1, 0xff, 0xd1,
    0x10, 0xf, 0xfe, 0x9, 0x80, 0x42, 0x1, 0xff,
    0xc1, 0x10, 0xf, 0xfe, 0xf8, 0x80, 0x7f, 0xf8,
    0x84, 0x3, 0xff, 0x8a, 0x20, 0x1f, 0xfc, 0x11,
    0x0, 0xff, 0xe8, 0x90, 0x7, 0xff, 0x4, 0x40,
    0x23, 0x0, 0xff, 0xe0, 0x98, 0x7, 0xff, 0x45,
    0xc0, 0x3f, 0xf8, 0x26, 0x1, 0x8, 0x7, 0xff,
    0x4, 0x40, 0x3f, 0xfa, 0x22, 0x1, 0xff, 0xc1,
    0x10, 0x9, 0xc0, 0x3f, 0xf8, 0x2e, 0x1, 0xff,
    0xd1, 0x30, 0xf, 0xfe, 0xb, 0x80, 0x42, 0x1,
    0xff, 0xc1, 0x10, 0xf, 0xfe, 0x88, 0x80, 0x7f,
    0xf0, 0x44, 0x2, 0x30, 0xf, 0xfe, 0x9, 0x80,
    0x7f, 0xf4, 0x7c, 0x3, 0xff, 0x82, 0x60, 0x10,
    0x80, 0x7f, 0xf0, 0x44, 0x3, 0xff, 0xa2, 0x20,
    0x1f, 0xfc, 0x11, 0x0, 0xbc, 0x3, 0xff, 0x83,
    0xe0, 0x1f, 0xfd, 0x13, 0x0, 0xff, 0xe0, 0xf8,
    0x4, 0x20, 0x1f, 0xfc, 0x11, 0x0, 0xff, 0xe8,
    0x88, 0x7, 0xff, 0x4, 0x40, 0x23, 0x0, 0xff,
    0xe0, 0x98, 0x7, 0xff, 0x45, 0xc0, 0x3f, 0xf8,
    0x26, 0x1, 0x8, 0x7, 0xff, 0x4, 0x40, 0x3f,
    0xfa, 0x22, 0x1, 0xff, 0xc1, 0x10, 0x9, 0xc0,
    0x3f, 0xf8, 0x2e, 0x1, 0xff, 0xd1, 0x30, 0xf,
    0xfe, 0xb, 0x80, 0x42, 0x1, 0xff, 0xc0, 0x83,
    0x0, 0xff, 0xe8, 0xd8, 0x7, 0xff, 0x4, 0x40,
    0x23, 0x0, 0xff, 0xe, 0x38, 0x7, 0xff, 0x49,
    0x74, 0x80, 0x3f, 0xe3, 0x0, 0x84, 0x3, 0xf9,
    0x78, 0xc0, 0x3f, 0xfa, 0x85, 0x88, 0x1, 0xfe,
    0x10, 0x8, 0xc0, 0x3f, 0x4d, 0x0, 0x7f, 0xf5,
    0xc6, 0xe0, 0x3, 0xf2, 0x0, 0x6c, 0x60, 0xe,
    0x3d, 0x60, 0xf, 0xfe, 0xd3, 0xd8, 0x80, 0x74,
    0x58, 0x7, 0x4c, 0x80, 0x26, 0xc2, 0x0, 0xff,
    0xee, 0x26, 0x10, 0x0, 0xb1, 0xc0, 0x3e, 0x6c,
    0x2b, 0x90, 0xf, 0xfe, 0xf9, 0x6a, 0xab, 0x4c,
    0x3, 0xf8, 0xf5, 0x0, 0x3f, 0xfc, 0x55, 0x40,
    0xf, 0x80,

    /* U+0027 "'" */
    0x0, 0xf2, 0xa8, 0x3, 0xff, 0x86, 0x55, 0x45,
    0x0, 0xff, 0xe1, 0x70, 0x2, 0x90, 0x3, 0xff,
    0x80, 0x86, 0x1, 0x59, 0x80, 0x7f, 0xde, 0x1,
    0xd8, 0x60, 0x1f, 0xc2, 0x80, 0x1e, 0xd2, 0x0,
    0xfc, 0x80, 0x1f, 0xe, 0x10, 0x7, 0xda, 0x1,
    0xf8, 0x70, 0x40, 0x3c, 0x40, 0x1f, 0xc3, 0x82,
    0x1, 0xc2, 0x1, 0xfe, 0x2c, 0x10, 0xc, 0xe0,
    0x1f, 0xf1, 0x68, 0x6, 0x10, 0xf, 0xfe, 0x1,
    0x90, 0x4, 0x60, 0x1f, 0xfc, 0x13, 0x0, 0x84,
    0x3, 0xff, 0x82, 0x20, 0x1f, 0xfc, 0x81, 0x0,
    0xff, 0xe0, 0x88, 0x4, 0x60, 0x1f, 0xfc, 0x13,
    0x0, 0x84, 0x3, 0xff, 0x82, 0x20, 0x13, 0x80,
    0x7f, 0xf0, 0x5c, 0x2, 0x10, 0xf, 0xfe, 0x8,
    0x80, 0x44, 0x1, 0xff, 0xc1, 0x30, 0xb, 0xc0,
    0x3f, 0xf8, 0x22, 0x1, 0x8, 0x7, 0xff, 0x7,
    0xc0, 0x23, 0x0, 0xff, 0xe0, 0x88, 0x4, 0x20,
    0x1f, 0xfc, 0x13, 0x0, 0x9c, 0x3, 0xff, 0x82,
    0x20, 0x10, 0x80, 0x7f, 0xf0, 0x5c, 0x2, 0x30,
    0xf, 0xfe, 0x9, 0x0, 0x42, 0x1, 0xff, 0xc1,
    0x10, 0xf, 0xfe, 0x40, 0x80, 0x7f, 0xf0, 0x44,
    0x2, 0x30, 0xf, 0xfe, 0x9, 0x80, 0x42, 0x1,
    0xff, 0xc1, 0x10, 0x9, 0xc0, 0x3f, 0xf8, 0x2e,
    0x1, 0x8, 0x7, 0xff, 0x4, 0x40, 0x23, 0x0,
    0xff, 0xe0, 0x98, 0x4, 0x20, 0x1f, 0xfc, 0x11,
    0x0, 0xbc, 0x3, 0xff, 0x83, 0xe0, 0x10, 0x80,
    0x7f, 0xf0, 0x44, 0x2, 0x30, 0xf, 0xfe, 0x9,
    0x80, 0x42, 0x1, 0xff, 0xc1, 0x10, 0x9, 0xc0,
    0x3f, 0xf8, 0x2e, 0x1, 0x8, 0x7, 0xff, 0x2,
    0xc, 0x2, 0x30, 0xf, 0xf0, 0xe3, 0x80, 0x61,
    0x0, 0xfe, 0x5e, 0x30, 0xe, 0x30, 0xf, 0xd3,
    0x40, 0x1f, 0x63, 0x0, 0x71, 0xeb, 0x0, 0x7f,
    0x4c, 0x80, 0x26, 0xc2, 0x0, 0xff, 0x9b, 0xa,
    0xe4, 0x3, 0xff, 0x84, 0x7a, 0x80, 0x1f, 0xf0,

    /* U+0028 "(" */
    0x0, 0xff, 0xe2, 0x1b, 0xde, 0xf7, 0xff, 0xff,
    0x4f, 0x64, 0x3, 0xff, 0x84, 0xb9, 0x88, 0x42,
    0x10, 0xf, 0xfe, 0x99, 0x78, 0x7, 0xff, 0x0,
    0xb2, 0x8c, 0x3, 0xff, 0xb0, 0x2c, 0x1, 0xff,
    0xc0, 0x83, 0x0, 0xff, 0xed, 0x30, 0x7, 0xff,
    0x6, 0x90, 0x3, 0xff, 0xb5, 0x20, 0x1f, 0xe3,
    0x30, 0x2, 0xcc, 0x3, 0xff, 0xb0, 0xa2, 0x1,
    0xfc, 0x3b, 0x86, 0x0, 0xd3, 0x0, 0xff, 0xeb,
    0xf0, 0x7, 0xfa, 0xc4, 0x34, 0x80, 0x74, 0x80,
    0x3f, 0xfa, 0xa4, 0x80, 0x1f, 0xc6, 0xa0, 0x1,
    0xc2, 0x1, 0xc2, 0x0, 0xff, 0xea, 0x58, 0x7,
    0xfa, 0x40, 0x30, 0xf8, 0x80, 0xf8, 0x80, 0x7f,
    0xf4, 0x85, 0x80, 0x3f, 0xca, 0x1, 0xc5, 0x82,
    0x5, 0x82, 0x1, 0xff, 0xd1, 0x60, 0xf, 0xf2,
    0x0, 0x7c, 0x5a, 0x20, 0x5a, 0x1, 0xff, 0xd1,
    0xa0, 0xf, 0xf1, 0x80, 0x7e, 0x3d, 0x0, 0x1e,
    0x0, 0x7f, 0xf3, 0xd0, 0x80, 0x3f, 0xdc, 0x1,
    0xfc, 0x76, 0x0, 0x3b, 0x0, 0xff, 0xe7, 0x78,
    0x7, 0xfc, 0x40, 0x1f, 0xe4, 0xb0, 0x2, 0x7f,
    0xff, 0xf3, 0x90, 0x3, 0xfe, 0x70, 0xf, 0xf9,
    0x28, 0x3, 0xff, 0xb8, 0x20, 0x1f, 0xfc, 0x5,
    0x20, 0xf, 0xfe, 0xd9, 0x80, 0x7f, 0xf0, 0x4c,
    0x3, 0xff, 0xb6, 0x20, 0x1f, 0xfc, 0x11, 0x0,
    0xff, 0xff, 0x80, 0x7f, 0xf1, 0x44, 0x3, 0xff,
    0x82, 0x20, 0x1f, 0xfd, 0xb3, 0x0, 0xff, 0xe0,
    0x98, 0x7, 0xff, 0x6c, 0x40, 0x3f, 0xf8, 0x22,
    0x1, 0xff, 0xdb, 0x70, 0xf, 0xfe, 0xb, 0x80,
    0x7f, 0xf6, 0xc4, 0x3, 0xff, 0x82, 0x20, 0x1f,
    0xfd, 0xb3, 0x0, 0xff, 0xe0, 0x98, 0x7, 0xff,
    0x6c, 0x40, 0x3f, 0xf8, 0x22, 0x1, 0xff, 0xdb,
    0xf0, 0xf, 0xfe, 0xf, 0x80, 0x7f, 0xf6, 0xc4,
    0x3, 0xff, 0x82, 0x20, 0x1f, 0xfd, 0xb3, 0x0,
    0xff, 0xe0, 0x98, 0x7, 0xff, 0x6d, 0x80, 0x3f,
    0xf8, 0x22, 0x1, 0xff, 0xdb, 0x10, 0xf, 0xfe,
    0xb, 0x80, 0x7f, 0xf6, 0xcc, 0x3, 0xff, 0x82,
    0x20, 0x1f, 0xfd, 0xb1, 0x0, 0xff, 0xe0, 0x98,
    0x7, 0xff, 0xa4, 0x40, 0x3f, 0xfb, 0x42, 0x1,
    0xff, 0xc1, 0x10, 0xf, 0xfe, 0xd9, 0x80, 0x7f,
    0xf0, 0x4c, 0x3, 0xff, 0xb6, 0x20, 0x1f, 0xfc,
    0x11, 0x0, 0xff, 0xed, 0xb8, 0x7, 0xff, 0x5,
    0xc0, 0x3f, 0xfb, 0x62, 0x1, 0xff, 0xc1, 0x10,
    0xf, 0xfe, 0xd9, 0x80, 0x7f, 0xf0, 0x4c, 0x3,
    0xff, 0xb6, 0x20, 0x1f, 0xfc, 0x11, 0x0, 0xff,
    0xed, 0xf8, 0x7, 0xff, 0x7, 0xc0, 0x3f, 0xfb,
    0x62, 0x1, 0xff, 0xc1, 0x10, 0xf, 0xfe, 0xd9,
    0x80, 0x7f, 0xf0, 0x4c, 0x3, 0xff, 0xb6, 0x20,
    0x1f, 0xfc, 0x11, 0x0, 0xff, 0xed, 0xb8, 0x7,
    0xff, 0x5, 0xc0, 0x3f, 0xfb, 0x62, 0x1, 0xff,
    0xc0, 0x63, 0x0, 0xff, 0xed, 0x98, 0x7, 0xf8,
    0x6a, 0x40, 0x3f, 0xfb, 0x82, 0x1, 0xfc, 0x7e,
    0xa0, 0x1f, 0xfd, 0xd2, 0x0, 0xfd, 0x18, 0x20,
    0x1f, 0xfd, 0xed, 0x40, 0xe, 0x1c, 0x70, 0xf,
    0xff, 0xd, 0xb8, 0x4, 0xbc, 0x60, 0x1f, 0xfe,
    0x38, 0xa1, 0x9a, 0x0, 0xff, 0xf3, 0x2f, 0x30,
    0x7, 0xff, 0xfc, 0x3, 0xff, 0xfe, 0x1, 0xff,
    0xf3, 0x6b, 0x10, 0xf, 0xff, 0x28, 0xdc, 0xa6,
    0x18, 0x7, 0xff, 0x8d, 0x3d, 0x0, 0x5, 0x8a,
    0x1, 0xff, 0xe1, 0x7b, 0x10, 0xe, 0xa9, 0x0,
    0xff, 0xf0, 0x50, 0x7, 0xe6, 0xc1, 0x0, 0xff,
    0xef, 0x18, 0x7, 0xf1, 0xfa, 0x0, 0x7f, 0xf7,
    0x44, 0x3, 0xfc, 0x36, 0xe0, 0x1f, 0xfe, 0x98,
    0x10, 0xf, 0xff, 0x48, 0x80, 0x7f, 0xf6, 0x84,
    0x3, 0xff, 0xd2, 0x60, 0x1f, 0xfc, 0x11, 0x0,
    0xff, 0xed, 0x88, 0x7, 0xff, 0x4, 0xc0, 0x3f,
    0xfb, 0x6e, 0x1, 0xff, 0xc1, 0x10, 0xf, 0xfe,
    0xd8, 0x80, 0x7f, 0xf0, 0x5c, 0x3, 0xff, 0xb6,
    0x60, 0x1f, 0xfc, 0x11, 0x0, 0xff, 0xed, 0x88,
    0x7, 0xff, 0x4, 0xc0, 0x3f, 0xfb, 0x7e, 0x1,
    0xff, 0xc1, 0x10, 0xf, 0xfe, 0xd8, 0x80, 0x7f,
    0xf0, 0x7c, 0x3, 0xff, 0xb6, 0x60, 0x1f, 0xfc,
    0x11, 0x0, 0xff, 0xed, 0x88, 0x7, 0xff, 0x4,
    0xc0, 0x3f, 0xfb, 0x6e, 0x1, 0xff, 0xc1, 0x10,
    0xf, 0xfe, 0xd8, 0x80, 0x7f, 0xf0, 0x58, 0x3,
    0xff, 0xb6, 0x60, 0x1f, 0xfc, 0x13, 0x0, 0xff,
    0xed, 0x88, 0x7, 0xff, 0x4, 0x40, 0x3f, 0xff,
    0xe0, 0x1f, 0xfc, 0x51, 0x0, 0xff, 0xe0, 0x88,
    0x7, 0xff, 0x6c, 0xc0, 0x3f, 0xf8, 0x26, 0x1,
    0xff, 0xdb, 0x10, 0xf, 0xfe, 0x8, 0x80, 0x7f,
    0xf6, 0xdc, 0x3, 0xff, 0x82, 0xe0, 0x1f, 0xfd,
    0xb1, 0x0, 0xff, 0xe0, 0x88, 0x7, 0xff, 0x6c,
    0xc0, 0x3f, 0xf8, 0x26, 0x1, 0xff, 0xdb, 0x10,
    0xf, 0xfe, 0x8, 0x80, 0x7f, 0xf6, 0xfc, 0x3,
    0xff, 0x83, 0xe0, 0x1f, 0xfd, 0xb1, 0x0, 0xff,
    0xe0, 0x88, 0x7, 0xff, 0x6c, 0xc0, 0x3f, 0xf8,
    0x26, 0x1, 0xff, 0xdb, 0x10, 0xf, 0xfe, 0x8,
    0x80, 0x7f, 0xf6, 0xdc, 0x3, 0xff, 0x82, 0xe0,
    0x1f, 0xfd, 0xb1, 0x0, 0xff, 0xe0, 0x88, 0x7,
    0xff, 0x6c, 0xc0, 0x3f, 0xf8, 0xa, 0x40, 0x1f,
    0xfd, 0xb1, 0x0, 0xff, 0x9a, 0x80, 0x3f, 0xfc,
    0xef, 0x20, 0x8, 0xff, 0xff, 0xe6, 0xf0, 0x7,
    0xff, 0x2a, 0x20, 0x0, 0x97, 0x0, 0xff, 0xe6,
    0x89, 0x80, 0x7f, 0xf2, 0x25, 0xc0, 0x14, 0xc0,
    0x1f, 0xfc, 0xfb, 0x0, 0xff, 0x8c, 0x3, 0xea,
    0x60, 0x5, 0xa8, 0x7, 0xff, 0x41, 0x0, 0x3f,
    0xe5, 0x0, 0xf5, 0xa8, 0x2, 0xd0, 0x3, 0xff,
    0xa2, 0x62, 0x1, 0xfe, 0xd0, 0xc, 0x38, 0x80,
    0xc, 0x40, 0xf, 0xfe, 0x9b, 0x80, 0x7f, 0x90,
    0x40, 0x3, 0x86, 0x3, 0x86, 0x1, 0xff, 0xd4,
    0xc0, 0xf, 0xfa, 0xc0, 0xb0, 0x80, 0x70, 0xc0,
    0x3f, 0xfa, 0xaa, 0x1, 0xff, 0x2b, 0x61, 0x1,
    0x61, 0x0, 0x7f, 0xf5, 0xd0, 0x3, 0xfe, 0x91,
    0x2, 0xc2, 0x0, 0xff, 0xec, 0x60, 0x7, 0xff,
    0x4, 0xf0, 0x40, 0x3f, 0xfb, 0x2a, 0x1, 0xff,
    0xc1, 0x25, 0x0, 0xff, 0xed, 0x11, 0x0, 0x3f,
    0xf8, 0x3, 0x74, 0x60, 0x1f, 0xfd, 0x94, 0x0,
    0xff, 0xe1, 0x2e, 0x62, 0x10, 0x80, 0x3f, 0xfa,
    0xba, 0x1, 0xf0,

    /* U+0029 ")" */
    0x0, 0xff, 0x8d, 0xef, 0x7b, 0xff, 0xff, 0xa7,
    0xb2, 0x1, 0xff, 0xc8, 0x5c, 0xc4, 0x21, 0x8,
    0x7, 0xff, 0x4c, 0xbc, 0x0, 0xea, 0x1, 0xff,
    0xc2, 0x2c, 0xa3, 0x0, 0xff, 0xec, 0xb, 0x0,
    0xc5, 0x61, 0x0, 0x7f, 0xf0, 0x20, 0xc0, 0x3f,
    0xfb, 0x4c, 0x0, 0x60, 0x1, 0xea, 0x0, 0x7f,
    0xd4, 0x80, 0x1f, 0xfd, 0xa9, 0x0, 0x50, 0x6,
    0xb4, 0x0, 0xff, 0xac, 0xc0, 0x3f, 0xfb, 0xa,
    0x20, 0x84, 0x1, 0xd6, 0x40, 0x1f, 0xf6, 0x98,
    0x7, 0xff, 0x5f, 0x80, 0x1e, 0x1, 0xf4, 0x80,
    0x7f, 0xc3, 0xa4, 0x1, 0xff, 0xd5, 0x24, 0x2,
    0x40, 0xf, 0x90, 0xc0, 0x3f, 0xe1, 0xc2, 0x0,
    0xff, 0xea, 0x58, 0x2, 0xc0, 0x3f, 0xa8, 0x3,
    0xff, 0x80, 0x3e, 0x20, 0x1f, 0xfd, 0x21, 0x60,
    0x3, 0x0, 0x7f, 0x38, 0x7, 0xff, 0x4, 0xb0,
    0x40, 0x3f, 0xfa, 0x2c, 0x0, 0x70, 0xf, 0xf0,
    0x88, 0x3, 0xff, 0x82, 0x5a, 0x1, 0xff, 0xd1,
    0xa0, 0x5, 0x0, 0x7f, 0xc4, 0x1, 0xff, 0xc2,
    0x3c, 0x0, 0xff, 0xe7, 0xa1, 0x2, 0x10, 0x7,
    0xfc, 0xe0, 0x1f, 0xfc, 0x33, 0xb0, 0xf, 0xfe,
    0x77, 0x80, 0x3c, 0x3, 0xff, 0xa2, 0x9f, 0xff,
    0xfc, 0xe4, 0x2, 0x40, 0xf, 0xff, 0x75, 0x80,
    0x7f, 0xf0, 0x5c, 0x3, 0xff, 0xc2, 0xe0, 0x1f,
    0xfc, 0x11, 0x0, 0xff, 0xf0, 0x88, 0x7, 0xff,
    0x4, 0xc0, 0x3f, 0xfd, 0xe2, 0x1, 0xff, 0xe0,
    0x10, 0xf, 0xff, 0x79, 0x80, 0x7f, 0xf0, 0x44,
    0x3, 0xff, 0xc2, 0x20, 0x1f, 0xfc, 0x13, 0x0,
    0xff, 0xf0, 0xb8, 0x7, 0xff, 0x4, 0x40, 0x3f,
    0xfc, 0x24, 0x1, 0xff, 0xc1, 0x70, 0xf, 0xff,
    0x8, 0x80, 0x7f, 0xf0, 0x44, 0x3, 0xff, 0xc3,
    0xe0, 0x1f, 0xfc, 0x13, 0x0, 0xff, 0xf0, 0x88,
    0x7, 0xff, 0x4, 0x40, 0x3f, 0xfc, 0x26, 0x1,
    0xff, 0xc1, 0xf0, 0xf, 0xff, 0x8, 0x80, 0x7f,
    0xf0, 0x44, 0x3, 0xff, 0xc2, 0xe0, 0x1f, 0xfc,
    0x13, 0x0, 0xff, 0xf0, 0x88, 0x7, 0xff, 0x4,
    0x40, 0x3f, 0xfc, 0x26, 0x1, 0xff, 0xc1, 0x60,
    0xf, 0xff, 0x8, 0x80, 0x7f, 0xf0, 0x4c, 0x3,
    0xff, 0xde, 0x20, 0x1f, 0xfe, 0x1, 0x0, 0xff,
    0xf7, 0x98, 0x7, 0xff, 0x4, 0x40, 0x3f, 0xfc,
    0x22, 0x1, 0xff, 0xc1, 0x30, 0xf, 0xff, 0xb,
    0x0, 0x7f, 0xf0, 0x44, 0x3, 0xff, 0xc2, 0x60,
    0x1f, 0xfc, 0x17, 0x0, 0xff, 0xf0, 0x88, 0x7,
    0xff, 0x4, 0x40, 0x3f, 0xfc, 0x3e, 0x1, 0xff,
    0xc1, 0x30, 0xf, 0xff, 0x8, 0x80, 0x7f, 0xf0,
    0x44, 0x3, 0xff, 0xc2, 0x60, 0x1f, 0xfc, 0x1f,
    0x0, 0xff, 0xf0, 0x88, 0x7, 0xff, 0x4, 0x40,
    0x3f, 0xfc, 0x2e, 0x1, 0xff, 0xc1, 0x30, 0xf,
    0xff, 0x8, 0x80, 0x7f, 0xf0, 0x44, 0x3, 0xff,
    0xc2, 0x60, 0x1f, 0xfc, 0x17, 0x0, 0xff, 0xf0,
    0xc8, 0x7, 0xff, 0x4, 0x40, 0x3f, 0xfc, 0x2f,
    0x62, 0x1, 0xff, 0x18, 0x7, 0xff, 0x89, 0x3c,
    0xc0, 0x3f, 0xc2, 0x1, 0xff, 0xe3, 0x1c, 0x60,
    0xf, 0xc6, 0x1, 0xff, 0xe6, 0x99, 0x0, 0x79,
    0xf0, 0x3, 0xff, 0xce, 0xd8, 0x40, 0x1, 0xb8,
    0x0, 0xff, 0xf4, 0x9e, 0x22, 0x3d, 0x0, 0x3f,
    0xfd, 0x63, 0x76, 0x10, 0xf, 0xff, 0xf8, 0x7,
    0xff, 0xfc, 0x3, 0xff, 0xfe, 0x1, 0xff, 0x15,
    0xa8, 0x7, 0xff, 0xb1, 0x75, 0x2a, 0x0, 0x3f,
    0xfd, 0x55, 0x40, 0x9, 0xec, 0x3, 0xff, 0xce,
    0x7a, 0xa0, 0x1c, 0x9a, 0x20, 0x1f, 0xfe, 0x47,
    0xc2, 0x0, 0xf8, 0x8c, 0x3, 0xff, 0xc4, 0x37,
    0x0, 0x1f, 0xe3, 0x0, 0xff, 0xf0, 0xa7, 0xa0,
    0x7, 0xff, 0xb6, 0xc4, 0x3, 0xff, 0x80, 0x20,
    0x1f, 0xfe, 0x1, 0x0, 0xff, 0xf7, 0x98, 0x7,
    0xff, 0x4, 0x40, 0x3f, 0xfc, 0x22, 0x1, 0xff,
    0xc1, 0x30, 0xf, 0xff, 0xb, 0x80, 0x7f, 0xf0,
    0x44, 0x3, 0xff, 0xc2, 0x20, 0x1f, 0xfc, 0x17,
    0x0, 0xff, 0xf0, 0x98, 0x7, 0xff, 0x4, 0x40,
    0x3f, 0xfc, 0x22, 0x1, 0xff, 0xc1, 0x30, 0xf,
    0xff, 0xf, 0x80, 0x7f, 0xf0, 0x44, 0x3, 0xff,
    0xc2, 0x20, 0x1f, 0xfc, 0x1f, 0x0, 0xff, 0xf0,
    0x98, 0x7, 0xff, 0x4, 0x40, 0x3f, 0xfc, 0x22,
    0x1, 0xff, 0xc1, 0x30, 0xf, 0xff, 0xb, 0x80,
    0x7f, 0xf0, 0x44, 0x3, 0xff, 0xc2, 0x20, 0x1f,
    0xfc, 0x17, 0x0, 0xff, 0xf0, 0x98, 0x7, 0xff,
    0x4, 0x40, 0x3f, 0xfc, 0x22, 0x1, 0xff, 0xc1,
    0x30, 0xf, 0xff, 0x78, 0x80, 0x7f, 0xf8, 0x8,
    0x3, 0xff, 0xde, 0x20, 0x1f, 0xfc, 0x11, 0x0,
    0xff, 0xf0, 0xb8, 0x7, 0xff, 0x4, 0xc0, 0x3f,
    0xfc, 0x22, 0x1, 0xff, 0xc1, 0x10, 0xf, 0xff,
    0x9, 0x80, 0x7f, 0xf0, 0x5c, 0x3, 0xff, 0xc2,
    0x20, 0x1f, 0xfc, 0x11, 0x0, 0xff, 0xf0, 0xf8,
    0x7, 0xff, 0x4, 0xc0, 0x3f, 0xfc, 0x22, 0x1,
    0xff, 0xc1, 0x10, 0xf, 0xff, 0x9, 0x80, 0x7f,
    0xf0, 0x7c, 0x3, 0xff, 0xc2, 0x20, 0x1f, 0xfc,
    0x11, 0x0, 0xff, 0xf0, 0xb8, 0x7, 0xff, 0xbc,
    0x40, 0x3f, 0xf8, 0x26, 0x1, 0xff, 0xe1, 0x30,
    0xf, 0xfe, 0x8, 0x80, 0x7f, 0xf8, 0x44, 0x3,
    0xff, 0x82, 0xe0, 0x1f, 0xfe, 0x12, 0x0, 0xff,
    0xe0, 0x88, 0x7, 0xff, 0x85, 0x40, 0x3f, 0xf8,
    0x26, 0x1, 0xff, 0xc4, 0x8f, 0xff, 0xfe, 0x6f,
    0x0, 0x2c, 0x3, 0xff, 0x82, 0x20, 0x1f, 0xfc,
    0x39, 0x70, 0xf, 0xfe, 0x68, 0x98, 0x18, 0x80,
    0x7f, 0xc4, 0x1, 0xff, 0xc3, 0xa6, 0x0, 0xff,
    0xe7, 0xd8, 0x1, 0xc0, 0x3f, 0xe6, 0x0, 0xff,
    0xe1, 0x5a, 0x80, 0x7f, 0xf4, 0x10, 0x1, 0xa0,
    0x1f, 0xf6, 0x0, 0x7f, 0xf0, 0x6d, 0x0, 0x3f,
    0xfa, 0x26, 0x20, 0x80, 0x1f, 0xf2, 0x80, 0x7f,
    0xf0, 0x31, 0x0, 0x3f, 0xfa, 0x6e, 0x0, 0x50,
    0xf, 0xe4, 0x20, 0xf, 0xf0, 0xe1, 0x80, 0x7f,
    0xf5, 0x30, 0x1, 0xe0, 0x1f, 0xde, 0x1, 0xfe,
    0x1c, 0x30, 0xf, 0xfe, 0xaa, 0x80, 0x14, 0x3,
    0xf2, 0xa0, 0x7, 0xf1, 0x61, 0x0, 0x7f, 0xf5,
    0xd0, 0x0, 0x80, 0x1e, 0x2b, 0x0, 0xfe, 0x2c,
    0x20, 0xf, 0xfe, 0xc6, 0x0, 0x34, 0x3, 0x87,
    0xc4, 0x3, 0xf1, 0xe0, 0x80, 0x7f, 0xf6, 0x54,
    0x0, 0xe0, 0x18, 0xfc, 0x80, 0x3f, 0x89, 0x40,
    0x3f, 0xfb, 0x44, 0x40, 0x13, 0x0, 0x46, 0x8,
    0x7, 0xf8, 0x6e, 0x8c, 0x3, 0xff, 0xb2, 0x80,
    0xb, 0x6e, 0x70, 0xf, 0xfe, 0x12, 0xe6, 0x21,
    0x8, 0x3, 0xff, 0xab, 0xa0, 0x7, 0x91, 0x0,
    0xff, 0xe0, 0x80,

    /* U+002C "," */
    0x0, 0xff, 0xe8, 0x9e, 0xb0, 0x7, 0xff, 0x9,
    0xf0, 0xa6, 0x40, 0x1f, 0xf0, 0xdc, 0x0, 0x4d,
    0x82, 0x1, 0xf9, 0x3d, 0x0, 0x38, 0xfc, 0x40,
    0x3d, 0x16, 0x20, 0x1f, 0x9, 0x80, 0x62, 0xc7,
    0x0, 0xff, 0x18, 0x4, 0xba, 0x60, 0x1f, 0xf0,
    0x80, 0x54, 0x1, 0xff, 0xc4, 0x10, 0xf, 0xfe,
    0x29, 0x80, 0x7f, 0xf0, 0x44, 0x2, 0x10, 0xf,
    0xfe, 0x9, 0x80, 0x4e, 0x1, 0xff, 0xc1, 0x10,
    0x8, 0x40, 0x3f, 0xf8, 0x2e, 0x1, 0x18, 0x7,
    0xff, 0x4, 0x40, 0x21, 0x0, 0xff, 0xe0, 0x98,
    0x5, 0xe0, 0x1f, 0xfc, 0x11, 0x0, 0x84, 0x3,
    0xff, 0x83, 0xe0, 0x11, 0x80, 0x7f, 0xf0, 0x44,
    0x2, 0x10, 0xf, 0xfe, 0x9, 0x80, 0x4e, 0x1,
    0xff, 0xc1, 0x10, 0x8, 0x40, 0x3f, 0xf8, 0x2e,
    0x1, 0x18, 0x7, 0xff, 0x4, 0x40, 0x21, 0x0,
    0xff, 0xe0, 0x98, 0x0, 0x40, 0x3f, 0xf8, 0x42,
    0x0, 0x30, 0xf, 0xfe, 0x28, 0x80, 0x7f, 0xf0,
    0x44, 0x2, 0x70, 0xf, 0xfe, 0x9, 0x80, 0x42,
    0x1, 0xff, 0xc1, 0x10, 0x8, 0xc0, 0x3f, 0xf8,
    0x2e, 0x1, 0x8, 0x7, 0xff, 0x4, 0x40, 0x2f,
    0x0, 0xff, 0xe0, 0x98, 0x4, 0x20, 0x1f, 0xfc,
    0x11, 0x0, 0x8c, 0x3, 0xff, 0x83, 0xe0, 0x10,
    0x80, 0x7f, 0xf0, 0x44, 0x2, 0x70, 0xf, 0xfe,
    0x28, 0x80, 0x7f, 0xf0, 0x4c, 0x2, 0x30, 0xf,
    0xfe, 0x8, 0x80, 0x42, 0x1, 0xff, 0xc1, 0x70,
    0x8, 0x80, 0x3f, 0xf8, 0x22, 0x1, 0x28, 0x7,
    0xff, 0x4, 0xc0, 0x2b, 0x0, 0xff, 0xe0, 0x88,
    0x4, 0x62, 0x1, 0xff, 0x10, 0x7, 0x38, 0x7,
    0xfc, 0xc0, 0x1d, 0xa0, 0x1f, 0xf6, 0x0, 0x72,
    0x0, 0x7f, 0xca, 0x1, 0xe5, 0x0, 0xfe, 0x42,
    0x0, 0xf7, 0x80, 0x7f, 0x78, 0x7, 0xca, 0x1,
    0xf9, 0x50, 0x3, 0xf2, 0x0, 0x78, 0xac, 0x3,
    0xfb, 0x40, 0x38, 0x7c, 0x40, 0x3f, 0x9c, 0x3,
    0x1f, 0x90, 0x7, 0xf8, 0x4c, 0x1, 0x18, 0x20,
    0x1f, 0xfc, 0xb, 0x6e, 0x70, 0xf, 0xe0,

    /* U+002D "-" */
    0x0, 0xff, 0xf5, 0x4f, 0xff, 0xff, 0x3a, 0x40,
    0x3f, 0xf8, 0x65, 0xac, 0x1, 0xff, 0xce, 0x6c,
    0x10, 0xf, 0xfe, 0x3, 0x69, 0x0, 0x7f, 0xf4,
    0xf, 0xcc, 0x3, 0xf8, 0x6e, 0x40, 0x3f, 0xfa,
    0x63, 0x8c, 0x1, 0xf2, 0x7a, 0x0, 0x7f, 0xf5,
    0xa6, 0x80, 0x3a, 0x2c, 0x40, 0x3f, 0xfb, 0xb,
    0x82, 0x5, 0x8e, 0x1, 0xff, 0xdb, 0x3f, 0x40,
    0x10, 0xf, 0xfe, 0xe9, 0xb9, 0x6a, 0x80, 0x7f,
    0xf6, 0xd7, 0x4c, 0x1, 0x50, 0x1, 0xff, 0xd9,
    0x9a, 0x0, 0xe7, 0xb1, 0x0, 0xff, 0xea, 0x9e,
    0xb0, 0x7, 0xc9, 0x86, 0x1, 0xff, 0xd3, 0x7c,
    0x20, 0xf, 0xe2, 0xc5, 0x0, 0xff, 0xe8, 0xd,
    0xc0, 0x7, 0xff, 0x6, 0xa0, 0x3, 0xff, 0x9c,
    0x9e, 0x80, 0x1f, 0x0,

    /* U+002E "." */
    0x0, 0xff, 0xe0, 0xa7, 0xff, 0xf0, 0x80, 0x80,
    0x7f, 0x8, 0x18, 0x7, 0xfc, 0x20, 0x1f, 0x84,
    0x1, 0xe0, 0x1f, 0x8c, 0x0, 0x20, 0x1f, 0x84,
    0x0, 0x60, 0x1f, 0x9c, 0x0, 0x20, 0x1f, 0x84,
    0x0, 0xe0, 0x1f, 0x8c, 0x0, 0x20, 0x1f, 0x84,
    0x0, 0x60, 0x1f, 0xbc, 0x0, 0x20, 0x1f, 0x84,
    0x3, 0xfe, 0x30, 0x10, 0xf, 0xe1, 0x0,

    /* U+0030 "0" */
    0x0, 0xff, 0xe2, 0x1b, 0xde, 0xf7, 0xff, 0xff,
    0x4f, 0x64, 0x3, 0xff, 0x9a, 0xb9, 0x88, 0x42,
    0x10, 0xf, 0xfe, 0x99, 0x78, 0x1, 0xd4, 0x3,
    0xff, 0x8e, 0x59, 0x46, 0x1, 0xff, 0xd8, 0x16,
    0x1, 0x8a, 0xc2, 0x0, 0xff, 0xe2, 0xc1, 0x80,
    0x7f, 0xf6, 0x98, 0x0, 0xc0, 0x3, 0xd4, 0x0,
    0xff, 0xe2, 0x52, 0x0, 0x7f, 0xf6, 0xa4, 0x1,
    0x40, 0x1a, 0xd0, 0x3, 0xff, 0x80, 0x66, 0x0,
    0x59, 0x80, 0x7f, 0xf6, 0x14, 0x41, 0x8, 0x3,
    0xac, 0x80, 0x3f, 0xc3, 0xb8, 0x60, 0xd, 0x30,
    0xf, 0xfe, 0xbf, 0x0, 0x3c, 0x3, 0xe9, 0x0,
    0xff, 0x58, 0x86, 0x90, 0xe, 0x90, 0x7, 0xff,
    0x54, 0x90, 0x9, 0x0, 0x3e, 0x43, 0x0, 0xfc,
    0x6a, 0x0, 0x1c, 0x20, 0x1c, 0x20, 0xf, 0xfe,
    0xa5, 0x80, 0x2c, 0x3, 0xfa, 0x80, 0x3f, 0x48,
    0x6, 0x1f, 0x10, 0x1f, 0x10, 0xf, 0xfe, 0x90,
    0xb0, 0x1, 0x80, 0x3f, 0x9c, 0x3, 0xf2, 0x80,
    0x71, 0x60, 0x81, 0x60, 0x80, 0x7f, 0xf4, 0x58,
    0x0, 0xe0, 0x1f, 0xe1, 0x10, 0x7, 0x90, 0x3,
    0xe2, 0xd1, 0x2, 0xd0, 0xf, 0xfe, 0x8d, 0x0,
    0x28, 0x3, 0xfe, 0x20, 0xf, 0x18, 0x7, 0xe3,
    0xd0, 0x1, 0xe0, 0x7, 0xff, 0x3d, 0x8, 0x10,
    0x80, 0x3f, 0xe7, 0x0, 0xf7, 0x0, 0x7f, 0x1d,
    0x80, 0xe, 0xc0, 0x3f, 0xf9, 0xde, 0x0, 0xf0,
    0xf, 0xfe, 0x39, 0x0, 0x7f, 0x92, 0xc0, 0x9,
    0xff, 0xff, 0xce, 0x40, 0x24, 0x0, 0xff, 0xe3,
    0xb8, 0x7, 0xfc, 0x94, 0x1, 0xff, 0xd2, 0xb0,
    0xf, 0xfe, 0xb, 0x80, 0x78, 0x40, 0x3f, 0xf8,
    0xa, 0x40, 0x1f, 0xfd, 0x17, 0x0, 0xff, 0xe0,
    0x88, 0x7, 0x8c, 0x3, 0xff, 0x82, 0x60, 0x1f,
    0xfd, 0x11, 0x0, 0xff, 0xe0, 0x98, 0x7, 0x84,
    0x3, 0xff, 0x82, 0x20, 0x1f, 0xfd, 0xf1, 0x0,
    0xff, 0xf2, 0x88, 0x7, 0xff, 0x20, 0x40, 0x3f,
    0xf8, 0x22, 0x1, 0xff, 0xd1, 0x30, 0xf, 0xfe,
    0x8, 0x80, 0x78, 0xc0, 0x3f, 0xf8, 0x26, 0x1,
    0xff, 0xd1, 0x10, 0xf, 0xfe, 0x9, 0x80, 0x78,
    0x40, 0x3f, 0xf8, 0x22, 0x1, 0xff, 0xd1, 0x70,
    0xf, 0xfe, 0x8, 0x80, 0x79, 0xc0, 0x3f, 0xf8,
    0x2e, 0x1, 0xff, 0xd1, 0x20, 0xf, 0xfe, 0xb,
    0x80, 0x78, 0x40, 0x3f, 0xf8, 0x22, 0x1, 0xff,
    0xd1, 0x10, 0xf, 0xfe, 0x8, 0x80, 0x78, 0xc0,
    0x3f, 0xf8, 0x26, 0x1, 0xff, 0xd1, 0xf0, 0xf,
    0xfe, 0x9, 0x80, 0x78, 0x40, 0x3f, 0xf8, 0x22,
    0x1, 0xff, 0xd1, 0x10, 0xf, 0xfe, 0x8, 0x80,
    0x7b, 0xc0, 0x3f, 0xf8, 0x3e, 0x1, 0xff, 0xd1,
    0x30, 0xf, 0xfe, 0xf, 0x80, 0x78, 0x40, 0x3f,
    0xf8, 0x22, 0x1, 0xff, 0xd1, 0x10, 0xf, 0xfe,
    0x8, 0x80, 0x78, 0xc0, 0x3f, 0xf8, 0x26, 0x1,
    0xff, 0xd1, 0x70, 0xf, 0xfe, 0x9, 0x80, 0x79,
    0x80, 0x3f, 0xf8, 0x22, 0x1, 0xff, 0xd1, 0x10,
    0xf, 0xfe, 0x8, 0x80, 0x78, 0x40, 0x3f, 0xf8,
    0x2e, 0x1, 0xff, 0xd1, 0x30, 0xf, 0xfe, 0xb,
    0x0, 0x78, 0xc0, 0x3f, 0xf8, 0x22, 0x1, 0xff,
    0xd1, 0x10, 0xf, 0xfe, 0x9, 0x80, 0x78, 0x40,
    0x3f, 0xf8, 0x26, 0x1, 0xff, 0xdf, 0x10, 0xf,
    0xfe, 0x40, 0x80, 0x7f, 0xf4, 0x4, 0x3, 0xff,
    0x90, 0x20, 0x1f, 0xfc, 0x11, 0x0, 0xff, 0xe8,
    0x98, 0x7, 0xff, 0x4, 0x40, 0x3c, 0x60, 0x1f,
    0xfc, 0x13, 0x0, 0xff, 0xe8, 0x88, 0x7, 0xff,
    0x4, 0xc0, 0x3c, 0x20, 0x1f, 0xfc, 0x11, 0x0,
    0xff, 0xe8, 0xb0, 0x7, 0xff, 0x4, 0x40, 0x3c,
    0xe0, 0x1f, 0xfc, 0x17, 0x0, 0xff, 0xe8, 0x98,
    0x7, 0xff, 0x5, 0xc0, 0x3c, 0x20, 0x1f, 0xfc,
    0x11, 0x0, 0xff, 0xe8, 0x88, 0x7, 0xff, 0x4,
    0x40, 0x3c, 0x60, 0x1f, 0xfc, 0x13, 0x0, 0xff,
    0xe8, 0xf8, 0x7, 0xff, 0x4, 0xc0, 0x3c, 0x20,
    0x1f, 0xfc, 0x11, 0x0, 0xff, 0xe8, 0x88, 0x7,
    0xff, 0x4, 0x40, 0x3d, 0xe0, 0x1f, 0xfc, 0x1f,
    0x0, 0xff, 0xe8, 0x98, 0x7, 0xff, 0x7, 0xc0,
    0x3c, 0x20, 0x1f, 0xfc, 0x11, 0x0, 0xff, 0xe8,
    0x88, 0x7, 0xff, 0x4, 0x40, 0x3c, 0x60, 0x1f,
    0xfc, 0x13, 0x0, 0xff, 0xe8, 0xb8, 0x7, 0xff,
    0x4, 0xc0, 0x3c, 0x20, 0x1f, 0xfc, 0x11, 0x0,
    0xff, 0xe8, 0x88, 0x7, 0xff, 0x4, 0x40, 0x3c,
    0xe0, 0x1f, 0xfc, 0x17, 0x0, 0xff, 0xe8, 0x98,
    0x7, 0xff, 0x5, 0xc0, 0x3c, 0x20, 0x1f, 0xfc,
    0x6, 0x30, 0xf, 0xfe, 0x8c, 0x80, 0x7f, 0xf0,
    0x44, 0x3, 0xc6, 0x1, 0xfe, 0x1a, 0x90, 0xf,
    0xfe, 0x93, 0xd8, 0x80, 0x7f, 0xc6, 0x1, 0xe1,
    0x0, 0xfe, 0x3f, 0x50, 0xf, 0xfe, 0xa2, 0x79,
    0x80, 0x7f, 0x84, 0x3, 0xc4, 0x1, 0xfa, 0x30,
    0x40, 0x3f, 0xfa, 0xc3, 0x8c, 0x1, 0xf8, 0xc0,
    0x3e, 0xd4, 0x0, 0xe1, 0xc7, 0x0, 0xff, 0xed,
    0x4c, 0x80, 0x3c, 0xf8, 0x1, 0xfa, 0xdc, 0x2,
    0x5e, 0x30, 0xf, 0xfe, 0xe3, 0x61, 0x0, 0x6,
    0xe0, 0x3, 0xfd, 0x14, 0x33, 0x40, 0x1f, 0xfd,
    0xf3, 0xc4, 0x47, 0xa0, 0x7, 0xff, 0x1, 0x79,
    0x80, 0x3f, 0xfc, 0x23, 0x76, 0x10, 0xf, 0xff,
    0xf8, 0x7, 0xff, 0xfc, 0x3, 0xff, 0xdc, 0xd6,
    0x20, 0x1f, 0xfe, 0x12, 0xb5, 0x0, 0xff, 0xe0,
    0xd, 0xca, 0x61, 0x80, 0x7f, 0xf7, 0xd7, 0x52,
    0xa0, 0x3, 0xfc, 0x9e, 0x80, 0x2, 0xc5, 0x0,
    0xff, 0xee, 0xd5, 0x0, 0x27, 0xb0, 0xf, 0xcf,
    0x62, 0x1, 0xd5, 0x20, 0x1f, 0xfd, 0xa3, 0xd5,
    0x0, 0xe4, 0xd1, 0x0, 0xf5, 0x0, 0x7e, 0x6c,
    0x10, 0xf, 0xfe, 0xbb, 0xe1, 0x0, 0x7c, 0x46,
    0x1, 0xe3, 0x0, 0xfe, 0x3f, 0x40, 0xf, 0xfe,
    0xa0, 0xdc, 0x0, 0x7f, 0x8c, 0x3, 0xc2, 0x1,
    0xfe, 0x1b, 0x70, 0xf, 0xfe, 0x92, 0x7a, 0x0,
    0x7f, 0xf4, 0xe0, 0x40, 0x3f, 0xfa, 0x36, 0x20,
    0x1f, 0xfc, 0x1, 0x0, 0xff, 0xe4, 0x8, 0x7,
    0xff, 0x40, 0x40, 0x3f, 0xf9, 0x2, 0x1, 0xff,
    0xdf, 0x30, 0xf, 0xfe, 0x8, 0x80, 0x78, 0xc0,
    0x3f, 0xf8, 0x22, 0x1, 0xff, 0xd1, 0x10, 0xf,
    0xfe, 0x9, 0x80, 0x78, 0x40, 0x3f, 0xf8, 0x26,
    0x1, 0xff, 0xd1, 0x70, 0xf, 0xfe, 0x8, 0x80,
    0x79, 0xc0, 0x3f, 0xf8, 0x22, 0x1, 0xff, 0xd1,
    0x10, 0xf, 0xfe, 0xb, 0x80, 0x78, 0x40, 0x3f,
    0xf8, 0x2e, 0x1, 0xff, 0xd1, 0x30, 0xf, 0xfe,
    0x8, 0x80, 0x78, 0xc0, 0x3f, 0xf8, 0x22, 0x1,
    0xff, 0xd1, 0x10, 0xf, 0xfe, 0x9, 0x80, 0x78,
    0x40, 0x3f, 0xf8, 0x26, 0x1, 0xff, 0xd1, 0xf0,
    0xf, 0xfe, 0x8, 0x80, 0x7b, 0xc0, 0x3f, 0xf8,
    0x22, 0x1, 0xff, 0xd1, 0x10, 0xf, 0xfe, 0xf,
    0x80, 0x78, 0x40, 0x3f, 0xf8, 0x3e, 0x1, 0xff,
    0xd1, 0x30, 0xf, 0xfe, 0x8, 0x80, 0x78, 0xc0,
    0x3f, 0xf8, 0x22, 0x1, 0xff, 0xd1, 0x10, 0xf,
    0xfe, 0x9, 0x80, 0x78, 0x40, 0x3f, 0xf8, 0x26,
    0x1, 0xff, 0xd1, 0x70, 0xf, 0xfe, 0x8, 0x80,
    0x79, 0xc0, 0x3f, 0xf8, 0x22, 0x1, 0xff, 0xd1,
    0x10, 0xf, 0xfe, 0xb, 0x80, 0x78, 0x40, 0x3f,
    0xf8, 0x2c, 0x1, 0xff, 0xd1, 0x30, 0xf, 0xfe,
    0x8, 0x80, 0x78, 0xc0, 0x3f, 0xf8, 0x26, 0x1,
    0xff, 0xd1, 0x10, 0xf, 0xfe, 0x9, 0x80, 0x78,
    0x40, 0x3f, 0xf8, 0x22, 0x1, 0xff, 0xdf, 0x10,
    0xf, 0xff, 0x29, 0x0, 0x7f, 0xf2, 0x4, 0x3,
    0xff, 0x82, 0x20, 0x1f, 0xfd, 0x11, 0x0, 0xff,
    0xe0, 0x88, 0x7, 0x8c, 0x3, 0xff, 0x82, 0x60,
    0x1f, 0xfd, 0x17, 0x0, 0xff, 0xe0, 0x98, 0x7,
    0x84, 0x3, 0xff, 0x82, 0x20, 0x1f, 0xfd, 0x11,
    0x0, 0xff, 0xe0, 0x88, 0x7, 0x9c, 0x3, 0xff,
    0x82, 0xe0, 0x1f, 0xfd, 0x13, 0x0, 0xff, 0xe0,
    0xb8, 0x7, 0x84, 0x3, 0xff, 0x82, 0x20, 0x1f,
    0xfd, 0x11, 0x0, 0xff, 0xe0, 0x88, 0x7, 0x8c,
    0x3, 0xff, 0x82, 0x60, 0x1f, 0xfd, 0x1f, 0x0,
    0xff, 0xe0, 0x98, 0x7, 0x84, 0x3, 0xff, 0x82,
    0x20, 0x1f, 0xfd, 0x11, 0x0, 0xff, 0xe0, 0x88,
    0x7, 0xbc, 0x3, 0xff, 0x83, 0xe0, 0x1f, 0xfd,
    0x13, 0x0, 0xff, 0xe0, 0xf8, 0x7, 0x84, 0x3,
    0xff, 0x82, 0x20, 0x1f, 0xfd, 0x11, 0x0, 0xff,
    0xe0, 0x88, 0x7, 0x8c, 0x3, 0xff, 0x82, 0x60,
    0x1f, 0xfd, 0x17, 0x0, 0xff, 0xe4, 0x8, 0x7,
    0xff, 0x4, 0x40, 0x3f, 0xfa, 0x22, 0x1, 0xff,
    0xc1, 0x30, 0xf, 0x38, 0x7, 0xff, 0x5, 0xc0,
    0x3f, 0xfa, 0x26, 0x1, 0xff, 0xc1, 0x10, 0xf,
    0x8, 0x7, 0xff, 0x4, 0x40, 0x3f, 0xfa, 0x22,
    0x1, 0xff, 0xc1, 0x70, 0xf, 0x18, 0x7, 0xff,
    0x1, 0x48, 0x3, 0xff, 0xa2, 0x40, 0x1f, 0xfc,
    0x11, 0x0, 0xf0, 0x80, 0x7f, 0xcd, 0x40, 0x1f,
    0xfd, 0x25, 0x0, 0xff, 0xe0, 0x98, 0x7, 0xff,
    0x15, 0xe4, 0x1, 0x1f, 0xff, 0xfc, 0xde, 0x0,
    0x58, 0x7, 0xff, 0x4, 0x40, 0x3f, 0xf8, 0x91,
    0x0, 0x4, 0xb8, 0x7, 0xff, 0x34, 0x4c, 0xc,
    0x40, 0x3f, 0xe2, 0x0, 0xff, 0xe2, 0x4b, 0x80,
    0x29, 0x80, 0x3f, 0xf9, 0xf6, 0x0, 0x70, 0xf,
    0xf9, 0x80, 0x3e, 0x30, 0xf, 0xa9, 0x80, 0x16,
    0xa0, 0x1f, 0xfd, 0x4, 0x0, 0x68, 0x7, 0xfd,
    0x80, 0x1f, 0x28, 0x7, 0xad, 0x40, 0x16, 0x80,
    0x1f, 0xfd, 0x13, 0x10, 0x40, 0xf, 0xf9, 0x40,
    0x3e, 0xd0, 0xc, 0x38, 0x80, 0xc, 0x40, 0xf,
    0xfe, 0x9b, 0x80, 0x14, 0x3, 0xf9, 0x8, 0x3,
    0xe4, 0x10, 0x0, 0xe1, 0x80, 0xe1, 0x80, 0x7f,
    0xf5, 0x30, 0x1, 0xe0, 0x1f, 0xde, 0x1, 0xfd,
    0x60, 0x58, 0x40, 0x38, 0x60, 0x1f, 0xfd, 0x55,
    0x0, 0x28, 0x7, 0xe5, 0x40, 0xf, 0xe5, 0x6c,
    0x20, 0x2c, 0x20, 0xf, 0xfe, 0xba, 0x0, 0x10,
    0x3, 0xc5, 0x60, 0x1f, 0xf4, 0x88, 0x16, 0x10,
    0x7, 0xff, 0x63, 0x0, 0x1a, 0x1, 0xc3, 0xe2,
    0x1, 0xff, 0xc1, 0x3c, 0x10, 0xf, 0xfe, 0xca,
    0x80, 0x1c, 0x3, 0x1f, 0x90, 0x7, 0xff, 0x8,
    0x94, 0x3, 0xff, 0xb4, 0x44, 0x1, 0x30, 0x4,
    0x60, 0x80, 0x7f, 0xf0, 0xc6, 0xe8, 0xc0, 0x3f,
    0xfb, 0x28, 0x0, 0xb6, 0xe7, 0x0, 0xff, 0xe3,
    0xae, 0x62, 0x10, 0x80, 0x3f, 0xfa, 0xba, 0x0,
    0x79, 0x10, 0xf, 0xfe, 0x8,

    /* U+0031 "1" */
    0x0, 0xff, 0xe0, 0x4b, 0x80, 0x7f, 0xf1, 0x85,
    0xa3, 0x90, 0x3, 0xff, 0x89, 0x20, 0x1, 0xb6,
    0x0, 0xff, 0xe1, 0xb0, 0x6, 0x96, 0x0, 0xff,
    0xe0, 0xb0, 0x80, 0x74, 0x98, 0x7, 0xff, 0x2,
    0x80, 0x3e, 0xf0, 0xf, 0xf8, 0xcc, 0x1, 0xf1,
    0xa0, 0x7, 0xfa, 0x40, 0x3f, 0xb8, 0x3, 0xf8,
    0x54, 0x3, 0xf9, 0x0, 0x3f, 0xa4, 0x3, 0xfc,
    0x22, 0x0, 0xfc, 0xc0, 0x1f, 0xf2, 0x80, 0x7c,
    0xc2, 0x1, 0xff, 0xc7, 0xa0, 0xf, 0xfe, 0x39,
    0x98, 0x3, 0xff, 0x8f, 0x20, 0x1f, 0xfc, 0x17,
    0x0, 0xf2, 0x0, 0x7f, 0xf0, 0x44, 0x3, 0xc2,
    0x1, 0xff, 0xc1, 0x30, 0xf, 0xfe, 0x40, 0x80,
    0x70, 0x80, 0x7f, 0xf2, 0x8, 0x3, 0xff, 0x82,
    0x20, 0x1e, 0x70, 0xf, 0xfe, 0x9, 0x80, 0x78,
    0x40, 0x3f, 0xf8, 0x22, 0x1, 0xe3, 0x0, 0xff,
    0xe0, 0xb8, 0x7, 0x84, 0x3, 0xff, 0x82, 0x20,
    0x1e, 0xf0, 0xf, 0xfe, 0x9, 0x80, 0x78, 0x40,
    0x3f, 0xf8, 0x3c, 0x1, 0xe3, 0x0, 0xff, 0xe0,
    0x88, 0x7, 0x84, 0x3, 0xff, 0x82, 0x60, 0x1e,
    0x70, 0xf, 0xfe, 0x8, 0x80, 0x78, 0x40, 0x3f,
    0xf8, 0x2e, 0x1, 0xe3, 0x0, 0xff, 0xe0, 0x88,
    0x7, 0x84, 0x3, 0xff, 0x82, 0x60, 0x1f, 0xfc,
    0x81, 0x0, 0xe1, 0x0, 0xff, 0xe4, 0x10, 0x7,
    0xff, 0x4, 0x40, 0x3c, 0xe0, 0x1f, 0xfc, 0x13,
    0x0, 0xf0, 0x80, 0x7f, 0xf0, 0x44, 0x3, 0xc6,
    0x1, 0xff, 0xc1, 0x70, 0xf, 0x8, 0x7, 0xff,
    0x4, 0x40, 0x3d, 0xe0, 0x1f, 0xfc, 0x13, 0x0,
    0xf0, 0x80, 0x7f, 0xf0, 0x44, 0x3, 0xc6, 0x1,
    0xff, 0xc1, 0xf0, 0xf, 0x8, 0x7, 0xff, 0x4,
    0x40, 0x3c, 0xe0, 0x1f, 0xfc, 0x13, 0x0, 0xf0,
    0x80, 0x7f, 0xf0, 0x44, 0x3, 0xc6, 0x1, 0xff,
    0xc1, 0x70, 0xf, 0x58, 0x7, 0xff, 0x4, 0x40,
    0x3c, 0xba, 0x40, 0x1f, 0xf1, 0x80, 0x7c, 0x58,
    0x80, 0x1f, 0xe1, 0x0, 0xfc, 0x37, 0x0, 0x1f,
    0x90, 0x3, 0xfe, 0x7b, 0x10, 0xe, 0x8b, 0x0,
    0xff, 0xe0, 0x26, 0x10, 0x0, 0xb1, 0xc0, 0x3f,
    0xf8, 0x45, 0xaa, 0xad, 0x30, 0xf, 0xfe, 0x2d,
    0x50, 0x3, 0xff, 0xfe, 0x1, 0xe3, 0xd6, 0x0,
    0xff, 0xe2, 0xbe, 0x14, 0xc8, 0x3, 0xff, 0x84,
    0x37, 0x0, 0x13, 0x60, 0x80, 0x7f, 0xc9, 0xe8,
    0x1, 0xc7, 0xe2, 0x1, 0xfd, 0x16, 0x20, 0x1f,
    0x9, 0x80, 0x7c, 0x58, 0xe0, 0x1f, 0xe3, 0x0,
    0xf2, 0xe9, 0x80, 0x7f, 0xc2, 0x1, 0xea, 0x0,
    0xff, 0xe3, 0x88, 0x7, 0xff, 0x20, 0xc0, 0x3f,
    0xf8, 0x22, 0x1, 0xe1, 0x0, 0xff, 0xe0, 0x98,
    0x7, 0x9c, 0x3, 0xff, 0x82, 0x20, 0x1e, 0x10,
    0xf, 0xfe, 0xb, 0x80, 0x78, 0xc0, 0x3f, 0xf8,
    0x22, 0x1, 0xe1, 0x0, 0xff, 0xe0, 0x98, 0x7,
    0xbc, 0x3, 0xff, 0x82, 0x20, 0x1e, 0x10, 0xf,
    0xfe, 0xf, 0x80, 0x78, 0xc0, 0x3f, 0xf8, 0x22,
    0x1, 0xe1, 0x0, 0xff, 0xe0, 0x98, 0x7, 0x9c,
    0x3, 0xff, 0x82, 0x20, 0x1e, 0x10, 0xf, 0xfe,
    0xb, 0x80, 0x78, 0xc0, 0x3f, 0xf8, 0x22, 0x1,
    0xe1, 0x0, 0xff, 0xe0, 0x98, 0x7, 0x8, 0x7,
    0xff, 0x8, 0x40, 0x38, 0xc0, 0x3f, 0xf9, 0x2,
    0x1, 0xff, 0xc1, 0x10, 0xf, 0x38, 0x7, 0xff,
    0x4, 0xc0, 0x3c, 0x20, 0x1f, 0xfc, 0x11, 0x0,
    0xf1, 0x80, 0x7f, 0xf0, 0x5c, 0x3, 0xc2, 0x1,
    0xff, 0xc1, 0x10, 0xf, 0x78, 0x7, 0xff, 0x4,
    0xc0, 0x3c, 0x20, 0x1f, 0xfc, 0x11, 0x0, 0xf1,
    0x80, 0x7f, 0xf0, 0x7c, 0x3, 0xc2, 0x1, 0xff,
    0xc1, 0x10, 0xf, 0x38, 0x7, 0xff, 0x20, 0x40,
    0x3f, 0xf8, 0x26, 0x1, 0xe3, 0x0, 0xff, 0xe0,
    0x88, 0x7, 0x84, 0x3, 0xff, 0x82, 0xe0, 0x1e,
    0x20, 0xf, 0xfe, 0x8, 0x80, 0x79, 0x40, 0x3f,
    0xf8, 0x26, 0x1, 0xeb, 0x0, 0xff, 0xe0, 0x88,
    0x7, 0x8c, 0x40, 0x3f, 0xe2, 0x0, 0xfc, 0xe0,
    0x1f, 0xf3, 0x0, 0x7e, 0xd0, 0xf, 0xfb, 0x0,
    0x3f, 0x20, 0x7, 0xfc, 0xa0, 0x1f, 0xca, 0x1,
    0xfc, 0x84, 0x1, 0xfd, 0xe0, 0x1f, 0xde, 0x1,
    0xfe, 0x50, 0xf, 0xca, 0x80, 0x1f, 0xf2, 0x0,
    0x78, 0xac, 0x3, 0xff, 0x81, 0xa0, 0x1c, 0x3e,
    0x20, 0x1f, 0xfc, 0x7, 0x0, 0xc7, 0xe4, 0x1,
    0xff, 0xc1, 0x13, 0x0, 0x46, 0x8, 0x7, 0xff,
    0xe, 0xdb, 0x9c, 0x3, 0xff, 0x80,

    /* U+0032 "2" */
    0x0, 0xff, 0xe2, 0x1b, 0xde, 0xf7, 0xff, 0xff,
    0x4f, 0x64, 0x3, 0xff, 0x9a, 0xb9, 0x88, 0x42,
    0x10, 0xf, 0xfe, 0x99, 0x78, 0x1, 0xd4, 0x3,
    0xff, 0x8e, 0x59, 0x46, 0x1, 0xff, 0xd8, 0x16,
    0x1, 0x8a, 0xc2, 0x0, 0xff, 0xe2, 0xc1, 0x80,
    0x7f, 0xf6, 0x98, 0x0, 0xc0, 0x3, 0xd4, 0x0,
    0xff, 0xe2, 0x52, 0x0, 0x7f, 0xf6, 0xa4, 0x1,
    0x40, 0x1a, 0xd0, 0x3, 0xff, 0x89, 0x66, 0x1,
    0xff, 0xd8, 0x51, 0x4, 0x20, 0xe, 0xb2, 0x0,
    0xff, 0xe2, 0x69, 0x80, 0x7f, 0xf5, 0xf8, 0x1,
    0xe0, 0x1f, 0x48, 0x7, 0xff, 0x10, 0x74, 0x80,
    0x3f, 0xfa, 0xa4, 0x80, 0x48, 0x1, 0xf2, 0x18,
    0x7, 0xff, 0x10, 0x70, 0x80, 0x3f, 0xfa, 0x96,
    0x0, 0xb0, 0xf, 0xea, 0x0, 0xff, 0xe2, 0x8f,
    0x88, 0x7, 0xff, 0x48, 0x58, 0x0, 0xc0, 0x1f,
    0xce, 0x1, 0xff, 0xc6, 0x2c, 0x10, 0xf, 0xfe,
    0x8b, 0x0, 0x1c, 0x3, 0xfc, 0x22, 0x0, 0xff,
    0xe3, 0x16, 0x80, 0x7f, 0xf4, 0x68, 0x1, 0x40,
    0x1f, 0xf1, 0x0, 0x7f, 0xf1, 0xcf, 0x0, 0x3f,
    0xf9, 0xe8, 0x40, 0x84, 0x1, 0xff, 0x38, 0x7,
    0xff, 0x20, 0xec, 0x3, 0xff, 0x9d, 0xe0, 0xf,
    0x0, 0xff, 0xeb, 0x27, 0xff, 0xff, 0x39, 0x0,
    0x90, 0x3, 0xff, 0xe7, 0x60, 0x1f, 0xfc, 0x17,
    0x0, 0xff, 0xf3, 0x38, 0x7, 0xff, 0x4, 0x40,
    0x3f, 0xfc, 0xc2, 0x1, 0xff, 0xc1, 0x30, 0xf,
    0xff, 0xa0, 0x80, 0x7f, 0xf9, 0x44, 0x3, 0xff,
    0xe8, 0x60, 0x1f, 0xfc, 0x11, 0x0, 0xff, 0xf3,
    0x8, 0x7, 0xff, 0x4, 0xc0, 0x3f, 0xfc, 0xce,
    0x1, 0xff, 0xc1, 0x10, 0xf, 0xff, 0x31, 0x0,
    0x7f, 0xf0, 0x5c, 0x3, 0xff, 0xcc, 0x20, 0x1f,
    0xfc, 0x11, 0x0, 0xff, 0xf3, 0x78, 0x7, 0xff,
    0x4, 0xc0, 0x3f, 0xfc, 0xc2, 0x1, 0xff, 0xc1,
    0x10, 0xf, 0xff, 0x31, 0x80, 0x7f, 0xf0, 0x7c,
    0x3, 0xff, 0xcc, 0x20, 0x1f, 0xfc, 0x11, 0x0,
    0xff, 0xf3, 0x38, 0x7, 0xff, 0x4, 0xc0, 0x3f,
    0xfc, 0xc2, 0x1, 0xff, 0xc1, 0x10, 0xf, 0xff,
    0x31, 0x80, 0x7f, 0xf0, 0x58, 0x3, 0xff, 0xcc,
    0x20, 0x1f, 0xfc, 0x13, 0x0, 0xff, 0xfa, 0x8,
    0x7, 0xff, 0x94, 0x40, 0x3f, 0xfe, 0x86, 0x1,
    0xff, 0xc1, 0x10, 0xf, 0xff, 0x30, 0x80, 0x7f,
    0xf0, 0x4c, 0x3, 0xff, 0xcc, 0xc0, 0x1f, 0xfc,
    0x11, 0x0, 0xff, 0xf3, 0x18, 0x7, 0xff, 0x5,
    0xc0, 0x3f, 0xfc, 0xc2, 0x1, 0xff, 0xc1, 0x10,
    0xf, 0xff, 0x37, 0x80, 0x7f, 0xf0, 0x4c, 0x3,
    0xff, 0xcc, 0x20, 0x1f, 0xfc, 0x11, 0x0, 0xff,
    0xf3, 0x18, 0x7, 0xff, 0x7, 0xc0, 0x3f, 0xfc,
    0xc2, 0x1, 0xff, 0xc1, 0x10, 0xf, 0xff, 0x33,
    0x80, 0x7f, 0xf0, 0x4c, 0x3, 0xff, 0xcc, 0x20,
    0x1f, 0xfc, 0x11, 0x0, 0xff, 0xf3, 0x18, 0x7,
    0xff, 0x5, 0xc0, 0x3f, 0xfc, 0xd2, 0x1, 0xff,
    0xc1, 0x10, 0xf, 0xff, 0x33, 0xe0, 0x80, 0x7f,
    0xc6, 0x1, 0xff, 0xc9, 0x9f, 0xff, 0xfe, 0x74,
    0x80, 0xf, 0xcc, 0x3, 0xfc, 0x20, 0x1f, 0xfc,
    0x72, 0xd6, 0x0, 0xff, 0xe7, 0x36, 0x8, 0xe,
    0x30, 0x7, 0xe3, 0x0, 0xff, 0xe3, 0xb6, 0x90,
    0x7, 0xff, 0x40, 0xfc, 0xc0, 0x13, 0x40, 0x1e,
    0x7c, 0x0, 0xff, 0xe2, 0x8d, 0xc8, 0x7, 0xff,
    0x4c, 0x71, 0x80, 0xb, 0x84, 0x0, 0x1b, 0x80,
    0xf, 0xfe, 0x2a, 0x7a, 0x0, 0x7f, 0xf5, 0xa6,
    0x80, 0x7, 0x88, 0x8f, 0x40, 0xf, 0xfe, 0x2c,
    0x58, 0x80, 0x7f, 0xf6, 0x17, 0x4, 0x6, 0xec,
    0x20, 0x1f, 0xfc, 0x42, 0xc7, 0x0, 0xff, 0xed,
    0x9f, 0xa0, 0x7, 0xff, 0x24, 0x40, 0x3f, 0xfb,
    0xa6, 0xe0, 0x1f, 0xfc, 0x82, 0xd5, 0x0, 0xff,
    0xed, 0xae, 0x98, 0x7, 0xff, 0x15, 0xec, 0x40,
    0x15, 0x0, 0x1f, 0xfd, 0x99, 0xa0, 0xf, 0xfe,
    0x28, 0xdc, 0x26, 0x18, 0x1, 0xec, 0x40, 0x3f,
    0xfa, 0xa7, 0xac, 0x1, 0xff, 0xc5, 0x4f, 0x40,
    0x1, 0x63, 0x0, 0x13, 0xc, 0x3, 0xff, 0xa6,
    0xf8, 0x40, 0x1f, 0xfc, 0x57, 0xb1, 0x0, 0xe9,
    0x90, 0x0, 0xb1, 0x40, 0x3f, 0xfa, 0x3, 0x70,
    0x1, 0xff, 0xc7, 0xa0, 0xf, 0xcd, 0x82, 0x0,
    0xa8, 0x0, 0xff, 0xe7, 0x27, 0xa0, 0x7, 0xff,
    0x20, 0xc0, 0x3f, 0x8f, 0xd0, 0x0, 0xff, 0xff,
    0xfc, 0xeb, 0x10, 0xf, 0xfe, 0x48, 0x80, 0x7f,
    0x86, 0xdc, 0x3, 0xff, 0xe9, 0x2, 0x1, 0xff,
    0xf4, 0x10, 0xf, 0xff, 0x28, 0x80, 0x7f, 0xfd,
    0xc, 0x3, 0xff, 0x82, 0x20, 0x1f, 0xfe, 0x61,
    0x0, 0xff, 0xe0, 0x98, 0x7, 0xff, 0x99, 0xc0,
    0x3f, 0xf8, 0x22, 0x1, 0xff, 0xe6, 0x10, 0xf,
    0xfe, 0xb, 0x80, 0x7f, 0xf9, 0x8c, 0x3, 0xff,
    0x82, 0x20, 0x1f, 0xfe, 0x61, 0x0, 0xff, 0xe0,
    0x98, 0x7, 0xff, 0x9b, 0xc0, 0x3f, 0xf8, 0x22,
    0x1, 0xff, 0xe6, 0x10, 0xf, 0xfe, 0xf, 0x80,
    0x7f, 0xf9, 0x8c, 0x3, 0xff, 0x82, 0x20, 0x1f,
    0xfe, 0x61, 0x0, 0xff, 0xe0, 0x98, 0x7, 0xff,
    0x99, 0xc0, 0x3f, 0xf8, 0x22, 0x1, 0xff, 0xe6,
    0x10, 0xf, 0xfe, 0xb, 0x0, 0x7f, 0xf9, 0x8c,
    0x3, 0xff, 0x82, 0x60, 0x1f, 0xfe, 0x61, 0x0,
    0xff, 0xe0, 0x88, 0x7, 0xff, 0xfc, 0x3, 0xff,
    0xb6, 0x20, 0x1f, 0xfc, 0x11, 0x0, 0xff, 0xf3,
    0x18, 0x7, 0xff, 0x4, 0xc0, 0x3f, 0xfc, 0xc2,
    0x1, 0xff, 0xc1, 0x10, 0xf, 0xff, 0x33, 0x80,
    0x7f, 0xf0, 0x5c, 0x3, 0xff, 0xcc, 0x20, 0x1f,
    0xfc, 0x11, 0x0, 0xff, 0xf3, 0x18, 0x7, 0xff,
    0x4, 0xc0, 0x3f, 0xfc, 0xc2, 0x1, 0xff, 0xc1,
    0x10, 0xf, 0xff, 0x37, 0x80, 0x7f, 0xf0, 0x7c,
    0x3, 0xff, 0xcc, 0x20, 0x1f, 0xfc, 0x11, 0x0,
    0xff, 0xf3, 0x18, 0x7, 0xff, 0x4, 0xc0, 0x3f,
    0xfc, 0xc2, 0x1, 0xff, 0xc1, 0x10, 0xf, 0xff,
    0x33, 0x80, 0x7f, 0xf0, 0x5c, 0x3, 0xff, 0xcc,
    0x20, 0x1f, 0xfc, 0x11, 0x0, 0xff, 0xf3, 0x18,
    0x7, 0xff, 0x1, 0x48, 0x3, 0xff, 0xcc, 0x20,
    0x1f, 0xf3, 0x50, 0x7, 0xff, 0xc9, 0xe4, 0x1,
    0x1f, 0xff, 0xfc, 0xde, 0x0, 0xff, 0xea, 0xc4,
    0x0, 0x12, 0xe0, 0x1f, 0xfc, 0xd1, 0x30, 0xf,
    0xfe, 0x9c, 0xb8, 0x2, 0x98, 0x3, 0xff, 0x9f,
    0x60, 0x1f, 0xfc, 0xa3, 0x0, 0xfa, 0x98, 0x1,
    0x6a, 0x1, 0xff, 0xd0, 0x40, 0xf, 0xfe, 0x52,
    0x80, 0x7a, 0xd4, 0x1, 0x68, 0x1, 0xff, 0xd1,
    0x31, 0x0, 0xff, 0xe4, 0xe8, 0x6, 0x1c, 0x40,
    0x6, 0x20, 0x7, 0xff, 0x4d, 0xc0, 0x3f, 0xf9,
    0x28, 0x20, 0x1, 0xc3, 0x1, 0xc3, 0x0, 0xff,
    0xea, 0x60, 0x7, 0xff, 0x2a, 0xc0, 0xb0, 0x80,
    0x70, 0xc0, 0x3f, 0xfa, 0xaa, 0x1, 0xff, 0xca,
    0x56, 0xc2, 0x2, 0xc2, 0x0, 0xff, 0xeb, 0xa0,
    0x7, 0xff, 0x2a, 0x44, 0xb, 0x8, 0x3, 0xff,
    0xb1, 0x80, 0x1f, 0xfc, 0xc3, 0xc1, 0x0, 0xff,
    0xec, 0xa8, 0x7, 0xff, 0x30, 0x94, 0x3, 0xff,
    0xb4, 0x44, 0x0, 0xff, 0xe5, 0x8d, 0xd1, 0x80,
    0x7f, 0xf6, 0x50, 0x3, 0xff, 0x9a, 0xb9, 0x88,
    0x42, 0x0, 0xff, 0xea, 0xe8, 0x7, 0xff, 0x18,

    /* U+0033 "3" */
    0x0, 0xff, 0x8d, 0xef, 0x7b, 0xff, 0xff, 0xa7,
    0xb2, 0x1, 0xff, 0xc8, 0x5c, 0xc4, 0x21, 0x8,
    0x7, 0xff, 0x4c, 0xbc, 0x0, 0xea, 0x1, 0xff,
    0xc2, 0x2c, 0xa3, 0x0, 0xff, 0xec, 0xb, 0x0,
    0xc5, 0x61, 0x0, 0x7f, 0xf0, 0x20, 0xc0, 0x3f,
    0xfb, 0x4c, 0x0, 0x60, 0x1, 0xea, 0x0, 0x7f,
    0xd4, 0x80, 0x1f, 0xfd, 0xa9, 0x0, 0x50, 0x6,
    0xb4, 0x0, 0xff, 0xac, 0xc0, 0x3f, 0xfb, 0xa,
    0x20, 0x84, 0x1, 0xd6, 0x40, 0x1f, 0xf6, 0x98,
    0x7, 0xff, 0x5f, 0x80, 0x1e, 0x1, 0xf4, 0x80,
    0x7f, 0xc3, 0xa4, 0x1, 0xff, 0xd5, 0x24, 0x2,
    0x40, 0xf, 0x90, 0xc0, 0x3f, 0xe1, 0xc2, 0x0,
    0xff, 0xea, 0x58, 0x2, 0xc0, 0x3f, 0xa8, 0x3,
    0xff, 0x80, 0x3e, 0x20, 0x1f, 0xfd, 0x21, 0x60,
    0x3, 0x0, 0x7f, 0x38, 0x7, 0xff, 0x4, 0xb0,
    0x40, 0x3f, 0xfa, 0x2c, 0x0, 0x70, 0xf, 0xf0,
    0x88, 0x3, 0xff, 0x82, 0x5a, 0x1, 0xff, 0xd1,
    0xa0, 0x5, 0x0, 0x7f, 0xc4, 0x1, 0xff, 0xc2,
    0x3c, 0x0, 0xff, 0xe7, 0xa1, 0x2, 0x10, 0x7,
    0xfc, 0xe0, 0x1f, 0xfc, 0x33, 0xb0, 0xf, 0xfe,
    0x77, 0x80, 0x3c, 0x3, 0xff, 0xa2, 0x9f, 0xff,
    0xfc, 0xe4, 0x2, 0x40, 0xf, 0xff, 0x75, 0x80,
    0x7f, 0xf0, 0x5c, 0x3, 0xff, 0xc2, 0xe0, 0x1f,
    0xfc, 0x11, 0x0, 0xff, 0xf0, 0x88, 0x7, 0xff,
    0x4, 0xc0, 0x3f, 0xfd, 0xe2, 0x1, 0xff, 0xe0,
    0x10, 0xf, 0xff, 0x79, 0x80, 0x7f, 0xf0, 0x44,
    0x3, 0xff, 0xc2, 0x20, 0x1f, 0xfc, 0x13, 0x0,
    0xff, 0xf0, 0xb8, 0x7, 0xff, 0x4, 0x40, 0x3f,
    0xfc, 0x24, 0x1, 0xff, 0xc1, 0x70, 0xf, 0xff,
    0x8, 0x80, 0x7f, 0xf0, 0x44, 0x3, 0xff, 0xc3,
    0xe0, 0x1f, 0xfc, 0x13, 0x0, 0xff, 0xf0, 0x88,
    0x7, 0xff, 0x4, 0x40, 0x3f, 0xfc, 0x26, 0x1,
    0xff, 0xc1, 0xf0, 0xf, 0xff, 0x8, 0x80, 0x7f,
    0xf0, 0x44, 0x3, 0xff, 0xc2, 0xe0, 0x1f, 0xfc,
    0x13, 0x0, 0xff, 0xf0, 0x88, 0x7, 0xff, 0x4,
    0x40, 0x3f, 0xfc, 0x26, 0x1, 0xff, 0xc1, 0x60,
    0xf, 0xff, 0x8, 0x80, 0x7f, 0xf0, 0x4c, 0x3,
    0xff, 0xde, 0x20, 0x1f, 0xfe, 0x1, 0x0, 0xff,
    0xf7, 0x98, 0x7, 0xff, 0x4, 0x40, 0x3f, 0xfc,
    0x22, 0x1, 0xff, 0xc1, 0x30, 0xf, 0xff, 0xb,
    0x0, 0x7f, 0xf0, 0x44, 0x3, 0xff, 0xc2, 0x60,
    0x1f, 0xfc, 0x17, 0x0, 0xff, 0xf0, 0x88, 0x7,
    0xff, 0x4, 0x40, 0x3f, 0xfc, 0x3e, 0x1, 0xff,
    0xc1, 0x30, 0xf, 0xff, 0x8, 0x80, 0x7f, 0xf0,
    0x44, 0x3, 0xff, 0xc2, 0x60, 0x1f, 0xfc, 0x1f,
    0x0, 0xff, 0xf0, 0x88, 0x7, 0xff, 0x4, 0x40,
    0x3f, 0xfc, 0x2e, 0x1, 0xff, 0xc1, 0x30, 0xf,
    0xff, 0x8, 0x80, 0x7f, 0xf0, 0x44, 0x3, 0xff,
    0xc2, 0x60, 0x1f, 0xfc, 0x17, 0x0, 0xff, 0xf0,
    0xc8, 0x7, 0xff, 0x4, 0x40, 0x3f, 0xfc, 0x2f,
    0x82, 0x1, 0xff, 0x18, 0x7, 0xff, 0x12, 0x7f,
    0xff, 0xf9, 0xd2, 0x0, 0x3f, 0x30, 0xf, 0xf0,
    0x80, 0x7f, 0xf0, 0x8b, 0x58, 0x3, 0xff, 0x9c,
    0xd8, 0x20, 0x38, 0xc0, 0x1f, 0x8c, 0x3, 0xff,
    0x84, 0xda, 0x40, 0x1f, 0xfd, 0x3, 0xf3, 0x0,
    0x4d, 0x0, 0x79, 0xf0, 0x3, 0xff, 0x80, 0x37,
    0x20, 0x1f, 0xfd, 0x31, 0xc6, 0x0, 0x2e, 0x10,
    0x0, 0x6e, 0x0, 0x3f, 0xf8, 0x9, 0xe8, 0x1,
    0xff, 0xd6, 0x9a, 0x0, 0x1e, 0x22, 0x3d, 0x0,
    0x3f, 0xf8, 0x11, 0x62, 0x1, 0xff, 0xd8, 0x5c,
    0x10, 0x1b, 0xb0, 0x80, 0x7f, 0xc5, 0x8e, 0x1,
    0xff, 0xdb, 0x3f, 0x40, 0xf, 0xfe, 0x20, 0x80,
    0x7f, 0xf7, 0x4d, 0xc0, 0x3f, 0xf8, 0x65, 0xaa,
    0x1, 0xff, 0xdb, 0x5d, 0x30, 0xf, 0xfe, 0x2d,
    0x40, 0x7, 0xff, 0x66, 0x68, 0x0, 0x58, 0xa0,
    0x1f, 0xfc, 0x37, 0xb1, 0x0, 0xff, 0xea, 0x9e,
    0xb0, 0x1, 0x74, 0xea, 0x0, 0x3f, 0xf8, 0x69,
    0x86, 0x1, 0xff, 0xd3, 0x7c, 0x20, 0x5, 0x50,
    0x2, 0x7b, 0x0, 0xff, 0xe1, 0x96, 0x28, 0x7,
    0xff, 0x40, 0x6e, 0x0, 0x7, 0xaa, 0x1, 0xc9,
    0xa2, 0x1, 0xff, 0xc3, 0xa8, 0x0, 0xff, 0xe7,
    0x27, 0xa0, 0x1, 0xf0, 0x80, 0x3e, 0x23, 0x0,
    0xff, 0xe2, 0x3f, 0xff, 0xff, 0x3a, 0xc4, 0x6,
    0xe0, 0x3, 0xfc, 0x60, 0x1f, 0xfe, 0x14, 0xf4,
    0x0, 0xff, 0xf6, 0xd8, 0x80, 0x7f, 0xf0, 0x4,
    0x3, 0xff, 0xc0, 0x20, 0x1f, 0xfe, 0xf3, 0x0,
    0xff, 0xe0, 0x88, 0x7, 0xff, 0x84, 0x40, 0x3f,
    0xf8, 0x26, 0x1, 0xff, 0xe1, 0x70, 0xf, 0xfe,
    0x8, 0x80, 0x7f, 0xf8, 0x44, 0x3, 0xff, 0x82,
    0xe0, 0x1f, 0xfe, 0x13, 0x0, 0xff, 0xe0, 0x88,
    0x7, 0xff, 0x84, 0x40, 0x3f, 0xf8, 0x26, 0x1,
    0xff, 0xe1, 0xf0, 0xf, 0xfe, 0x8, 0x80, 0x7f,
    0xf8, 0x44, 0x3, 0xff, 0x83, 0xe0, 0x1f, 0xfe,
    0x13, 0x0, 0xff, 0xe0, 0x88, 0x7, 0xff, 0x84,
    0x40, 0x3f, 0xf8, 0x26, 0x1, 0xff, 0xe1, 0x70,
    0xf, 0xfe, 0x8, 0x80, 0x7f, 0xf8, 0x44, 0x3,
    0xff, 0x82, 0xe0, 0x1f, 0xfe, 0x13, 0x0, 0xff,
    0xe0, 0x88, 0x7, 0xff, 0x84, 0x40, 0x3f, 0xf8,
    0x26, 0x1, 0xff, 0xef, 0x10, 0xf, 0xff, 0x1,
    0x0, 0x7f, 0xfb, 0xc4, 0x3, 0xff, 0x82, 0x20,
    0x1f, 0xfe, 0x17, 0x0, 0xff, 0xe0, 0x98, 0x7,
    0xff, 0x84, 0x40, 0x3f, 0xf8, 0x22, 0x1, 0xff,
    0xe1, 0x30, 0xf, 0xfe, 0xb, 0x80, 0x7f, 0xf8,
    0x44, 0x3, 0xff, 0x82, 0x20, 0x1f, 0xfe, 0x1f,
    0x0, 0xff, 0xe0, 0x98, 0x7, 0xff, 0x84, 0x40,
    0x3f, 0xf8, 0x22, 0x1, 0xff, 0xe1, 0x30, 0xf,
    0xfe, 0xf, 0x80, 0x7f, 0xf8, 0x44, 0x3, 0xff,
    0x82, 0x20, 0x1f, 0xfe, 0x17, 0x0, 0xff, 0xf7,
    0x88, 0x7, 0xff, 0x4, 0xc0, 0x3f, 0xfc, 0x26,
    0x1, 0xff, 0xc1, 0x10, 0xf, 0xff, 0x8, 0x80,
    0x7f, 0xf0, 0x5c, 0x3, 0xff, 0xc2, 0x40, 0x1f,
    0xfc, 0x11, 0x0, 0xff, 0xf0, 0xa8, 0x7, 0xff,
    0x4, 0xc0, 0x3f, 0xf8, 0x91, 0xff, 0xff, 0xcd,
    0xe0, 0x5, 0x80, 0x7f, 0xf0, 0x44, 0x3, 0xff,
    0x87, 0x2e, 0x1, 0xff, 0xcd, 0x13, 0x3, 0x10,
    0xf, 0xf8, 0x80, 0x3f, 0xf8, 0x74, 0xc0, 0x1f,
    0xfc, 0xfb, 0x0, 0x38, 0x7, 0xfc, 0xc0, 0x1f,
    0xfc, 0x2b, 0x50, 0xf, 0xfe, 0x82, 0x0, 0x34,
    0x3, 0xfe, 0xc0, 0xf, 0xfe, 0xd, 0xa0, 0x7,
    0xff, 0x44, 0xc4, 0x10, 0x3, 0xfe, 0x50, 0xf,
    0xfe, 0x6, 0x20, 0x7, 0xff, 0x4d, 0xc0, 0xa,
    0x1, 0xfc, 0x84, 0x1, 0xfe, 0x1c, 0x30, 0xf,
    0xfe, 0xa6, 0x0, 0x3c, 0x3, 0xfb, 0xc0, 0x3f,
    0xc3, 0x86, 0x1, 0xff, 0xd5, 0x50, 0x2, 0x80,
    0x7e, 0x54, 0x0, 0xfe, 0x2c, 0x20, 0xf, 0xfe,
    0xba, 0x0, 0x10, 0x3, 0xc5, 0x60, 0x1f, 0xc5,
    0x84, 0x1, 0xff, 0xd8, 0xc0, 0x6, 0x80, 0x70,
    0xf8, 0x80, 0x7e, 0x3c, 0x10, 0xf, 0xfe, 0xca,
    0x80, 0x1c, 0x3, 0x1f, 0x90, 0x7, 0xf1, 0x28,
    0x7, 0xff, 0x68, 0x88, 0x2, 0x60, 0x8, 0xc1,
    0x0, 0xff, 0xd, 0xd1, 0x80, 0x7f, 0xf6, 0x50,
    0x1, 0x6d, 0xce, 0x1, 0xff, 0xc2, 0x5c, 0xc4,
    0x21, 0x0, 0x7f, 0xf5, 0x74, 0x0, 0xf2, 0x20,
    0x1f, 0xfc, 0x10,

    /* U+0034 "4" */
    0x0, 0xff, 0xf4, 0xc3, 0x0, 0x7f, 0xfb, 0xc5,
    0xe7, 0x4c, 0x3, 0xff, 0xda, 0xc0, 0x2, 0xc5,
    0x0, 0xff, 0xf6, 0x48, 0x6, 0xa5, 0x0, 0xfe,
    0x44, 0x0, 0x7f, 0xf7, 0xd4, 0x40, 0x3a, 0x88,
    0x3, 0xe1, 0xab, 0x40, 0xf, 0xfe, 0xf4, 0x80,
    0x7d, 0xc0, 0x1f, 0x50, 0x85, 0x98, 0x7, 0xff,
    0x70, 0xcc, 0x1, 0xf1, 0xa0, 0x7, 0x1a, 0x0,
    0x5a, 0x60, 0x1f, 0xfd, 0xb9, 0x0, 0xfe, 0xe0,
    0xe, 0x80, 0xc, 0x3a, 0x40, 0x1f, 0xfd, 0x91,
    0x50, 0xf, 0xe4, 0x0, 0xe4, 0x0, 0xe1, 0xc2,
    0x0, 0xff, 0xec, 0x30, 0x7, 0xf8, 0x44, 0x1,
    0x28, 0x7, 0xc3, 0xe2, 0x1, 0xff, 0xd7, 0x90,
    0xf, 0xf8, 0x80, 0x22, 0x0, 0xfc, 0x58, 0x20,
    0x1f, 0xfd, 0x55, 0x10, 0xf, 0xf9, 0xc0, 0x2d,
    0x0, 0xfe, 0x2d, 0x10, 0xf, 0xfe, 0xa4, 0x80,
    0x7f, 0xf1, 0x4, 0x3, 0xfc, 0x7a, 0x1, 0xff,
    0xd3, 0x33, 0x0, 0x7f, 0xf1, 0x1c, 0x3, 0xfe,
    0x3b, 0x0, 0xff, 0xe9, 0x48, 0x7, 0xff, 0x5,
    0xc0, 0x21, 0x0, 0xff, 0xe0, 0x21, 0x0, 0x7f,
    0xf4, 0x50, 0x3, 0xff, 0x82, 0x20, 0x11, 0x80,
    0x7f, 0xf0, 0x4c, 0x3, 0xff, 0xa2, 0x20, 0x1f,
    0xfc, 0x13, 0x0, 0x84, 0x3, 0xff, 0x82, 0x20,
    0x1f, 0xfd, 0xf1, 0x0, 0xff, 0xf1, 0x8, 0x7,
    0xff, 0x14, 0x40, 0x3f, 0xf8, 0x22, 0x1, 0xff,
    0xd1, 0x30, 0xf, 0xfe, 0x8, 0x80, 0x46, 0x1,
    0xff, 0xc1, 0x30, 0xf, 0xfe, 0x8b, 0x0, 0x7f,
    0xf0, 0x4c, 0x2, 0x10, 0xf, 0xfe, 0x8, 0x80,
    0x7f, 0xf4, 0x44, 0x3, 0xff, 0x82, 0x20, 0x13,
    0x80, 0x7f, 0xf0, 0x5c, 0x3, 0xff, 0xa2, 0x60,
    0x1f, 0xfc, 0x17, 0x0, 0x84, 0x3, 0xff, 0x82,
    0x20, 0x1f, 0xfd, 0x11, 0x0, 0xff, 0xe0, 0x88,
    0x4, 0x60, 0x1f, 0xfc, 0x13, 0x0, 0xff, 0xe8,
    0xf8, 0x7, 0xff, 0x4, 0xc0, 0x21, 0x0, 0xff,
    0xe0, 0x88, 0x7, 0xff, 0x44, 0x40, 0x3f, 0xf8,
    0x22, 0x1, 0x78, 0x7, 0xff, 0x7, 0xc0, 0x3f,
    0xfa, 0x26, 0x1, 0xff, 0xc1, 0xf0, 0x8, 0x80,
    0x3f, 0xf8, 0x22, 0x1, 0xff, 0xd1, 0x10, 0xf,
    0xfe, 0x8, 0x80, 0x42, 0x1, 0xff, 0xc1, 0x30,
    0xf, 0xfe, 0x8b, 0x80, 0x7f, 0xf0, 0x48, 0x2,
    0x70, 0xf, 0xfe, 0x8, 0x80, 0x7f, 0xf4, 0x44,
    0x3, 0xff, 0x82, 0xe0, 0x10, 0x80, 0x7f, 0xf0,
    0x5c, 0x3, 0xff, 0xa2, 0x60, 0x1f, 0xfc, 0x11,
    0x0, 0x8c, 0x3, 0xff, 0x82, 0x20, 0x1f, 0xfd,
    0x11, 0x0, 0xff, 0xe0, 0x98, 0x4, 0x20, 0x1f,
    0xfc, 0x13, 0x0, 0xff, 0xef, 0x88, 0x7, 0xff,
    0x14, 0x40, 0x3f, 0xfa, 0x2, 0x1, 0xff, 0xc5,
    0x10, 0xf, 0xfe, 0x8, 0x80, 0x7f, 0xf4, 0x4c,
    0x3, 0xff, 0x82, 0x20, 0x11, 0x80, 0x7f, 0xf0,
    0x4c, 0x3, 0xff, 0xa2, 0xc0, 0x1f, 0xfc, 0x13,
    0x0, 0x84, 0x3, 0xff, 0x82, 0x20, 0x1f, 0xfd,
    0x11, 0x0, 0xff, 0xe0, 0x88, 0x4, 0xe0, 0x1f,
    0xfc, 0x17, 0x0, 0xff, 0xe8, 0x98, 0x7, 0xff,
    0x5, 0xc0, 0x21, 0x0, 0xff, 0xe0, 0x88, 0x7,
    0xff, 0x44, 0x40, 0x3f, 0xf8, 0x22, 0x1, 0x18,
    0x7, 0xff, 0x4, 0xc0, 0x3f, 0xfa, 0x3e, 0x1,
    0xff, 0xc1, 0x30, 0x8, 0x40, 0x3f, 0xf8, 0x22,
    0x1, 0xff, 0xd1, 0x10, 0xf, 0xfe, 0x8, 0x80,
    0x5e, 0x1, 0xff, 0xc1, 0xf0, 0xf, 0xfe, 0x89,
    0x80, 0x7f, 0xf0, 0x7c, 0x2, 0x10, 0xf, 0xfe,
    0x8, 0x80, 0x7f, 0xf4, 0x44, 0x3, 0xff, 0x82,
    0x20, 0x11, 0x80, 0x7f, 0xf0, 0x4c, 0x3, 0xff,
    0xa2, 0xe0, 0x1f, 0xfc, 0x13, 0x0, 0x84, 0x3,
    0xff, 0x82, 0x20, 0x1f, 0xfd, 0x11, 0x0, 0xff,
    0xe0, 0x88, 0x4, 0xe0, 0x1f, 0xfc, 0x17, 0x0,
    0xff, 0xe8, 0x98, 0x7, 0xff, 0x5, 0xc0, 0x21,
    0x0, 0xff, 0xe0, 0x31, 0x80, 0x7f, 0xf4, 0x60,
    0x3, 0xff, 0x82, 0x20, 0x11, 0x80, 0x7f, 0x86,
    0xe4, 0x3, 0xff, 0xa4, 0xd8, 0x20, 0x1f, 0xf1,
    0x80, 0x42, 0x1, 0xfc, 0x9e, 0x80, 0x9, 0xff,
    0xff, 0xe7, 0x48, 0x0, 0xfc, 0xc0, 0x3f, 0xc2,
    0x1, 0x10, 0x7, 0xe8, 0xb1, 0x2, 0xd6, 0x0,
    0xff, 0xe7, 0x36, 0x8, 0xe, 0x30, 0x7, 0xe3,
    0x0, 0xda, 0xa0, 0x1c, 0x58, 0xe0, 0x6, 0xd2,
    0x0, 0xff, 0xe8, 0x1f, 0x98, 0x2, 0x68, 0x3,
    0xcf, 0x80, 0x1d, 0x50, 0x1, 0x2e, 0x98, 0xd,
    0xc8, 0x7, 0xff, 0x4c, 0x71, 0x80, 0xb, 0xa4,
    0x0, 0x1b, 0x80, 0xf, 0x9e, 0xc6, 0xa8, 0x0,
    0x4f, 0x40, 0xf, 0xfe, 0xb4, 0xd0, 0x0, 0xb1,
    0x11, 0xe8, 0x1, 0xfc, 0x9c, 0xa0, 0x8, 0xb1,
    0x0, 0xff, 0xec, 0x2e, 0x8, 0xd, 0xd8, 0x40,
    0x3f, 0xf8, 0x25, 0x8e, 0x1, 0xff, 0xdb, 0x3f,
    0x40, 0xf, 0xfe, 0x30, 0x80, 0x7f, 0xf7, 0x4d,
    0xc0, 0x3f, 0xf8, 0xa5, 0xaa, 0x1, 0xff, 0xdb,
    0x5d, 0x30, 0xf, 0xfe, 0x3d, 0x40, 0x7, 0xff,
    0x66, 0x68, 0x0, 0x58, 0xa0, 0x1f, 0xfc, 0x57,
    0xb1, 0x0, 0xff, 0xea, 0x9e, 0xb0, 0x1, 0x74,
    0xea, 0x0, 0x3f, 0xf8, 0xa9, 0x86, 0x1, 0xff,
    0xd3, 0x7c, 0x20, 0x5, 0x50, 0x2, 0x7b, 0x0,
    0xff, 0xe2, 0x96, 0x28, 0x7, 0xff, 0x40, 0x6e,
    0x0, 0x7, 0xaa, 0x1, 0xc9, 0xa2, 0x1, 0xff,
    0xc5, 0xa8, 0x0, 0xff, 0xe7, 0x27, 0xa0, 0x1,
    0xf0, 0x80, 0x3e, 0x23, 0x0, 0xff, 0xe3, 0x3f,
    0xff, 0xff, 0x3a, 0xc4, 0x6, 0xe0, 0x3, 0xfc,
    0x60, 0x1f, 0xfe, 0x34, 0xf4, 0x0, 0xff, 0xf7,
    0xd8, 0x80, 0x7f, 0xf0, 0x4, 0x3, 0xff, 0xc4,
    0x20, 0x1f, 0xff, 0x13, 0x0, 0xff, 0xe0, 0x88,
    0x7, 0xff, 0x8c, 0x40, 0x3f, 0xf8, 0x26, 0x1,
    0xff, 0xe3, 0x70, 0xf, 0xfe, 0x8, 0x80, 0x7f,
    0xf8, 0xc4, 0x3, 0xff, 0x82, 0xe0, 0x1f, 0xfe,
    0x33, 0x0, 0xff, 0xe0, 0x88, 0x7, 0xff, 0x8c,
    0x40, 0x3f, 0xf8, 0x26, 0x1, 0xff, 0xe3, 0xf0,
    0xf, 0xfe, 0x8, 0x80, 0x7f, 0xf8, 0xc4, 0x3,
    0xff, 0x83, 0xe0, 0x1f, 0xfe, 0x33, 0x0, 0xff,
    0xe0, 0x88, 0x7, 0xff, 0x8c, 0x40, 0x3f, 0xf8,
    0x26, 0x1, 0xff, 0xe3, 0x70, 0xf, 0xfe, 0x8,
    0x80, 0x7f, 0xf8, 0xc4, 0x3, 0xff, 0x82, 0xe0,
    0x1f, 0xfe, 0x33, 0x0, 0xff, 0xe0, 0x88, 0x7,
    0xff, 0x8c, 0x40, 0x3f, 0xf8, 0x26, 0x1, 0xff,
    0xf1, 0x10, 0xf, 0xff, 0x10, 0x80, 0x7f, 0xfc,
    0x48, 0x3, 0xff, 0x82, 0x20, 0x1f, 0xfe, 0x37,
    0x0, 0xff, 0xe0, 0x98, 0x7, 0xff, 0x8c, 0x40,
    0x3f, 0xf8, 0x22, 0x1, 0xff, 0xe3, 0x30, 0xf,
    0xfe, 0xb, 0x80, 0x7f, 0xf8, 0xc4, 0x3, 0xff,
    0x82, 0x20, 0x1f, 0xfe, 0x3f, 0x0, 0xff, 0xe0,
    0x98, 0x7, 0xff, 0x8c, 0x40, 0x3f, 0xf8, 0x22,
    0x1, 0xff, 0xe3, 0x30, 0xf, 0xff, 0x88, 0x80,
    0x7f, 0xf0, 0x7c, 0x3, 0xff, 0xc6, 0xe0, 0x1f,
    0xfc, 0x11, 0x0, 0xff, 0xf1, 0x88, 0x7, 0xff,
    0x4, 0xc0, 0x3f, 0xfc, 0x66, 0x1, 0xff, 0xc1,
    0x10, 0xf, 0xff, 0x18, 0x80, 0x7f, 0xf0, 0x5c,
    0x3, 0xff, 0xc6, 0x40, 0x1f, 0xfc, 0x11, 0x0,
    0xff, 0xf1, 0xa8, 0x7, 0xff, 0x4, 0xc0, 0x3f,
    0xfc, 0x76, 0x1, 0xff, 0xc1, 0x10, 0xf, 0xff,
    0x19, 0x88, 0x7, 0xfc, 0x40, 0x1f, 0xfe, 0x57,
    0x0, 0xff, 0x98, 0x3, 0xff, 0xcb, 0xa0, 0x1f,
    0xf6, 0x0, 0x7f, 0xf9, 0x50, 0x3, 0xfe, 0x50,
    0xf, 0xff, 0x32, 0x80, 0x7f, 0x19, 0x0, 0x7f,
    0xf9, 0xb0, 0x3, 0xfa, 0x0, 0x3f, 0xfc, 0xee,
    0x1, 0xf9, 0x10, 0x1, 0xff, 0xe7, 0x13, 0x0,
    0xf0, 0xd0, 0x7, 0xff, 0xa6, 0xc0, 0x38, 0x70,
    0x40, 0x3f, 0xfd, 0x2a, 0x1, 0x8b, 0x8, 0x3,
    0xff, 0xd4, 0x44, 0x0, 0x36, 0x90, 0x7, 0xff,
    0xb2, 0x97, 0x64, 0x3, 0xff, 0xdc, 0xf4, 0x40,
    0x1f, 0xfc, 0x10,

    /* U+0035 "5" */
    0x0, 0xff, 0xe0, 0x9b, 0xde, 0xf7, 0xff, 0xff,
    0x4f, 0x64, 0x3, 0xff, 0x8e, 0xb9, 0x88, 0x42,
    0x10, 0xf, 0xfe, 0x99, 0x78, 0x7, 0xff, 0x14,
    0xb2, 0x8c, 0x3, 0xff, 0xb0, 0x2c, 0x1, 0xff,
    0xc5, 0x83, 0x0, 0xff, 0xed, 0x30, 0x7, 0xff,
    0x1a, 0x90, 0x3, 0xff, 0xb5, 0x20, 0x1f, 0xfc,
    0x33, 0x30, 0x2, 0xcc, 0x3, 0xff, 0xb0, 0xa2,
    0x1, 0xff, 0xc2, 0x1d, 0xc3, 0x0, 0x69, 0x80,
    0x7f, 0xf5, 0xf8, 0x3, 0xff, 0x87, 0x62, 0x1a,
    0x40, 0x3a, 0x40, 0x1f, 0xfd, 0x52, 0x40, 0xf,
    0xfe, 0x11, 0xa8, 0x0, 0x70, 0x80, 0x70, 0x80,
    0x3f, 0xfa, 0x96, 0x1, 0xff, 0xc3, 0x90, 0xc,
    0x3e, 0x20, 0x3e, 0x20, 0x1f, 0xfd, 0x21, 0x60,
    0xf, 0xfe, 0x1a, 0x80, 0x71, 0x60, 0x81, 0x60,
    0x80, 0x7f, 0xf4, 0x58, 0x3, 0xff, 0x86, 0x80,
    0x1f, 0x16, 0x8, 0x16, 0x80, 0x7f, 0xf4, 0x68,
    0x3, 0xff, 0x86, 0x60, 0x1f, 0x8b, 0x40, 0x7,
    0x80, 0x1f, 0xfc, 0xf4, 0x20, 0xf, 0xfe, 0x1f,
    0x0, 0x7f, 0x1d, 0x80, 0xe, 0xc0, 0x3f, 0xf9,
    0xde, 0x1, 0xff, 0xc4, 0x20, 0xf, 0xf2, 0x58,
    0x1, 0x3f, 0xff, 0xf9, 0xc8, 0x1, 0xff, 0xc4,
    0x70, 0xf, 0xf9, 0x28, 0x3, 0xff, 0xc2, 0x20,
    0x1f, 0xfc, 0x5, 0x30, 0xf, 0xff, 0x1, 0x80,
    0x7f, 0xf0, 0x48, 0x3, 0xff, 0xc0, 0x20, 0x1f,
    0xfc, 0x11, 0x0, 0xff, 0xff, 0x80, 0x7f, 0xf3,
    0xc4, 0x3, 0xff, 0x82, 0x20, 0x1f, 0xfe, 0x3,
    0x0, 0xff, 0xe0, 0x98, 0x7, 0xff, 0x80, 0x40,
    0x3f, 0xf8, 0x22, 0x1, 0xff, 0xe0, 0x70, 0xf,
    0xfe, 0xb, 0x80, 0x7f, 0xf8, 0x4, 0x3, 0xff,
    0x82, 0x20, 0x1f, 0xfe, 0x3, 0x0, 0xff, 0xe0,
    0x98, 0x7, 0xff, 0x80, 0x40, 0x3f, 0xf8, 0x22,
    0x1, 0xff, 0xe0, 0xf0, 0xf, 0xfe, 0xf, 0x80,
    0x7f, 0xf8, 0x4, 0x3, 0xff, 0x82, 0x20, 0x1f,
    0xfe, 0x3, 0x0, 0xff, 0xe0, 0x98, 0x7, 0xff,
    0x81, 0x80, 0x3f, 0xf8, 0x22, 0x1, 0xff, 0xe0,
    0x10, 0xf, 0xfe, 0xb, 0x80, 0x7f, 0xf8, 0xc,
    0x3, 0xff, 0x82, 0x20, 0x1f, 0xfe, 0x1, 0x0,
    0xff, 0xe0, 0x98, 0x7, 0xff, 0xb8, 0x40, 0x3f,
    0xfb, 0xe2, 0x1, 0xff, 0xc1, 0x10, 0xf, 0xff,
    0x1, 0x80, 0x7f, 0xf0, 0x4c, 0x3, 0xff, 0xc0,
    0x20, 0x1f, 0xfc, 0x11, 0x0, 0xff, 0xf0, 0x38,
    0x7, 0xff, 0x5, 0xc0, 0x3f, 0xfc, 0x2, 0x1,
    0xff, 0xc1, 0x10, 0xf, 0xff, 0x1, 0x80, 0x7f,
    0xf0, 0x4c, 0x3, 0xff, 0xc0, 0x20, 0x1f, 0xfc,
    0x11, 0x0, 0xff, 0xf0, 0x78, 0x7, 0xff, 0x7,
    0xc0, 0x3f, 0xfc, 0x2, 0x1, 0xff, 0xc1, 0x10,
    0xf, 0xff, 0x1, 0x80, 0x7f, 0xf0, 0x4c, 0x3,
    0xff, 0xc0, 0x20, 0x1f, 0xfc, 0x11, 0x0, 0xff,
    0xf0, 0x38, 0x7, 0xff, 0x5, 0xc0, 0x3f, 0xfc,
    0x2, 0x1, 0xff, 0xc0, 0x63, 0x0, 0xff, 0xf0,
    0x18, 0x7, 0xf8, 0x6e, 0x40, 0x3f, 0xfc, 0x22,
    0x1, 0xfc, 0x9e, 0x80, 0x9, 0xff, 0xff, 0xe7,
    0x48, 0x7, 0xff, 0x10, 0x80, 0x3f, 0x45, 0x88,
    0x16, 0xb0, 0x7, 0xff, 0x39, 0xb0, 0x40, 0x3f,
    0xf8, 0x5a, 0xa0, 0x1c, 0x58, 0xe0, 0x6, 0xd2,
    0x0, 0xff, 0xe8, 0x1f, 0x98, 0x7, 0xff, 0xa,
    0xa0, 0x2, 0x5d, 0x30, 0x1b, 0x90, 0xf, 0xfe,
    0x98, 0xe3, 0x0, 0x7f, 0xf0, 0x9e, 0xc6, 0xa8,
    0x0, 0x4f, 0x40, 0xf, 0xfe, 0xb4, 0xd0, 0x7,
    0xff, 0x9, 0x39, 0x40, 0x11, 0x62, 0x1, 0xff,
    0xd8, 0x5c, 0x10, 0xf, 0xfe, 0x19, 0x63, 0x80,
    0x7f, 0xf6, 0xcf, 0xd0, 0x3, 0xff, 0x86, 0x20,
    0x1f, 0xfd, 0xd3, 0x70, 0xf, 0xfe, 0x11, 0x6a,
    0x80, 0x7f, 0xf6, 0xd7, 0x4c, 0x3, 0xff, 0x89,
    0x50, 0x1, 0xff, 0xd9, 0x9a, 0x0, 0x16, 0x28,
    0x7, 0xff, 0x9, 0xec, 0x40, 0x3f, 0xfa, 0xa7,
    0xac, 0x0, 0x5d, 0x3a, 0x80, 0xf, 0xfe, 0x12,
    0x61, 0x80, 0x7f, 0xf4, 0xdf, 0x8, 0x1, 0x54,
    0x0, 0x9e, 0xc0, 0x3f, 0xf8, 0x45, 0x8a, 0x1,
    0xff, 0xd0, 0x1b, 0x80, 0x1, 0xea, 0x80, 0x72,
    0x68, 0x80, 0x7f, 0xf0, 0xaa, 0x0, 0x3f, 0xf9,
    0xc9, 0xe8, 0x0, 0x7c, 0x20, 0xf, 0x88, 0xc0,
    0x3f, 0xf8, 0x6f, 0xff, 0xff, 0xce, 0xb1, 0x1,
    0xb8, 0x0, 0xff, 0x18, 0x7, 0xff, 0x81, 0x3d,
    0x0, 0x3f, 0xfd, 0x96, 0x20, 0x1f, 0xfc, 0x1,
    0x0, 0xff, 0xef, 0x88, 0x7, 0xff, 0xb8, 0xc0,
    0x3f, 0xf8, 0x22, 0x1, 0xff, 0xe0, 0x10, 0xf,
    0xfe, 0x9, 0x80, 0x7f, 0xf8, 0x1c, 0x3, 0xff,
    0x82, 0x20, 0x1f, 0xfe, 0x1, 0x0, 0xff, 0xe0,
    0xb8, 0x7, 0xff, 0x80, 0xc0, 0x3f, 0xf8, 0x22,
    0x1, 0xff, 0xe0, 0x10, 0xf, 0xfe, 0x9, 0x80,
    0x7f, 0xf8, 0x3c, 0x3, 0xff, 0x82, 0x20, 0x1f,
    0xfe, 0x1, 0x0, 0xff, 0xe0, 0xf8, 0x7, 0xff,
    0x80, 0xc0, 0x3f, 0xf8, 0x22, 0x1, 0xff, 0xe0,
    0x10, 0xf, 0xfe, 0x9, 0x80, 0x7f, 0xf8, 0x1c,
    0x3, 0xff, 0x82, 0x20, 0x1f, 0xfe, 0x1, 0x0,
    0xff, 0xe0, 0xb8, 0x7, 0xff, 0x80, 0xc0, 0x3f,
    0xf8, 0x22, 0x1, 0xff, 0xe0, 0x10, 0xf, 0xfe,
    0x9, 0x80, 0x7f, 0xfb, 0x84, 0x3, 0xff, 0xbe,
    0x40, 0x1f, 0xfe, 0xe1, 0x0, 0xff, 0xe0, 0x88,
    0x7, 0xff, 0x81, 0xc0, 0x3f, 0xf8, 0x26, 0x1,
    0xff, 0xe0, 0x10, 0xf, 0xfe, 0x8, 0x80, 0x7f,
    0xf8, 0xc, 0x3, 0xff, 0x82, 0xe0, 0x1f, 0xfe,
    0x1, 0x0, 0xff, 0xe0, 0x88, 0x7, 0xff, 0x83,
    0xc0, 0x3f, 0xf8, 0x26, 0x1, 0xff, 0xe0, 0x10,
    0xf, 0xfe, 0x8, 0x80, 0x7f, 0xf8, 0xc, 0x3,
    0xff, 0x83, 0xe0, 0x1f, 0xfe, 0x1, 0x0, 0xff,
    0xe0, 0x88, 0x7, 0xff, 0x81, 0xc0, 0x3f, 0xfd,
    0xc2, 0x1, 0xff, 0xc1, 0x30, 0xf, 0xff, 0x1,
    0x80, 0x7f, 0xf0, 0x44, 0x3, 0xff, 0xc0, 0x20,
    0x1f, 0xfc, 0x17, 0x0, 0xff, 0xf0, 0x10, 0x7,
    0xff, 0x4, 0x40, 0x3f, 0xfc, 0xa, 0x1, 0xff,
    0xc1, 0x30, 0xf, 0xfe, 0x1c, 0x7f, 0xff, 0xf3,
    0x78, 0x1, 0x60, 0x1f, 0xfc, 0x11, 0x0, 0xff,
    0xe1, 0x4b, 0x80, 0x7f, 0xf3, 0x44, 0xc0, 0xc4,
    0x3, 0xfe, 0x20, 0xf, 0xfe, 0x15, 0x30, 0x7,
    0xff, 0x3e, 0xc0, 0xe, 0x1, 0xff, 0x30, 0x7,
    0xff, 0x6, 0xd4, 0x3, 0xff, 0xa0, 0x80, 0xd,
    0x0, 0xff, 0xb0, 0x3, 0xff, 0x81, 0x68, 0x1,
    0xff, 0xd1, 0x31, 0x4, 0x0, 0xff, 0x94, 0x3,
    0xfe, 0xc4, 0x0, 0xff, 0xe9, 0xb8, 0x1, 0x40,
    0x3f, 0x90, 0x80, 0x3f, 0x87, 0xc, 0x3, 0xff,
    0xa9, 0x80, 0xf, 0x0, 0xfe, 0xf0, 0xf, 0xe1,
    0xc3, 0x0, 0xff, 0xea, 0xa8, 0x1, 0x40, 0x3f,
    0x2a, 0x0, 0x7e, 0x2c, 0x20, 0xf, 0xfe, 0xba,
    0x0, 0x10, 0x3, 0xc5, 0x60, 0x1f, 0x8b, 0x8,
    0x3, 0xff, 0xb1, 0x80, 0xd, 0x0, 0xe1, 0xf1,
    0x0, 0xf8, 0xf0, 0x40, 0x3f, 0xfb, 0x2a, 0x0,
    0x70, 0xc, 0x7e, 0x40, 0x1f, 0x89, 0x40, 0x3f,
    0xfb, 0x44, 0x40, 0x13, 0x0, 0x46, 0x8, 0x7,
    0xf0, 0xdd, 0x18, 0x7, 0xff, 0x65, 0x0, 0x16,
    0xdc, 0xe0, 0x1f, 0xfc, 0x15, 0xcc, 0x42, 0x10,
    0x7, 0xff, 0x57, 0x40, 0xf, 0x22, 0x1, 0xfe,

    /* U+0036 "6" */
    0x0, 0xff, 0xe2, 0x1b, 0xde, 0xf7, 0xff, 0xff,
    0x4f, 0x64, 0x3, 0xff, 0x94, 0xb9, 0x88, 0x42,
    0x10, 0xf, 0xfe, 0x99, 0x78, 0x7, 0xff, 0x20,
    0xb2, 0x8c, 0x3, 0xff, 0xb0, 0x2c, 0x1, 0xff,
    0xc8, 0x83, 0x0, 0xff, 0xed, 0x30, 0x7, 0xff,
    0x26, 0x90, 0x3, 0xff, 0xb5, 0x20, 0x1f, 0xfc,
    0x63, 0x30, 0x2, 0xcc, 0x3, 0xff, 0xb0, 0xa2,
    0x1, 0xff, 0xc5, 0x1d, 0xc3, 0x0, 0x69, 0x80,
    0x7f, 0xf5, 0xf8, 0x3, 0xff, 0x8d, 0x62, 0x1a,
    0x40, 0x3a, 0x40, 0x1f, 0xfd, 0x52, 0x40, 0xf,
    0xfe, 0x29, 0xa8, 0x0, 0x70, 0x80, 0x70, 0x80,
    0x3f, 0xfa, 0x96, 0x1, 0xff, 0xc6, 0x90, 0xc,
    0x3e, 0x20, 0x3e, 0x20, 0x1f, 0xfd, 0x21, 0x60,
    0xf, 0xfe, 0x32, 0x80, 0x71, 0x60, 0x81, 0x60,
    0x80, 0x7f, 0xf4, 0x58, 0x3, 0xff, 0x8c, 0x80,
    0x1f, 0x16, 0x8, 0x16, 0x80, 0x7f, 0xf4, 0x68,
    0x3, 0xff, 0x8c, 0x60, 0x1f, 0x8b, 0x40, 0x7,
    0x80, 0x1f, 0xfc, 0xf4, 0x20, 0xf, 0xfe, 0x37,
    0x0, 0x7f, 0x1d, 0x80, 0xe, 0xc0, 0x3f, 0xf9,
    0xde, 0x1, 0xff, 0xc7, 0x20, 0xf, 0xf2, 0x58,
    0x1, 0x3f, 0xff, 0xf9, 0xc8, 0x1, 0xff, 0xc7,
    0x70, 0xf, 0xf9, 0x28, 0x3, 0xff, 0xc8, 0x20,
    0x1f, 0xfc, 0x5, 0x30, 0xf, 0xff, 0x19, 0x80,
    0x7f, 0xf0, 0x48, 0x3, 0xff, 0xc6, 0x20, 0x1f,
    0xfc, 0x11, 0x0, 0xff, 0xff, 0x80, 0x7f, 0xf5,
    0x44, 0x3, 0xff, 0x82, 0x20, 0x1f, 0xfe, 0x33,
    0x0, 0xff, 0xe0, 0x98, 0x7, 0xff, 0x8c, 0x40,
    0x3f, 0xf8, 0x22, 0x1, 0xff, 0xe3, 0x70, 0xf,
    0xfe, 0xb, 0x80, 0x7f, 0xf8, 0xc4, 0x3, 0xff,
    0x82, 0x20, 0x1f, 0xfe, 0x33, 0x0, 0xff, 0xe0,
    0x98, 0x7, 0xff, 0x8c, 0x40, 0x3f, 0xf8, 0x22,
    0x1, 0xff, 0xe3, 0xf0, 0xf, 0xfe, 0xf, 0x80,
    0x7f, 0xf8, 0xc4, 0x3, 0xff, 0x82, 0x20, 0x1f,
    0xfe, 0x33, 0x0, 0xff, 0xe0, 0x98, 0x7, 0xff,
    0x8d, 0x80, 0x3f, 0xf8, 0x22, 0x1, 0xff, 0xe3,
    0x10, 0xf, 0xfe, 0xb, 0x80, 0x7f, 0xf8, 0xcc,
    0x3, 0xff, 0x82, 0x20, 0x1f, 0xfe, 0x31, 0x0,
    0xff, 0xe0, 0x98, 0x7, 0xff, 0xc4, 0x40, 0x3f,
    0xfc, 0x42, 0x1, 0xff, 0xc1, 0x10, 0xf, 0xff,
    0x19, 0x80, 0x7f, 0xf0, 0x4c, 0x3, 0xff, 0xc6,
    0x20, 0x1f, 0xfc, 0x11, 0x0, 0xff, 0xf1, 0xb8,
    0x7, 0xff, 0x5, 0xc0, 0x3f, 0xfc, 0x62, 0x1,
    0xff, 0xc1, 0x10, 0xf, 0xff, 0x19, 0x80, 0x7f,
    0xf0, 0x4c, 0x3, 0xff, 0xc6, 0x20, 0x1f, 0xfc,
    0x11, 0x0, 0xff, 0xf1, 0xf8, 0x7, 0xff, 0x7,
    0xc0, 0x3f, 0xfc, 0x62, 0x1, 0xff, 0xc1, 0x10,
    0xf, 0xff, 0x19, 0x80, 0x7f, 0xf0, 0x4c, 0x3,
    0xff, 0xc6, 0x20, 0x1f, 0xfc, 0x11, 0x0, 0xff,
    0xf1, 0xb8, 0x7, 0xff, 0x5, 0xc0, 0x3f, 0xfc,
    0x62, 0x1, 0xff, 0xc0, 0x63, 0x0, 0xff, 0xf1,
    0x98, 0x7, 0xf8, 0x6e, 0x40, 0x3f, 0xfc, 0x82,
    0x1, 0xfc, 0x9e, 0x80, 0x9, 0xff, 0xff, 0xe7,
    0x48, 0x7, 0xff, 0x1c, 0x80, 0x3f, 0x45, 0x88,
    0x16, 0xb0, 0x7, 0xff, 0x39, 0xb0, 0x40, 0x3f,
    0xf8, 0xba, 0xa0, 0x1c, 0x58, 0xe0, 0x6, 0xd2,
    0x0, 0xff, 0xe8, 0x1f, 0x98, 0x7, 0xff, 0x16,
    0xa0, 0x2, 0x5d, 0x30, 0x1b, 0x90, 0xf, 0xfe,
    0x98, 0xe3, 0x0, 0x7f, 0xf1, 0x5e, 0xc6, 0xa8,
    0x0, 0x4f, 0x40, 0xf, 0xfe, 0xb4, 0xd0, 0x7,
    0xff, 0x15, 0x39, 0x40, 0x11, 0x62, 0x1, 0xff,
    0xd8, 0x5c, 0x10, 0xf, 0xfe, 0x31, 0x63, 0x80,
    0x7f, 0xf6, 0xcf, 0xd0, 0x3, 0xff, 0x8c, 0x20,
    0x1f, 0xfd, 0xd3, 0x70, 0xf, 0xfe, 0x29, 0x6a,
    0x80, 0x7f, 0xf6, 0xd7, 0x4c, 0x3, 0xff, 0x84,
    0xf6, 0x20, 0xa, 0x80, 0xf, 0xfe, 0xcc, 0xd0,
    0x0, 0xb1, 0x40, 0x3f, 0x86, 0xe1, 0x30, 0xc0,
    0xf, 0x62, 0x1, 0xff, 0xd5, 0x3d, 0x60, 0x2,
    0xe9, 0xd4, 0x0, 0x7c, 0x9e, 0x80, 0x2, 0xc6,
    0x0, 0x26, 0x18, 0x7, 0xff, 0x4d, 0xf0, 0x80,
    0x15, 0x40, 0x9, 0xec, 0x3, 0x9e, 0xc4, 0x3,
    0xa6, 0x40, 0x2, 0xc5, 0x0, 0xff, 0xe8, 0xd,
    0xc0, 0x0, 0xf5, 0x40, 0x39, 0x34, 0x40, 0x2a,
    0x0, 0xfc, 0xd8, 0x20, 0xa, 0x80, 0xf, 0xfe,
    0x72, 0x7a, 0x0, 0x1f, 0x8, 0x3, 0xe2, 0x30,
    0x8, 0xc0, 0x3f, 0x8f, 0xd0, 0x0, 0xff, 0xff,
    0xfc, 0xeb, 0x10, 0x1b, 0x80, 0xf, 0xf1, 0x80,
    0x42, 0x1, 0xfe, 0x1b, 0x70, 0xf, 0xfe, 0x92,
    0x7a, 0x0, 0x7f, 0xf4, 0x20, 0x40, 0x3f, 0xfa,
    0x36, 0x20, 0x1f, 0xfc, 0x1, 0x0, 0xff, 0xe2,
    0x88, 0x7, 0xff, 0x40, 0x40, 0x3f, 0xf8, 0xa2,
    0x1, 0xff, 0xdf, 0x30, 0xf, 0xfe, 0x8, 0x80,
    0x46, 0x1, 0xff, 0xc1, 0x10, 0xf, 0xfe, 0x88,
    0x80, 0x7f, 0xf0, 0x4c, 0x2, 0x10, 0xf, 0xfe,
    0x9, 0x80, 0x7f, 0xf4, 0x5c, 0x3, 0xff, 0x82,
    0x20, 0x13, 0x80, 0x7f, 0xf0, 0x44, 0x3, 0xff,
    0xa2, 0x20, 0x1f, 0xfc, 0x17, 0x0, 0x84, 0x3,
    0xff, 0x82, 0xe0, 0x1f, 0xfd, 0x13, 0x0, 0xff,
    0xe0, 0x88, 0x4, 0x60, 0x1f, 0xfc, 0x11, 0x0,
    0xff, 0xe8, 0x88, 0x7, 0xff, 0x4, 0xc0, 0x21,
    0x0, 0xff, 0xe0, 0x98, 0x7, 0xff, 0x47, 0xc0,
    0x3f, 0xf8, 0x22, 0x1, 0x78, 0x7, 0xff, 0x4,
    0x40, 0x3f, 0xfa, 0x22, 0x1, 0xff, 0xc1, 0xf0,
    0x8, 0x40, 0x3f, 0xf8, 0x3e, 0x1, 0xff, 0xd1,
    0x30, 0xf, 0xfe, 0x8, 0x80, 0x46, 0x1, 0xff,
    0xc1, 0x10, 0xf, 0xfe, 0x88, 0x80, 0x7f, 0xf0,
    0x4c, 0x2, 0x10, 0xf, 0xfe, 0x9, 0x80, 0x7f,
    0xf4, 0x5c, 0x3, 0xff, 0x82, 0x20, 0x13, 0x80,
    0x7f, 0xf0, 0x44, 0x3, 0xff, 0xa2, 0x20, 0x1f,
    0xfc, 0x17, 0x0, 0x84, 0x3, 0xff, 0x82, 0xc0,
    0x1f, 0xfd, 0x13, 0x0, 0xff, 0xe0, 0x88, 0x4,
    0x60, 0x1f, 0xfc, 0x13, 0x0, 0xff, 0xe8, 0x88,
    0x7, 0xff, 0x4, 0xc0, 0x21, 0x0, 0xff, 0xe0,
    0x88, 0x7, 0xff, 0x7c, 0x40, 0x3f, 0xfc, 0x44,
    0x1, 0xff, 0xc5, 0x10, 0xf, 0xfe, 0x8, 0x80,
    0x7f, 0xf4, 0x44, 0x3, 0xff, 0x82, 0x20, 0x11,
    0x80, 0x7f, 0xf0, 0x4c, 0x3, 0xff, 0xa2, 0xe0,
    0x1f, 0xfc, 0x13, 0x0, 0x84, 0x3, 0xff, 0x82,
    0x20, 0x1f, 0xfd, 0x11, 0x0, 0xff, 0xe0, 0x88,
    0x4, 0xe0, 0x1f, 0xfc, 0x17, 0x0, 0xff, 0xe8,
    0x98, 0x7, 0xff, 0x5, 0xc0, 0x21, 0x0, 0xff,
    0xe0, 0x88, 0x7, 0xff, 0x44, 0x40, 0x3f, 0xf8,
    0x22, 0x1, 0x18, 0x7, 0xff, 0x4, 0xc0, 0x3f,
    0xfa, 0x3e, 0x1, 0xff, 0xc1, 0x30, 0x8, 0x40,
    0x3f, 0xf8, 0x22, 0x1, 0xff, 0xd1, 0x10, 0xf,
    0xfe, 0x8, 0x80, 0x5e, 0x1, 0xff, 0xc1, 0xf0,
    0xf, 0xfe, 0x89, 0x80, 0x7f, 0xf0, 0x7c, 0x2,
    0x10, 0xf, 0xfe, 0x8, 0x80, 0x7f, 0xf4, 0x44,
    0x3, 0xff, 0x82, 0x20, 0x11, 0x80, 0x7f, 0xf0,
    0x4c, 0x3, 0xff, 0xa2, 0xe0, 0x1f, 0xfc, 0x51,
    0x0, 0xff, 0xe0, 0x88, 0x7, 0xff, 0x44, 0x40,
    0x3f, 0xf8, 0x26, 0x1, 0x38, 0x7, 0xff, 0x5,
    0xc0, 0x3f, 0xfa, 0x26, 0x1, 0xff, 0xc1, 0x10,
    0x8, 0x40, 0x3f, 0xf8, 0x22, 0x1, 0xff, 0xd1,
    0x10, 0xf, 0xfe, 0xb, 0x80, 0x46, 0x1, 0xff,
    0xc0, 0x52, 0x0, 0xff, 0xe8, 0x90, 0x7, 0xff,
    0x4, 0x40, 0x21, 0x0, 0xff, 0x9a, 0x80, 0x3f,
    0xfa, 0x4a, 0x1, 0xff, 0xc1, 0x30, 0xf, 0xfe,
    0x13, 0xc8, 0x2, 0x3f, 0xff, 0xf9, 0xbc, 0x0,
    0xb0, 0xf, 0xfe, 0x8, 0x80, 0x7f, 0xf0, 0x62,
    0x0, 0x9, 0x70, 0xf, 0xfe, 0x68, 0x98, 0x18,
    0x80, 0x7f, 0xc4, 0x1, 0xff, 0xc1, 0x97, 0x0,
    0x53, 0x0, 0x7f, 0xf3, 0xec, 0x0, 0xe0, 0x1f,
    0xf3, 0x0, 0x63, 0x0, 0xfa, 0x98, 0x1, 0x6a,
    0x1, 0xff, 0xd0, 0x40, 0x6, 0x80, 0x7f, 0xd8,
    0x1, 0x94, 0x3, 0xd6, 0xa0, 0xb, 0x40, 0xf,
    0xfe, 0x89, 0x88, 0x20, 0x7, 0xfc, 0xa0, 0x1b,
    0x40, 0x30, 0xe2, 0x0, 0x31, 0x0, 0x3f, 0xfa,
    0x6e, 0x0, 0x50, 0xf, 0xe4, 0x20, 0xc, 0x82,
    0x0, 0x1c, 0x30, 0x1c, 0x30, 0xf, 0xfe, 0xa6,
    0x0, 0x3c, 0x3, 0xfb, 0xc0, 0x3d, 0x60, 0x58,
    0x40, 0x38, 0x60, 0x1f, 0xfd, 0x55, 0x0, 0x28,
    0x7, 0xe5, 0x40, 0xf, 0x2b, 0x61, 0x1, 0x61,
    0x0, 0x7f, 0xf5, 0xd0, 0x0, 0x80, 0x1e, 0x2b,
    0x0, 0xfd, 0x22, 0x5, 0x84, 0x1, 0xff, 0xd8,
    0xc0, 0x6, 0x80, 0x70, 0xf8, 0x80, 0x7f, 0x8f,
    0x4, 0x3, 0xff, 0xb2, 0xa0, 0x7, 0x0, 0xc7,
    0xe4, 0x1, 0xff, 0x12, 0x80, 0x7f, 0xf6, 0x88,
    0x80, 0x26, 0x0, 0x8c, 0x10, 0xf, 0xfe, 0x0,
    0xdd, 0x18, 0x7, 0xff, 0x65, 0x0, 0x16, 0xdc,
    0xe0, 0x1f, 0xfc, 0x45, 0xcc, 0x42, 0x10, 0x7,
    0xff, 0x57, 0x40, 0xf, 0x22, 0x1, 0xfe,

    /* U+0037 "7" */
    0x0, 0xc6, 0xf7, 0xbd, 0xff, 0xff, 0xd3, 0xd9,
    0x0, 0xff, 0xe0, 0xae, 0x62, 0x10, 0x84, 0x3,
    0xff, 0xa6, 0x5e, 0x0, 0x75, 0x0, 0xf8, 0xb2,
    0x8c, 0x3, 0xff, 0xb0, 0x2c, 0x3, 0x15, 0x84,
    0x1, 0xd0, 0x60, 0x1f, 0xfd, 0xa6, 0x0, 0x30,
    0x0, 0xf5, 0x0, 0x35, 0x20, 0x7, 0xff, 0x6a,
    0x40, 0x14, 0x1, 0xad, 0x0, 0x35, 0x98, 0x7,
    0xff, 0x61, 0x44, 0x10, 0x80, 0x3a, 0xc8, 0x3,
    0x69, 0x80, 0x7f, 0xf5, 0xf8, 0x1, 0xe0, 0x1f,
    0x48, 0x6, 0x1d, 0x20, 0xf, 0xfe, 0xa9, 0x20,
    0x12, 0x0, 0x7c, 0x86, 0x1, 0x87, 0x8, 0x3,
    0xff, 0xa9, 0x60, 0xb, 0x0, 0xfe, 0xa0, 0xe,
    0x1f, 0x10, 0xf, 0xfe, 0x90, 0xb0, 0x1, 0x80,
    0x3f, 0x9c, 0x3, 0xc5, 0x82, 0x1, 0xff, 0xd1,
    0x60, 0x3, 0x80, 0x7f, 0x84, 0x40, 0x1e, 0x2d,
    0x0, 0xff, 0xe8, 0xd0, 0x2, 0x80, 0x3f, 0xe2,
    0x0, 0xf8, 0xf0, 0x3, 0xff, 0x9e, 0x84, 0x8,
    0x40, 0x1f, 0xf3, 0x80, 0x7e, 0x3b, 0x0, 0xff,
    0xe7, 0x78, 0x3, 0xc0, 0x3f, 0xf9, 0x49, 0xff,
    0xff, 0xce, 0x40, 0x24, 0x0, 0xff, 0xf3, 0xd8,
    0x7, 0xff, 0x5, 0xc0, 0x3f, 0xfb, 0x4e, 0x1,
    0xff, 0xc1, 0x10, 0xf, 0xfe, 0xd0, 0x80, 0x7f,
    0xf0, 0x4c, 0x3, 0xff, 0xd0, 0x20, 0x1f, 0xfd,
    0x91, 0x0, 0xff, 0xf4, 0x18, 0x7, 0xff, 0x4,
    0x40, 0x3f, 0xfb, 0x42, 0x1, 0xff, 0xc1, 0x30,
    0xf, 0xfe, 0xd3, 0x80, 0x7f, 0xf0, 0x44, 0x3,
    0xff, 0xb4, 0x40, 0x1f, 0xfc, 0x17, 0x0, 0xff,
    0xed, 0x8, 0x7, 0xff, 0x4, 0x40, 0x3f, 0xfb,
    0x5e, 0x1, 0xff, 0xc1, 0x30, 0xf, 0xfe, 0xd0,
    0x80, 0x7f, 0xf0, 0x44, 0x3, 0xff, 0xb4, 0x60,
    0x1f, 0xfc, 0x1f, 0x0, 0xff, 0xed, 0x8, 0x7,
    0xff, 0x4, 0x40, 0x3f, 0xfb, 0x4e, 0x1, 0xff,
    0xc1, 0x30, 0xf, 0xfe, 0xd0, 0x80, 0x7f, 0xf0,
    0x44, 0x3, 0xff, 0xb4, 0x60, 0x1f, 0xfc, 0x17,
    0x0, 0xff, 0xed, 0x8, 0x7, 0xff, 0x4, 0x40,
    0x3f, 0xfd, 0x4, 0x1, 0xff, 0xd9, 0x10, 0xf,
    0xff, 0x41, 0x80, 0x7f, 0xf0, 0x44, 0x3, 0xff,
    0xb4, 0x20, 0x1f, 0xfc, 0x13, 0x0, 0xff, 0xed,
    0x38, 0x7, 0xff, 0x4, 0x40, 0x3f, 0xfb, 0x44,
    0x1, 0xff, 0xc1, 0x70, 0xf, 0xfe, 0xd0, 0x80,
    0x7f, 0xf0, 0x44, 0x3, 0xff, 0xb5, 0xe0, 0x1f,
    0xfc, 0x13, 0x0, 0xff, 0xed, 0x8, 0x7, 0xff,
    0x4, 0x40, 0x3f, 0xfb, 0x46, 0x1, 0xff, 0xc1,
    0xf0, 0xf, 0xfe, 0xd0, 0x80, 0x7f, 0xf0, 0x44,
    0x3, 0xff, 0xb4, 0xe0, 0x1f, 0xfc, 0x13, 0x0,
    0xff, 0xed, 0x8, 0x7, 0xff, 0x4, 0x40, 0x3f,
    0xfb, 0x46, 0x1, 0xff, 0xc1, 0x70, 0xf, 0xfe,
    0xd3, 0x0, 0x7f, 0xf0, 0x44, 0x3, 0xff, 0xb5,
    0x14, 0x1, 0xff, 0xc0, 0x30, 0xf, 0xfe, 0xda,
    0xe9, 0x0, 0x7f, 0x84, 0x3, 0xff, 0xb8, 0x5a,
    0xa0, 0x1f, 0x88, 0x3, 0xff, 0xbf, 0x50, 0x1,
    0xe6, 0xd0, 0xf, 0xff, 0x3, 0xd8, 0x80, 0x55,
    0x20, 0x1f, 0xfe, 0x24, 0xf3, 0x36, 0xa8, 0x7,
    0xff, 0x90, 0x73, 0x4, 0x1, 0xff, 0xff, 0x0,
    0xff, 0xff, 0x80, 0x7f, 0xfb, 0x86, 0x8c, 0x3,
    0xff, 0xca, 0x9e, 0xb8, 0xc0, 0x1f, 0xfe, 0x38,
    0xb1, 0x0, 0x4c, 0x80, 0x3f, 0xfc, 0x5, 0x8e,
    0x1, 0xcd, 0x82, 0x1, 0xff, 0xdd, 0x5d, 0x30,
    0xf, 0x8c, 0x80, 0x3f, 0xfb, 0x95, 0x40, 0xf,
    0xf0, 0x80, 0x7f, 0xf6, 0x8f, 0x54, 0x3, 0xfe,
    0x30, 0xf, 0xfe, 0xd6, 0x10, 0x7, 0xff, 0x0,
    0x40, 0x3f, 0xff, 0xe0, 0x1f, 0xfc, 0x32, 0x0,
    0xff, 0xe0, 0x88, 0x7, 0xff, 0x68, 0x40, 0x3f,
    0xf8, 0x26, 0x1, 0xff, 0xda, 0x70, 0xf, 0xfe,
    0x8, 0x80, 0x7f, 0xf6, 0x84, 0x3, 0xff, 0x82,
    0xe0, 0x1f, 0xfd, 0xa3, 0x0, 0xff, 0xe0, 0x88,
    0x7, 0xff, 0x68, 0x40, 0x3f, 0xf8, 0x26, 0x1,
    0xff, 0xda, 0xf0, 0xf, 0xfe, 0x8, 0x80, 0x7f,
    0xf6, 0x84, 0x3, 0xff, 0x83, 0xe0, 0x1f, 0xfd,
    0xa3, 0x0, 0xff, 0xe0, 0x88, 0x7, 0xff, 0x68,
    0x40, 0x3f, 0xf8, 0x26, 0x1, 0xff, 0xda, 0x70,
    0xf, 0xfe, 0x8, 0x80, 0x7f, 0xf6, 0x84, 0x3,
    0xff, 0x82, 0xe0, 0x1f, 0xfd, 0xa3, 0x0, 0xff,
    0xe0, 0x88, 0x7, 0xff, 0x68, 0x40, 0x3f, 0xf8,
    0x26, 0x1, 0xff, 0xe8, 0x10, 0xf, 0xfe, 0xc8,
    0x80, 0x7f, 0xfa, 0xc, 0x3, 0xff, 0x82, 0x20,
    0x1f, 0xfd, 0xa6, 0x0, 0xff, 0xe0, 0x98, 0x7,
    0xff, 0x68, 0x40, 0x3f, 0xf8, 0x22, 0x1, 0xff,
    0xda, 0x30, 0xf, 0xfe, 0xb, 0x80, 0x7f, 0xf6,
    0x84, 0x3, 0xff, 0x82, 0x20, 0x1f, 0xfd, 0xaf,
    0x0, 0xff, 0xf4, 0x8, 0x7, 0xff, 0x4, 0xc0,
    0x3f, 0xfb, 0x46, 0x1, 0xff, 0xc1, 0x10, 0xf,
    0xfe, 0xd0, 0x80, 0x7f, 0xf0, 0x7c, 0x3, 0xff,
    0xb4, 0xe0, 0x1f, 0xfc, 0x11, 0x0, 0xff, 0xed,
    0x8, 0x7, 0xff, 0x4, 0xc0, 0x3f, 0xfb, 0x46,
    0x1, 0xff, 0xc1, 0x10, 0xf, 0xfe, 0xd0, 0x80,
    0x7f, 0xf0, 0x5c, 0x3, 0xff, 0xb4, 0x20, 0x1f,
    0xfc, 0x11, 0x0, 0xff, 0xed, 0x38, 0x7, 0xff,
    0x4, 0xc0, 0x3f, 0xfb, 0x5a, 0x1, 0xff, 0xc1,
    0x10, 0xf, 0xfe, 0xd2, 0x0, 0x7f, 0xf0, 0x4,
    0x3, 0xff, 0xb8, 0xa0, 0x1f, 0xf2, 0x80, 0x7f,
    0xf7, 0x3c, 0x3, 0xfe, 0xc0, 0xf, 0xfe, 0xe2,
    0x80, 0x7f, 0xc8, 0x1, 0xff, 0xdd, 0x40, 0xf,
    0xe3, 0x30, 0x7, 0xff, 0x77, 0x40, 0x3f, 0xa4,
    0x3, 0xff, 0xbc, 0xe0, 0x1f, 0x8d, 0x40, 0x3f,
    0xfb, 0xc2, 0x60, 0x1e, 0x1e, 0x0, 0xff, 0xf0,
    0x58, 0x7, 0xb4, 0x80, 0x3f, 0xfc, 0xa, 0x1,
    0x87, 0xc, 0x3, 0xff, 0xc2, 0x44, 0x0, 0x2f,
    0x98, 0x7, 0xff, 0x8d, 0x4e, 0xe8, 0x40, 0x3f,
    0xfc, 0x91, 0x88, 0x1, 0xff, 0xc1,

    /* U+0038 "8" */
    0x0, 0xff, 0xe2, 0x1b, 0xde, 0xf7, 0xff, 0xff,
    0x4f, 0x64, 0x3, 0xff, 0x9a, 0xb9, 0x88, 0x42,
    0x10, 0xf, 0xfe, 0x99, 0x78, 0x1, 0xd4, 0x3,
    0xff, 0x8e, 0x59, 0x46, 0x1, 0xff, 0xd8, 0x16,
    0x1, 0x8a, 0xc2, 0x0, 0xff, 0xe2, 0xc1, 0x80,
    0x7f, 0xf6, 0x98, 0x0, 0xc0, 0x3, 0xd4, 0x0,
    0xff, 0xe2, 0x52, 0x0, 0x7f, 0xf6, 0xa4, 0x1,
    0x40, 0x1a, 0xd0, 0x3, 0xff, 0x80, 0x66, 0x0,
    0x59, 0x80, 0x7f, 0xf6, 0x14, 0x41, 0x8, 0x3,
    0xac, 0x80, 0x3f, 0xc3, 0xb8, 0x60, 0xd, 0x30,
    0xf, 0xfe, 0xbf, 0x0, 0x3c, 0x3, 0xe9, 0x0,
    0xff, 0x58, 0x86, 0x90, 0xe, 0x90, 0x7, 0xff,
    0x54, 0x90, 0x9, 0x0, 0x3e, 0x43, 0x0, 0xfc,
    0x6a, 0x0, 0x1c, 0x20, 0x1c, 0x20, 0xf, 0xfe,
    0xa5, 0x80, 0x2c, 0x3, 0xfa, 0x80, 0x3f, 0x48,
    0x6, 0x1f, 0x10, 0x1f, 0x10, 0xf, 0xfe, 0x90,
    0xb0, 0x1, 0x80, 0x3f, 0x9c, 0x3, 0xf2, 0x80,
    0x71, 0x60, 0x81, 0x60, 0x80, 0x7f, 0xf4, 0x58,
    0x0, 0xe0, 0x1f, 0xe1, 0x10, 0x7, 0x90, 0x3,
    0xe2, 0xc1, 0x2, 0xd0, 0xf, 0xfe, 0x8d, 0x0,
    0x28, 0x3, 0xfe, 0x20, 0xf, 0x18, 0x7, 0xe2,
    0xd0, 0x1, 0xe0, 0x7, 0xff, 0x3d, 0x8, 0x10,
    0x80, 0x3f, 0xe7, 0x0, 0xf7, 0x0, 0x7f, 0x1d,
    0x80, 0xe, 0xc0, 0x3f, 0xf9, 0xde, 0x0, 0xf0,
    0xf, 0xfe, 0x39, 0x0, 0x7f, 0x92, 0xc0, 0x9,
    0xff, 0xff, 0xce, 0x40, 0x24, 0x0, 0xff, 0xe3,
    0xb8, 0x7, 0xfc, 0x94, 0x1, 0xff, 0xd2, 0xb0,
    0xf, 0xfe, 0xb, 0x80, 0x78, 0x40, 0x3f, 0xf8,
    0xa, 0x60, 0x1f, 0xfd, 0x17, 0x0, 0xff, 0xe0,
    0x88, 0x7, 0x8c, 0x3, 0xff, 0x82, 0x40, 0x1f,
    0xfd, 0x11, 0x0, 0xff, 0xe0, 0x98, 0x7, 0x84,
    0x3, 0xff, 0x82, 0x20, 0x1f, 0xfd, 0xf1, 0x0,
    0xff, 0xf2, 0x88, 0x7, 0xff, 0x20, 0x40, 0x3f,
    0xf8, 0x22, 0x1, 0xff, 0xd1, 0x30, 0xf, 0xfe,
    0x8, 0x80, 0x78, 0xc0, 0x3f, 0xf8, 0x26, 0x1,
    0xff, 0xd1, 0x10, 0xf, 0xfe, 0x9, 0x80, 0x78,
    0x40, 0x3f, 0xf8, 0x22, 0x1, 0xff, 0xd1, 0x70,
    0xf, 0xfe, 0x8, 0x80, 0x79, 0xc0, 0x3f, 0xf8,
    0x2e, 0x1, 0xff, 0xd1, 0x20, 0xf, 0xfe, 0xb,
    0x80, 0x78, 0x40, 0x3f, 0xf8, 0x22, 0x1, 0xff,
    0xd1, 0x10, 0xf, 0xfe, 0x8, 0x80, 0x78, 0xc0,
    0x3f, 0xf8, 0x26, 0x1, 0xff, 0xd1, 0xf0, 0xf,
    0xfe, 0x9, 0x80, 0x78, 0x40, 0x3f, 0xf8, 0x22,
    0x1, 0xff, 0xd1, 0x10, 0xf, 0xfe, 0x8, 0x80,
    0x7b, 0xc0, 0x3f, 0xf8, 0x3e, 0x1, 0xff, 0xd1,
    0x30, 0xf, 0xfe, 0xf, 0x80, 0x78, 0x40, 0x3f,
    0xf8, 0x22, 0x1, 0xff, 0xd1, 0x10, 0xf, 0xfe,
    0x8, 0x80, 0x78, 0xc0, 0x3f, 0xf8, 0x26, 0x1,
    0xff, 0xd1, 0x70, 0xf, 0xfe, 0x9, 0x80, 0x79,
    0x80, 0x3f, 0xf8, 0x22, 0x1, 0xff, 0xd1, 0x10,
    0xf, 0xfe, 0x8, 0x80, 0x78, 0x40, 0x3f, 0xf8,
    0x2e, 0x1, 0xff, 0xd1, 0x30, 0xf, 0xfe, 0xb,
    0x0, 0x78, 0xc0, 0x3f, 0xf8, 0x22, 0x1, 0xff,
    0xd1, 0x10, 0xf, 0xfe, 0x9, 0x80, 0x78, 0x40,
    0x3f, 0xf8, 0x26, 0x1, 0xff, 0xdf, 0x10, 0xf,
    0xfe, 0x40, 0x80, 0x7f, 0xf4, 0x4, 0x3, 0xff,
    0x90, 0x20, 0x1f, 0xfc, 0x11, 0x0, 0xff, 0xe8,
    0x98, 0x7, 0xff, 0x4, 0x40, 0x3c, 0x60, 0x1f,
    0xfc, 0x13, 0x0, 0xff, 0xe8, 0x88, 0x7, 0xff,
    0x4, 0xc0, 0x3c, 0x20, 0x1f, 0xfc, 0x11, 0x0,
    0xff, 0xe8, 0xb0, 0x7, 0xff, 0x4, 0x40, 0x3c,
    0xe0, 0x1f, 0xfc, 0x17, 0x0, 0xff, 0xe8, 0x98,
    0x7, 0xff, 0x5, 0xc0, 0x3c, 0x20, 0x1f, 0xfc,
    0x11, 0x0, 0xff, 0xe8, 0x88, 0x7, 0xff, 0x4,
    0x40, 0x3c, 0x60, 0x1f, 0xfc, 0x13, 0x0, 0xff,
    0xe8, 0xf8, 0x7, 0xff, 0x4, 0xc0, 0x3c, 0x20,
    0x1f, 0xfc, 0x11, 0x0, 0xff, 0xe8, 0x88, 0x7,
    0xff, 0x4, 0x40, 0x3d, 0xe0, 0x1f, 0xfc, 0x1f,
    0x0, 0xff, 0xe8, 0x98, 0x7, 0xff, 0x7, 0xc0,
    0x3c, 0x20, 0x1f, 0xfc, 0x11, 0x0, 0xff, 0xe8,
    0x88, 0x7, 0xff, 0x4, 0x40, 0x3c, 0x60, 0x1f,
    0xfc, 0x13, 0x0, 0xff, 0xe8, 0xb8, 0x7, 0xff,
    0x4, 0xc0, 0x3c, 0x20, 0x1f, 0xfc, 0x11, 0x0,
    0xff, 0xe8, 0x88, 0x7, 0xff, 0x4, 0x40, 0x3c,
    0xe0, 0x1f, 0xfc, 0x17, 0x0, 0xff, 0xe8, 0x98,
    0x7, 0xff, 0x5, 0xc0, 0x3c, 0x20, 0x1f, 0xfc,
    0x6, 0x30, 0xf, 0xfe, 0x8c, 0x80, 0x7f, 0xf0,
    0x44, 0x3, 0xc6, 0x1, 0xfe, 0x1b, 0x90, 0xf,
    0xfe, 0x93, 0xe0, 0x80, 0x7f, 0xc6, 0x1, 0xe1,
    0x0, 0xfe, 0x4f, 0x40, 0x4, 0xff, 0xff, 0xf3,
    0xa4, 0x0, 0x7e, 0x60, 0x1f, 0xe1, 0x0, 0xf1,
    0x0, 0x7e, 0x8b, 0x10, 0x2d, 0x60, 0xf, 0xfe,
    0x73, 0x60, 0x80, 0xe3, 0x0, 0x7e, 0x30, 0xf,
    0xb5, 0x40, 0x38, 0xb1, 0xc0, 0xd, 0xa4, 0x1,
    0xff, 0xd0, 0x3f, 0x30, 0x4, 0xd0, 0x7, 0x9f,
    0x0, 0x3f, 0x54, 0x0, 0x4b, 0xa6, 0x3, 0x72,
    0x1, 0xff, 0xd3, 0x1c, 0x60, 0x2, 0xe1, 0x0,
    0x6, 0xe0, 0x3, 0xfc, 0xf6, 0x35, 0x40, 0x2,
    0x7a, 0x0, 0x7f, 0xf5, 0xa6, 0x80, 0x7, 0x88,
    0x8f, 0x40, 0xf, 0xfe, 0x2, 0x72, 0x80, 0x22,
    0xc4, 0x3, 0xff, 0xb0, 0xb8, 0x20, 0x37, 0x61,
    0x0, 0xff, 0xe2, 0x16, 0x38, 0x7, 0xff, 0x6c,
    0xfd, 0x0, 0x3f, 0xf9, 0x22, 0x1, 0xff, 0xdd,
    0x37, 0x0, 0xff, 0xe4, 0x16, 0xa8, 0x7, 0xff,
    0x6d, 0x74, 0xc0, 0x3f, 0xf8, 0xaf, 0x62, 0x0,
    0xa8, 0x0, 0xff, 0xec, 0xcd, 0x0, 0xb, 0x14,
    0x3, 0xff, 0x80, 0x37, 0x9, 0x86, 0x0, 0x7b,
    0x10, 0xf, 0xfe, 0xa9, 0xeb, 0x0, 0x17, 0x4e,
    0xa0, 0x3, 0xfc, 0x9e, 0x80, 0x2, 0xc6, 0x0,
    0x26, 0x18, 0x7, 0xff, 0x4d, 0xf0, 0x80, 0x15,
    0x40, 0x9, 0xec, 0x3, 0xf3, 0xd8, 0x80, 0x74,
    0xc8, 0x0, 0x58, 0xa0, 0x1f, 0xfd, 0x1, 0xb8,
    0x0, 0x1e, 0xa8, 0x7, 0x26, 0x88, 0x7, 0xa8,
    0x3, 0xf3, 0x60, 0x80, 0x2a, 0x0, 0x3f, 0xf9,
    0xc9, 0xe8, 0x0, 0x7c, 0x20, 0xf, 0x88, 0xc0,
    0x3c, 0x60, 0x1f, 0xc7, 0xe8, 0x0, 0x7f, 0xff,
    0xfe, 0x75, 0x88, 0xd, 0xc0, 0x7, 0xf8, 0xc0,
    0x3c, 0x20, 0x1f, 0xe1, 0xb7, 0x0, 0xff, 0xe9,
    0x27, 0xa0, 0x7, 0xff, 0x4e, 0x4, 0x3, 0xff,
    0xa3, 0x62, 0x1, 0xff, 0xc0, 0x10, 0xf, 0xfe,
    0x40, 0x80, 0x7f, 0xf4, 0x4, 0x3, 0xff, 0x90,
    0x20, 0x1f, 0xfd, 0xf3, 0x0, 0xff, 0xe0, 0x88,
    0x7, 0x8c, 0x3, 0xff, 0x82, 0x20, 0x1f, 0xfd,
    0x11, 0x0, 0xff, 0xe0, 0x98, 0x7, 0x84, 0x3,
    0xff, 0x82, 0x60, 0x1f, 0xfd, 0x17, 0x0, 0xff,
    0xe0, 0x88, 0x7, 0x9c, 0x3, 0xff, 0x82, 0x20,
    0x1f, 0xfd, 0x11, 0x0, 0xff, 0xe0, 0xb8, 0x7,
    0x84, 0x3, 0xff, 0x82, 0xe0, 0x1f, 0xfd, 0x13,
    0x0, 0xff, 0xe0, 0x88, 0x7, 0x8c, 0x3, 0xff,
    0x82, 0x20, 0x1f, 0xfd, 0x11, 0x0, 0xff, 0xe0,
    0x98, 0x7, 0x84, 0x3, 0xff, 0x82, 0x60, 0x1f,
    0xfd, 0x1f, 0x0, 0xff, 0xe0, 0x88, 0x7, 0xbc,
    0x3, 0xff, 0x82, 0x20, 0x1f, 0xfd, 0x11, 0x0,
    0xff, 0xe0, 0xf8, 0x7, 0x84, 0x3, 0xff, 0x83,
    0xe0, 0x1f, 0xfd, 0x13, 0x0, 0xff, 0xe0, 0x88,
    0x7, 0x8c, 0x3, 0xff, 0x82, 0x20, 0x1f, 0xfd,
    0x11, 0x0, 0xff, 0xe0, 0x98, 0x7, 0x84, 0x3,
    0xff, 0x82, 0x60, 0x1f, 0xfd, 0x17, 0x0, 0xff,
    0xe0, 0x88, 0x7, 0x9c, 0x3, 0xff, 0x82, 0x20,
    0x1f, 0xfd, 0x11, 0x0, 0xff, 0xe0, 0xb8, 0x7,
    0x84, 0x3, 0xff, 0x82, 0xc0, 0x1f, 0xfd, 0x13,
    0x0, 0xff, 0xe0, 0x88, 0x7, 0x8c, 0x3, 0xff,
    0x82, 0x60, 0x1f, 0xfd, 0x11, 0x0, 0xff, 0xe0,
    0x98, 0x7, 0x84, 0x3, 0xff, 0x82, 0x20, 0x1f,
    0xfd, 0xf1, 0x0, 0xff, 0xf2, 0x90, 0x7, 0xff,
    0x20, 0x40, 0x3f, 0xf8, 0x22, 0x1, 0xff, 0xd1,
    0x10, 0xf, 0xfe, 0x8, 0x80, 0x78, 0xc0, 0x3f,
    0xf8, 0x26, 0x1, 0xff, 0xd1, 0x70, 0xf, 0xfe,
    0x9, 0x80, 0x78, 0x40, 0x3f, 0xf8, 0x22, 0x1,
    0xff, 0xd1, 0x10, 0xf, 0xfe, 0x8, 0x80, 0x79,
    0xc0, 0x3f, 0xf8, 0x2e, 0x1, 0xff, 0xd1, 0x30,
    0xf, 0xfe, 0xb, 0x80, 0x78, 0x40, 0x3f, 0xf8,
    0x22, 0x1, 0xff, 0xd1, 0x10, 0xf, 0xfe, 0x8,
    0x80, 0x78, 0xc0, 0x3f, 0xf8, 0x26, 0x1, 0xff,
    0xd1, 0xf0, 0xf, 0xfe, 0x9, 0x80, 0x78, 0x40,
    0x3f, 0xf8, 0x22, 0x1, 0xff, 0xd1, 0x10, 0xf,
    0xfe, 0x8, 0x80, 0x7b, 0xc0, 0x3f, 0xf8, 0x3e,
    0x1, 0xff, 0xd1, 0x30, 0xf, 0xfe, 0xf, 0x80,
    0x78, 0x40, 0x3f, 0xf8, 0x22, 0x1, 0xff, 0xd1,
    0x10, 0xf, 0xfe, 0x8, 0x80, 0x78, 0xc0, 0x3f,
    0xf8, 0x26, 0x1, 0xff, 0xd1, 0x70, 0xf, 0xfe,
    0x40, 0x80, 0x7f, 0xf0, 0x44, 0x3, 0xff, 0xa2,
    0x20, 0x1f, 0xfc, 0x13, 0x0, 0xf3, 0x80, 0x7f,
    0xf0, 0x5c, 0x3, 0xff, 0xa2, 0x60, 0x1f, 0xfc,
    0x11, 0x0, 0xf0, 0x80, 0x7f, 0xf0, 0x44, 0x3,
    0xff, 0xa2, 0x20, 0x1f, 0xfc, 0x17, 0x0, 0xf1,
    0x80, 0x7f, 0xf0, 0x14, 0x80, 0x3f, 0xfa, 0x24,
    0x1, 0xff, 0xc1, 0x10, 0xf, 0x8, 0x7, 0xfc,
    0xd4, 0x1, 0xff, 0xd2, 0x50, 0xf, 0xfe, 0x9,
    0x80, 0x7f, 0xf1, 0x5e, 0x40, 0x11, 0xff, 0xff,
    0xcd, 0xe0, 0x5, 0x80, 0x7f, 0xf0, 0x44, 0x3,
    0xff, 0x89, 0x10, 0x0, 0x4b, 0x80, 0x7f, 0xf3,
    0x44, 0xc0, 0xc4, 0x3, 0xfe, 0x20, 0xf, 0xfe,
    0x24, 0xb8, 0x2, 0x98, 0x3, 0xff, 0x9f, 0x60,
    0x7, 0x0, 0xff, 0x98, 0x3, 0xe3, 0x0, 0xfa,
    0x98, 0x1, 0x6a, 0x1, 0xff, 0xd0, 0x40, 0x6,
    0x80, 0x7f, 0xd8, 0x1, 0xf2, 0x80, 0x7a, 0xd4,
    0x1, 0x68, 0x1, 0xff, 0xd1, 0x31, 0x4, 0x0,
    0xff, 0x94, 0x3, 0xed, 0x0, 0xc3, 0x88, 0x0,
    0xc4, 0x0, 0xff, 0xe9, 0xb8, 0x1, 0x40, 0x3f,
    0x90, 0x80, 0x3e, 0x41, 0x0, 0xe, 0x18, 0xe,
    0x18, 0x7, 0xff, 0x53, 0x0, 0x1e, 0x1, 0xfd,
    0xe0, 0x1f, 0xd6, 0x5, 0x84, 0x3, 0x86, 0x1,
    0xff, 0xd5, 0x50, 0x2, 0x80, 0x7e, 0x54, 0x0,
    0xfe, 0x56, 0xc2, 0x2, 0xc2, 0x0, 0xff, 0xeb,
    0xa0, 0x1, 0x0, 0x3c, 0x56, 0x1, 0xff, 0x48,
    0x81, 0x61, 0x0, 0x7f, 0xf6, 0x30, 0x1, 0xa0,
    0x1c, 0x3e, 0x20, 0x1f, 0xfc, 0x13, 0xc1, 0x0,
    0xff, 0xec, 0xa8, 0x1, 0xc0, 0x31, 0xf9, 0x0,
    0x7f, 0xf0, 0x89, 0x40, 0x3f, 0xfb, 0x44, 0x40,
    0x13, 0x0, 0x46, 0x8, 0x7, 0xff, 0xc, 0x6e,
    0x8c, 0x3, 0xff, 0xb2, 0x80, 0xb, 0x6e, 0x70,
    0xf, 0xfe, 0x3a, 0xe6, 0x21, 0x8, 0x3, 0xff,
    0xab, 0xa0, 0x7, 0x91, 0x0, 0xff, 0xe0, 0x80,

    /* U+0039 "9" */
    0x0, 0xff, 0xe0, 0x9b, 0xde, 0xf7, 0xff, 0xff,
    0x4f, 0x64, 0x3, 0xff, 0x94, 0xb9, 0x88, 0x42,
    0x10, 0xf, 0xfe, 0x99, 0x78, 0x1, 0xd4, 0x3,
    0xff, 0x88, 0x59, 0x46, 0x1, 0xff, 0xd8, 0x16,
    0x1, 0x8a, 0xc2, 0x0, 0xff, 0xe1, 0x41, 0x80,
    0x7f, 0xf6, 0x98, 0x0, 0xc0, 0x3, 0xd4, 0x0,
    0xff, 0xe0, 0xd2, 0x0, 0x7f, 0xf6, 0xa4, 0x1,
    0x40, 0x1a, 0xd0, 0x3, 0xf8, 0xcc, 0x0, 0xb3,
    0x0, 0xff, 0xec, 0x28, 0x82, 0x10, 0x7, 0x59,
    0x0, 0x7c, 0x3b, 0x86, 0x0, 0xd3, 0x0, 0xff,
    0xeb, 0xf0, 0x3, 0xc0, 0x3e, 0x90, 0xf, 0xac,
    0x43, 0x48, 0x7, 0x48, 0x3, 0xff, 0xaa, 0x48,
    0x4, 0x80, 0x1f, 0x21, 0x80, 0x71, 0xa8, 0x0,
    0x70, 0x80, 0x70, 0x80, 0x3f, 0xfa, 0x96, 0x0,
    0xb0, 0xf, 0xea, 0x0, 0xe9, 0x0, 0xc3, 0xe2,
    0x3, 0xe2, 0x1, 0xff, 0xd2, 0x16, 0x0, 0x30,
    0x7, 0xf3, 0x80, 0x72, 0x80, 0x71, 0x60, 0x81,
    0x60, 0x80, 0x7f, 0xf4, 0x58, 0x0, 0xe0, 0x1f,
    0xe1, 0x10, 0x4, 0x80, 0x1f, 0x16, 0x8, 0x16,
    0x80, 0x7f, 0xf4, 0x68, 0x1, 0x40, 0x1f, 0xf1,
    0x0, 0x46, 0x1, 0xf8, 0xb4, 0x0, 0x78, 0x1,
    0xff, 0xcf, 0x42, 0x4, 0x20, 0xf, 0xf9, 0xc0,
    0x2e, 0x0, 0xfe, 0x3b, 0x0, 0x1d, 0x80, 0x7f,
    0xf3, 0xbc, 0x1, 0xe0, 0x1f, 0xfc, 0x42, 0x0,
    0xff, 0x25, 0x80, 0x13, 0xff, 0xff, 0x9c, 0x80,
    0x48, 0x1, 0xff, 0xc4, 0x70, 0xf, 0xf9, 0x28,
    0x3, 0xff, 0xa5, 0x60, 0x1f, 0xfc, 0x17, 0x0,
    0x84, 0x3, 0xff, 0x80, 0xa6, 0x1, 0xff, 0xd1,
    0x70, 0xf, 0xfe, 0x8, 0x80, 0x46, 0x1, 0xff,
    0xc1, 0x20, 0xf, 0xfe, 0x88, 0x80, 0x7f, 0xf0,
    0x4c, 0x2, 0x10, 0xf, 0xfe, 0x8, 0x80, 0x7f,
    0xf7, 0xc4, 0x3, 0xff, 0xc4, 0x20, 0x1f, 0xfc,
    0x51, 0x0, 0xff, 0xe0, 0x88, 0x7, 0xff, 0x44,
    0xc0, 0x3f, 0xf8, 0x22, 0x1, 0x18, 0x7, 0xff,
    0x4, 0xc0, 0x3f, 0xfa, 0x22, 0x1, 0xff, 0xc1,
    0x30, 0x8, 0x40, 0x3f, 0xf8, 0x22, 0x1, 0xff,
    0xd1, 0x70, 0xf, 0xfe, 0x8, 0x80, 0x4e, 0x1,
    0xff, 0xc1, 0x70, 0xf, 0xfe, 0x89, 0x0, 0x7f,
    0xf0, 0x5c, 0x2, 0x10, 0xf, 0xfe, 0x8, 0x80,
    0x7f, 0xf4, 0x44, 0x3, 0xff, 0x82, 0x20, 0x11,
    0x80, 0x7f, 0xf0, 0x4c, 0x3, 0xff, 0xa3, 0xe0,
    0x1f, 0xfc, 0x13, 0x0, 0x84, 0x3, 0xff, 0x82,
    0x20, 0x1f, 0xfd, 0x11, 0x0, 0xff, 0xe0, 0x88,
    0x5, 0xe0, 0x1f, 0xfc, 0x1f, 0x0, 0xff, 0xe8,
    0x98, 0x7, 0xff, 0x7, 0xc0, 0x21, 0x0, 0xff,
    0xe0, 0x88, 0x7, 0xff, 0x44, 0x40, 0x3f, 0xf8,
    0x22, 0x1, 0x18, 0x7, 0xff, 0x4, 0xc0, 0x3f,
    0xfa, 0x2e, 0x1, 0xff, 0xc1, 0x30, 0x9, 0x80,
    0x3f, 0xf8, 0x22, 0x1, 0xff, 0xd1, 0x10, 0xf,
    0xfe, 0x8, 0x80, 0x42, 0x1, 0xff, 0xc1, 0x70,
    0xf, 0xfe, 0x89, 0x80, 0x7f, 0xf0, 0x58, 0x2,
    0x30, 0xf, 0xfe, 0x8, 0x80, 0x7f, 0xf4, 0x44,
    0x3, 0xff, 0x82, 0x60, 0x10, 0x80, 0x7f, 0xf0,
    0x4c, 0x3, 0xff, 0xbe, 0x20, 0x1f, 0xfc, 0x51,
    0x0, 0xff, 0xe8, 0x8, 0x7, 0xff, 0x14, 0x40,
    0x3f, 0xf8, 0x22, 0x1, 0xff, 0xd1, 0x30, 0xf,
    0xfe, 0x8, 0x80, 0x46, 0x1, 0xff, 0xc1, 0x30,
    0xf, 0xfe, 0x88, 0x80, 0x7f, 0xf0, 0x4c, 0x2,
    0x10, 0xf, 0xfe, 0x8, 0x80, 0x7f, 0xf4, 0x58,
    0x3, 0xff, 0x82, 0x20, 0x13, 0x80, 0x7f, 0xf0,
    0x5c, 0x3, 0xff, 0xa2, 0x60, 0x1f, 0xfc, 0x17,
    0x0, 0x84, 0x3, 0xff, 0x82, 0x20, 0x1f, 0xfd,
    0x11, 0x0, 0xff, 0xe0, 0x88, 0x4, 0x60, 0x1f,
    0xfc, 0x13, 0x0, 0xff, 0xe8, 0xf8, 0x7, 0xff,
    0x4, 0xc0, 0x21, 0x0, 0xff, 0xe0, 0x88, 0x7,
    0xff, 0x44, 0x40, 0x3f, 0xf8, 0x22, 0x1, 0x78,
    0x7, 0xff, 0x7, 0xc0, 0x3f, 0xfa, 0x26, 0x1,
    0xff, 0xc1, 0xf0, 0x8, 0x40, 0x3f, 0xf8, 0x22,
    0x1, 0xff, 0xd1, 0x10, 0xf, 0xfe, 0x8, 0x80,
    0x46, 0x1, 0xff, 0xc1, 0x30, 0xf, 0xfe, 0x8b,
    0x80, 0x7f, 0xf0, 0x4c, 0x2, 0x10, 0xf, 0xfe,
    0x8, 0x80, 0x7f, 0xf4, 0x44, 0x3, 0xff, 0x82,
    0x20, 0x13, 0x80, 0x7f, 0xf0, 0x5c, 0x3, 0xff,
    0xa2, 0x60, 0x1f, 0xfc, 0x17, 0x0, 0x84, 0x3,
    0xff, 0x80, 0xc6, 0x1, 0xff, 0xd1, 0x90, 0xf,
    0xfe, 0x8, 0x80, 0x46, 0x1, 0xfe, 0x1b, 0x90,
    0xf, 0xfe, 0x93, 0xe0, 0x80, 0x7f, 0xc6, 0x1,
    0x8, 0x7, 0xf2, 0x7a, 0x0, 0x27, 0xff, 0xff,
    0x9d, 0x20, 0x3, 0xf3, 0x0, 0xff, 0x8, 0x4,
    0x40, 0x1f, 0xa2, 0xc4, 0xb, 0x58, 0x3, 0xff,
    0x9c, 0xd8, 0x20, 0x38, 0xc0, 0x1f, 0x8c, 0x3,
    0x6a, 0x80, 0x71, 0x63, 0x80, 0x1b, 0x48, 0x3,
    0xff, 0xa0, 0x7e, 0x60, 0x9, 0xa0, 0xf, 0x3e,
    0x0, 0x75, 0x40, 0x4, 0xba, 0x60, 0x37, 0x20,
    0x1f, 0xfd, 0x31, 0xc6, 0x0, 0x2e, 0x10, 0x0,
    0x6e, 0x0, 0x3e, 0x7b, 0x1a, 0xa0, 0x1, 0x3d,
    0x0, 0x3f, 0xfa, 0xd3, 0x40, 0x3, 0xc4, 0x47,
    0xa0, 0x7, 0xf2, 0x72, 0x80, 0x22, 0xc4, 0x3,
    0xff, 0xb0, 0xb8, 0x20, 0x37, 0x61, 0x0, 0xff,
    0xe0, 0x96, 0x38, 0x7, 0xff, 0x6c, 0xfd, 0x0,
    0x3f, 0xf8, 0xc2, 0x1, 0xff, 0xdd, 0x37, 0x0,
    0xff, 0xe2, 0x96, 0xa8, 0x7, 0xff, 0x6d, 0x74,
    0xc0, 0x3f, 0xf8, 0xf5, 0x0, 0x1f, 0xfd, 0x99,
    0xa0, 0x1, 0x62, 0x80, 0x7f, 0xf1, 0x5e, 0xc4,
    0x3, 0xff, 0xaa, 0x7a, 0xc0, 0x5, 0xd3, 0xa8,
    0x0, 0xff, 0xe2, 0xa6, 0x18, 0x7, 0xff, 0x4d,
    0xf0, 0x80, 0x15, 0x40, 0x9, 0xec, 0x3, 0xff,
    0x8a, 0x58, 0xa0, 0x1f, 0xfd, 0x1, 0xb8, 0x0,
    0x1e, 0xa8, 0x7, 0x26, 0x88, 0x7, 0xff, 0x16,
    0xa0, 0x3, 0xff, 0x9c, 0x9e, 0x80, 0x7, 0xc2,
    0x0, 0xf8, 0x8c, 0x3, 0xff, 0x8c, 0xff, 0xff,
    0xfc, 0xeb, 0x10, 0x1b, 0x80, 0xf, 0xf1, 0x80,
    0x7f, 0xf8, 0xd3, 0xd0, 0x3, 0xff, 0xdf, 0x62,
    0x1, 0xff, 0xc0, 0x10, 0xf, 0xff, 0x10, 0x80,
    0x7f, 0xfc, 0x4c, 0x3, 0xff, 0x82, 0x20, 0x1f,
    0xfe, 0x31, 0x0, 0xff, 0xe0, 0x98, 0x7, 0xff,
    0x8d, 0xc0, 0x3f, 0xf8, 0x22, 0x1, 0xff, 0xe3,
    0x10, 0xf, 0xfe, 0xb, 0x80, 0x7f, 0xf8, 0xcc,
    0x3, 0xff, 0x82, 0x20, 0x1f, 0xfe, 0x31, 0x0,
    0xff, 0xe0, 0x98, 0x7, 0xff, 0x8f, 0xc0, 0x3f,
    0xf8, 0x22, 0x1, 0xff, 0xe3, 0x10, 0xf, 0xfe,
    0xf, 0x80, 0x7f, 0xf8, 0xcc, 0x3, 0xff, 0x82,
    0x20, 0x1f, 0xfe, 0x31, 0x0, 0xff, 0xe0, 0x98,
    0x7, 0xff, 0x8d, 0xc0, 0x3f, 0xf8, 0x22, 0x1,
    0xff, 0xe3, 0x10, 0xf, 0xfe, 0xb, 0x80, 0x7f,
    0xf8, 0xcc, 0x3, 0xff, 0x82, 0x20, 0x1f, 0xfe,
    0x31, 0x0, 0xff, 0xe0, 0x98, 0x7, 0xff, 0xc4,
    0x40, 0x3f, 0xfc, 0x44, 0x1, 0xff, 0xf1, 0x10,
    0xf, 0xfe, 0x8, 0x80, 0x7f, 0xf8, 0xdc, 0x3,
    0xff, 0x82, 0x60, 0x1f, 0xfe, 0x31, 0x0, 0xff,
    0xe0, 0x88, 0x7, 0xff, 0x8c, 0xc0, 0x3f, 0xf8,
    0x2e, 0x1, 0xff, 0xe3, 0x10, 0xf, 0xfe, 0x8,
    0x80, 0x7f, 0xf8, 0xfc, 0x3, 0xff, 0x82, 0x60,
    0x1f, 0xfe, 0x31, 0x0, 0xff, 0xe0, 0x88, 0x7,
    0xff, 0x8c, 0xc0, 0x3f, 0xf8, 0x3e, 0x1, 0xff,
    0xe3, 0x10, 0xf, 0xfe, 0x8, 0x80, 0x7f, 0xf8,
    0xdc, 0x3, 0xff, 0xe2, 0x20, 0x1f, 0xfc, 0x13,
    0x0, 0xff, 0xf1, 0x98, 0x7, 0xff, 0x4, 0x40,
    0x3f, 0xfc, 0x62, 0x1, 0xff, 0xc1, 0x70, 0xf,
    0xff, 0x19, 0x0, 0x7f, 0xf0, 0x44, 0x3, 0xff,
    0xc6, 0xa0, 0x1f, 0xfc, 0x13, 0x0, 0xff, 0xe3,
    0x47, 0xff, 0xff, 0x37, 0x80, 0x16, 0x1, 0xff,
    0xc1, 0x10, 0xf, 0xfe, 0x2c, 0xb8, 0x7, 0xff,
    0x34, 0x4c, 0xc, 0x40, 0x3f, 0xe2, 0x0, 0xff,
    0xe2, 0xd3, 0x0, 0x7f, 0xf3, 0xec, 0x0, 0xe0,
    0x1f, 0xf3, 0x0, 0x7f, 0xf1, 0x2d, 0x40, 0x3f,
    0xfa, 0x8, 0x0, 0xd0, 0xf, 0xfb, 0x0, 0x3f,
    0xf8, 0x76, 0x80, 0x1f, 0xfd, 0x13, 0x10, 0x40,
    0xf, 0xf9, 0x40, 0x3f, 0xf8, 0x58, 0x80, 0x1f,
    0xfd, 0x37, 0x0, 0x28, 0x7, 0xf2, 0x10, 0x7,
    0xff, 0x0, 0x70, 0xc0, 0x3f, 0xfa, 0x98, 0x0,
    0xf0, 0xf, 0xef, 0x0, 0xff, 0xe0, 0xe, 0x18,
    0x7, 0xff, 0x55, 0x40, 0xa, 0x1, 0xf9, 0x50,
    0x3, 0xfe, 0x2c, 0x20, 0xf, 0xfe, 0xba, 0x0,
    0x10, 0x3, 0xc5, 0x60, 0x1f, 0xf1, 0x61, 0x0,
    0x7f, 0xf6, 0x30, 0x1, 0xa0, 0x1c, 0x3e, 0x20,
    0x1f, 0xe3, 0xc1, 0x0, 0xff, 0xec, 0xa8, 0x1,
    0xc0, 0x31, 0xf9, 0x0, 0x7f, 0xc4, 0xa0, 0x1f,
    0xfd, 0xa2, 0x20, 0x9, 0x80, 0x23, 0x4, 0x3,
    0xff, 0x80, 0x37, 0x46, 0x1, 0xff, 0xd9, 0x40,
    0x5, 0xb7, 0x38, 0x7, 0xff, 0x11, 0x73, 0x10,
    0x84, 0x1, 0xff, 0xd5, 0xd0, 0x3, 0xc8, 0x80,
    0x7f, 0xf0, 0x40,

    /* U+003A ":" */
    0x0, 0xff, 0xe5, 0xf7, 0xff, 0xff, 0x4, 0x80,
    0x30, 0x80, 0x7f, 0xf0, 0x4c, 0x3, 0xff, 0x8c,
    0x20, 0x10, 0x80, 0x7f, 0xf1, 0x8c, 0x3, 0xff,
    0x82, 0x20, 0x18, 0x40, 0x3f, 0xf8, 0x26, 0x1,
    0x9c, 0x3, 0xff, 0x82, 0x20, 0x18, 0x40, 0x3f,
    0xf8, 0x2e, 0x1, 0x8c, 0x3, 0xff, 0x82, 0x20,
    0x18, 0x40, 0x3f, 0xf8, 0x26, 0x1, 0xbc, 0x3,
    0xff, 0x82, 0x20, 0x18, 0x40, 0x3f, 0xf8, 0x3e,
    0x1, 0x8c, 0x3, 0xff, 0x82, 0x20, 0x18, 0x40,
    0x3f, 0xf8, 0x26, 0x1, 0xaf, 0xff, 0xff, 0x82,
    0xa0, 0x1f, 0xff, 0xf0, 0xf, 0xff, 0xf8, 0x7,
    0xff, 0xfc, 0x3, 0xff, 0xfe, 0x1, 0xff, 0xff,
    0x0, 0xff, 0xff, 0x80, 0x7f, 0xff, 0xc0, 0x3f,
    0xff, 0xe0, 0x1f, 0xfe, 0x4f, 0xff, 0xfe, 0x10,
    0x80, 0x7f, 0xf1, 0x84, 0x2, 0x10, 0xf, 0xfe,
    0x31, 0x80, 0x7f, 0xf0, 0x44, 0x3, 0x8, 0x7,
    0xff, 0x4, 0xc0, 0x33, 0x80, 0x7f, 0xf0, 0x44,
    0x3, 0x8, 0x7, 0xff, 0x5, 0xc0, 0x31, 0x80,
    0x7f, 0xf0, 0x44, 0x3, 0x8, 0x7, 0xff, 0x4,
    0xc0, 0x37, 0x80, 0x7f, 0xf0, 0x44, 0x3, 0x8,
    0x7, 0xff, 0x7, 0xc0, 0x31, 0x80, 0x7f, 0xf0,
    0x44, 0x3, 0x8, 0x7, 0xff, 0x4, 0xc0, 0x33,
    0x80, 0x7f, 0xf0, 0x44, 0x3, 0x0,

    /* U+003D "=" */
    0x0, 0xff, 0xfa, 0x4f, 0xff, 0xff, 0x3a, 0x40,
    0x3f, 0xf9, 0x5, 0xac, 0x1, 0xff, 0xce, 0x6c,
    0x10, 0xf, 0xfe, 0x2b, 0x69, 0x0, 0x7f, 0xf4,
    0xf, 0xcc, 0x3, 0xff, 0x84, 0x37, 0x20, 0x1f,
    0xfd, 0x31, 0xc6, 0x0, 0xff, 0xe0, 0x27, 0xa0,
    0x7, 0xff, 0x5a, 0x68, 0x3, 0xfd, 0x16, 0x20,
    0x1f, 0xfd, 0x85, 0xc1, 0x0, 0xf1, 0x63, 0x80,
    0x7f, 0xf6, 0xcf, 0xd0, 0x3, 0xc2, 0x1, 0xff,
    0xdd, 0x37, 0x0, 0xe2, 0xd5, 0x0, 0xff, 0xed,
    0xae, 0x98, 0x7, 0xd5, 0x0, 0x1f, 0xfd, 0x99,
    0xa0, 0xf, 0xf3, 0xd8, 0x80, 0x7f, 0xf5, 0x4f,
    0x58, 0x3, 0xff, 0x80, 0x98, 0x60, 0x1f, 0xfd,
    0x37, 0xc2, 0x0, 0xff, 0xe1, 0x16, 0x28, 0x7,
    0xff, 0x40, 0x6e, 0x0, 0x3f, 0xf8, 0xd5, 0x0,
    0x1f, 0xfc, 0xe4, 0xf4, 0x0, 0xff, 0xe4, 0x3f,
    0xff, 0xff, 0x3a, 0xc4, 0x3, 0xff, 0xfe, 0x1,
    0xff, 0xff, 0x0, 0xff, 0xff, 0x80, 0x7f, 0xff,
    0xc0, 0x3f, 0xff, 0xe0, 0x1f, 0xff, 0xf0, 0xf,
    0xff, 0xf8, 0x7, 0xff, 0xfc, 0x3, 0xff, 0xfe,
    0x1, 0xff, 0xff, 0x0, 0xff, 0xff, 0x80, 0x7f,
    0xff, 0xc0, 0x3f, 0xff, 0xe0, 0x1f, 0xff, 0xf0,
    0xf, 0xff, 0xf8, 0x7, 0xff, 0xfc, 0x3, 0xff,
    0xfe, 0x1, 0xff, 0xff, 0x0, 0xff, 0xff, 0x80,
    0x7f, 0xff, 0xc0, 0x3f, 0xff, 0xe0, 0x1f, 0xff,
    0xf0, 0xf, 0xff, 0xcc, 0x7f, 0xff, 0xf3, 0x78,
    0x3, 0xff, 0x95, 0x2e, 0x1, 0xff, 0xcd, 0x13,
    0x0, 0xff, 0xe4, 0x53, 0x0, 0x7f, 0xf3, 0xec,
    0x3, 0xff, 0x8f, 0x6a, 0x1, 0xff, 0xd0, 0x40,
    0xf, 0xfe, 0x35, 0xa0, 0x7, 0xff, 0x44, 0xc4,
    0x3, 0xff, 0x89, 0x88, 0x1, 0xff, 0xd3, 0x70,
    0xf, 0xfe, 0x10, 0xe1, 0x80, 0x7f, 0xf5, 0x30,
    0x3, 0xff, 0x82, 0x38, 0x60, 0x1f, 0xfd, 0x55,
    0x0, 0xff, 0xe0, 0x16, 0x10, 0x7, 0xff, 0x5d,
    0x0, 0x3f, 0xc5, 0x84, 0x1, 0xff, 0xd8, 0xc0,
    0xf, 0xe3, 0xc1, 0x0, 0xff, 0xec, 0xa8, 0x7,
    0xf1, 0x28, 0x7, 0xff, 0x68, 0x88, 0x1, 0xf8,
    0x6e, 0x8c, 0x3, 0xff, 0xb2, 0x80, 0x1f, 0xe5,
    0xcc, 0x42, 0x10, 0x7, 0xff, 0x57, 0x40, 0x3f,
    0x0,

    /* U+003F "?" */
    0x0, 0xff, 0xe2, 0x1b, 0xde, 0xf7, 0xff, 0xff,
    0x4f, 0x64, 0x3, 0xff, 0x9a, 0xb9, 0x88, 0x42,
    0x10, 0xf, 0xfe, 0x99, 0x78, 0x1, 0xd4, 0x3,
    0xff, 0x8e, 0x59, 0x46, 0x1, 0xff, 0xd8, 0x16,
    0x1, 0x8a, 0xc2, 0x0, 0xff, 0xe2, 0xc1, 0x80,
    0x7f, 0xf6, 0x98, 0x0, 0xc0, 0x3, 0xd4, 0x0,
    0xff, 0xe2, 0x52, 0x0, 0x7f, 0xf6, 0xa4, 0x1,
    0x40, 0x1a, 0xd0, 0x3, 0xff, 0x89, 0x66, 0x1,
    0xff, 0xd8, 0x51, 0x4, 0x20, 0xe, 0xb2, 0x0,
    0xff, 0xe2, 0x69, 0x80, 0x7f, 0xf5, 0xf8, 0x1,
    0xe0, 0x1f, 0x48, 0x7, 0xff, 0x10, 0x74, 0x80,
    0x3f, 0xfa, 0xa4, 0x80, 0x48, 0x1, 0xf2, 0x18,
    0x7, 0xff, 0x10, 0x70, 0x80, 0x3f, 0xfa, 0x96,
    0x0, 0xb0, 0xf, 0xea, 0x0, 0xff, 0xe2, 0x8f,
    0x88, 0x7, 0xff, 0x48, 0x58, 0x0, 0xc0, 0x1f,
    0xce, 0x1, 0xff, 0xc6, 0x2c, 0x10, 0xf, 0xfe,
    0x8b, 0x0, 0x1c, 0x3, 0xfc, 0x22, 0x0, 0xff,
    0xe3, 0x16, 0x80, 0x7f, 0xf4, 0x68, 0x1, 0x40,
    0x1f, 0xf1, 0x0, 0x7f, 0xf1, 0xcf, 0x0, 0x3f,
    0xf9, 0xe8, 0x40, 0x84, 0x1, 0xff, 0x38, 0x7,
    0xff, 0x20, 0xec, 0x3, 0xff, 0x9d, 0xe0, 0xf,
    0x0, 0xff, 0xeb, 0x27, 0xff, 0xff, 0x39, 0x0,
    0x90, 0x3, 0xff, 0xe7, 0x60, 0x1f, 0xfc, 0x17,
    0x0, 0xff, 0xf3, 0x38, 0x7, 0xff, 0x4, 0x40,
    0x3f, 0xfc, 0xc2, 0x1, 0xff, 0xc1, 0x30, 0xf,
    0xff, 0xa0, 0x80, 0x7f, 0xf9, 0x44, 0x3, 0xff,
    0xe8, 0x60, 0x1f, 0xfc, 0x11, 0x0, 0xff, 0xf3,
    0x8, 0x7, 0xff, 0x4, 0xc0, 0x3f, 0xfc, 0xce,
    0x1, 0xff, 0xc1, 0x10, 0xf, 0xff, 0x31, 0x0,
    0x7f, 0xf0, 0x5c, 0x3, 0xff, 0xcc, 0x20, 0x1f,
    0xfc, 0x11, 0x0, 0xff, 0xf3, 0x78, 0x7, 0xff,
    0x4, 0xc0, 0x3f, 0xfc, 0xc2, 0x1, 0xff, 0xc1,
    0x10, 0xf, 0xff, 0x31, 0x80, 0x7f, 0xf0, 0x7c,
    0x3, 0xff, 0xcc, 0x20, 0x1f, 0xfc, 0x11, 0x0,
    0xff, 0xf3, 0x38, 0x7, 0xff, 0x4, 0xc0, 0x3f,
    0xfc, 0xc2, 0x1, 0xff, 0xc1, 0x10, 0xf, 0xff,
    0x31, 0x80, 0x7f, 0xf0, 0x58, 0x3, 0xff, 0xcc,
    0x20, 0x1f, 0xfc, 0x13, 0x0, 0xff, 0xfa, 0x8,
    0x7, 0xff, 0x94, 0x40, 0x3f, 0xfe, 0x86, 0x1,
    0xff, 0xc1, 0x10, 0xf, 0xff, 0x30, 0x80, 0x7f,
    0xf0, 0x4c, 0x3, 0xff, 0xcc, 0xc0, 0x1f, 0xfc,
    0x11, 0x0, 0xff, 0xf3, 0x18, 0x7, 0xff, 0x5,
    0xc0, 0x3f, 0xfc, 0xc2, 0x1, 0xff, 0xc1, 0x10,
    0xf, 0xff, 0x37, 0x80, 0x7f, 0xf0, 0x4c, 0x3,
    0xff, 0xcc, 0x20, 0x1f, 0xfc, 0x11, 0x0, 0xff,
    0xf3, 0x18, 0x7, 0xff, 0x7, 0xc0, 0x3f, 0xfc,
    0xc2, 0x1, 0xff, 0xc1, 0x10, 0xf, 0xff, 0x33,
    0x80, 0x7f, 0xf0, 0x4c, 0x3, 0xff, 0xcc, 0x20,
    0x1f, 0xfc, 0x11, 0x0, 0xff, 0xf3, 0x18, 0x7,
    0xff, 0x5, 0xc0, 0x3f, 0xfc, 0xd2, 0x1, 0xff,
    0xc1, 0x10, 0xf, 0xff, 0x33, 0xd8, 0x80, 0x7f,
    0xc6, 0x1, 0xff, 0xc9, 0x9f, 0xff, 0xfe, 0x74,
    0x80, 0x13, 0xcc, 0x3, 0xfc, 0x20, 0x1f, 0xfc,
    0x72, 0xd6, 0x0, 0xff, 0xe7, 0x36, 0x8, 0xe,
    0x30, 0x7, 0xe3, 0x0, 0xff, 0xe3, 0xb6, 0x90,
    0x7, 0xff, 0x40, 0xfc, 0xc0, 0x13, 0x20, 0xf,
    0x3e, 0x0, 0x7f, 0xf1, 0x46, 0xa4, 0x3, 0xff,
    0xa6, 0x38, 0xc0, 0x6, 0xc2, 0x0, 0xd, 0xc0,
    0x7, 0xff, 0x14, 0xfd, 0x40, 0x3f, 0xfa, 0xd3,
    0x20, 0x1, 0xe2, 0x23, 0xd0, 0x3, 0xff, 0x8b,
    0x18, 0x20, 0x1f, 0xfd, 0x86, 0xc1, 0x1, 0xbb,
    0x8, 0x7, 0xff, 0x10, 0x71, 0xc0, 0x3f, 0xfb,
    0x67, 0xe8, 0x1, 0xff, 0xc8, 0x31, 0x0, 0xff,
    0xef, 0x38, 0x7, 0xff, 0x20, 0xb5, 0x40, 0x3f,
    0xfb, 0x6b, 0xe6, 0x1, 0xff, 0xc5, 0x6a, 0x10,
    0x5, 0x40, 0x7, 0xff, 0x66, 0x68, 0x40, 0x3f,
    0xf8, 0x83, 0x72, 0xb8, 0x40, 0x7, 0xb1, 0x0,
    0xff, 0xea, 0x96, 0xb0, 0x7, 0xff, 0x14, 0xfd,
    0x0, 0x5, 0xaa, 0x0, 0x4c, 0x20, 0xf, 0xfe,
    0x9b, 0x69, 0x0, 0x7f, 0xf1, 0x5f, 0x4, 0x3,
    0xaa, 0x40, 0x5, 0xaa, 0x1, 0xff, 0xd0, 0x1b,
    0x90, 0xf, 0xfe, 0x3d, 0x0, 0x7e, 0x6c, 0x10,
    0x5, 0x40, 0x7, 0xff, 0x39, 0x3d, 0x0, 0x3f,
    0xf9, 0x6, 0x1, 0xfc, 0x7e, 0x60, 0x7, 0xff,
    0xff, 0xe7, 0x58, 0x80, 0x7f, 0xf2, 0x44, 0x3,
    0xfc, 0x38, 0xe0, 0x1f, 0xff, 0x48, 0x10, 0xf,
    0xff, 0xa0, 0x80, 0x7f, 0xf9, 0x44, 0x3, 0xff,
    0xe8, 0x60, 0x1f, 0xfc, 0x11, 0x0, 0xff, 0xf3,
    0x8, 0x7, 0xff, 0x4, 0xc0, 0x3f, 0xfc, 0xce,
    0x1, 0xff, 0xc1, 0x10, 0xf, 0xff, 0x30, 0x80,
    0x7f, 0xf0, 0x5c, 0x3, 0xff, 0xcc, 0x60, 0x1f,
    0xfc, 0x11, 0x0, 0xff, 0xf3, 0x8, 0x7, 0xff,
    0x4, 0xc0, 0x3f, 0xfc, 0xde, 0x1, 0xff, 0xc1,
    0x10, 0xf, 0xff, 0x30, 0x80, 0x7f, 0xf0, 0x7c,
    0x3, 0xff, 0xcc, 0x60, 0x1f, 0xfc, 0x11, 0x0,
    0xff, 0xf3, 0x8, 0x7, 0xff, 0x4, 0xc0, 0x3f,
    0xfc, 0xce, 0x1, 0xff, 0xc1, 0x10, 0xf, 0xff,
    0x30, 0x80, 0x7f, 0xf0, 0x5c, 0x3, 0xff, 0xcc,
    0x60, 0x1f, 0xfc, 0x12, 0x0, 0xff, 0xf3, 0x8,
    0x7, 0xff, 0x4, 0x40, 0x3f, 0xff, 0xe0, 0x1f,
    0xfd, 0xb1, 0x0, 0xff, 0xe0, 0x88, 0x7, 0xff,
    0x98, 0xc0, 0x3f, 0xf8, 0x26, 0x1, 0xff, 0xe6,
    0x10, 0xf, 0xfe, 0x8, 0x80, 0x7f, 0xf9, 0x9c,
    0x3, 0xff, 0x82, 0xe0, 0x1f, 0xfe, 0x61, 0x0,
    0xff, 0xe0, 0x88, 0x7, 0xff, 0x98, 0xc0, 0x3f,
    0xf8, 0x26, 0x1, 0xff, 0xe6, 0x10, 0xf, 0xfe,
    0x8, 0x80, 0x7f, 0xf9, 0xbc, 0x3, 0xff, 0x83,
    0xe0, 0x1f, 0xfe, 0x61, 0x0, 0xff, 0xe0, 0x88,
    0x7, 0xff, 0x98, 0xc0, 0x3f, 0xf8, 0x26, 0x1,
    0xff, 0xe6, 0x10, 0xf, 0xfe, 0x8, 0x80, 0x7f,
    0xf9, 0x9c, 0x3, 0xff, 0x82, 0xe0, 0x1f, 0xfe,
    0x61, 0x0, 0xff, 0xe0, 0x88, 0x7, 0xff, 0x98,
    0xc0, 0x3f, 0xf8, 0x8, 0x40, 0x1f, 0xff, 0x25,
    0xb0, 0xf, 0xff, 0x38, 0x80, 0x7f, 0x9a, 0x80,
    0x3f, 0xfe, 0x4f, 0x20, 0x1f, 0xff, 0x28, 0x80,
    0x7, 0xff, 0xa8, 0x80, 0x3e, 0x97, 0x0, 0xff,
    0xf5, 0xb8, 0x7, 0xa9, 0x80, 0x3f, 0xfd, 0x9e,
    0x1, 0xd6, 0xa0, 0x1f, 0xfe, 0xd5, 0x10, 0xb,
    0x10, 0x3, 0xff, 0xdf, 0x0, 0x38, 0x60, 0x1f,
    0xff, 0x6, 0x5c, 0x30, 0xf, 0xff, 0x78,

    /* U+0041 "A" */
    0x0, 0xff, 0xe2, 0x1b, 0xde, 0xf7, 0xff, 0xff,
    0x4f, 0x64, 0x3, 0xff, 0x9a, 0xb9, 0x88, 0x42,
    0x10, 0xf, 0xfe, 0x99, 0x78, 0x1, 0xd4, 0x3,
    0xff, 0x8e, 0x59, 0x46, 0x1, 0xff, 0xd8, 0x16,
    0x1, 0x8a, 0xc2, 0x0, 0xff, 0xe2, 0xc1, 0x80,
    0x7f, 0xf6, 0x98, 0x0, 0xc0, 0x3, 0xd4, 0x0,
    0xff, 0xe2, 0x52, 0x0, 0x7f, 0xf6, 0xa4, 0x1,
    0x40, 0x1a, 0xd0, 0x3, 0xff, 0x80, 0x66, 0x0,
    0x59, 0x80, 0x7f, 0xf6, 0x14, 0x41, 0x8, 0x3,
    0xac, 0x80, 0x3f, 0xc3, 0xb8, 0x60, 0xd, 0x30,
    0xf, 0xfe, 0xbf, 0x0, 0x3c, 0x3, 0xe9, 0x0,
    0xff, 0x58, 0x86, 0x90, 0xe, 0x90, 0x7, 0xff,
    0x54, 0x90, 0x9, 0x0, 0x3e, 0x43, 0x0, 0xfc,
    0x6a, 0x0, 0x1c, 0x20, 0x1c, 0x20, 0xf, 0xfe,
    0xa5, 0x80, 0x2c, 0x3, 0xfa, 0x80, 0x3f, 0x48,
    0x6, 0x1f, 0x10, 0x1f, 0x10, 0xf, 0xfe, 0x90,
    0xb0, 0x1, 0x80, 0x3f, 0x9c, 0x3, 0xf2, 0x80,
    0x71, 0x60, 0x81, 0x60, 0x80, 0x7f, 0xf4, 0x58,
    0x0, 0xe0, 0x1f, 0xe1, 0x10, 0x7, 0x90, 0x3,
    0xe2, 0xd1, 0x2, 0xd0, 0xf, 0xfe, 0x8d, 0x0,
    0x28, 0x3, 0xfe, 0x20, 0xf, 0x18, 0x7, 0xe3,
    0xd0, 0x1, 0xe0, 0x7, 0xff, 0x3d, 0x8, 0x10,
    0x80, 0x3f, 0xe7, 0x0, 0xf7, 0x0, 0x7f, 0x1d,
    0x80, 0xe, 0xc0, 0x3f, 0xf9, 0xde, 0x0, 0xf0,
    0xf, 0xfe, 0x39, 0x0, 0x7f, 0x92, 0xc0, 0x9,
    0xff, 0xff, 0xce, 0x40, 0x24, 0x0, 0xff, 0xe3,
    0xb8, 0x7, 0xfc, 0x94, 0x1, 0xff, 0xd2, 0xb0,
    0xf, 0xfe, 0xb, 0x80, 0x78, 0x40, 0x3f, 0xf8,
    0xa, 0x40, 0x1f, 0xfd, 0x17, 0x0, 0xff, 0xe0,
    0x88, 0x7, 0x8c, 0x3, 0xff, 0x82, 0x60, 0x1f,
    0xfd, 0x11, 0x0, 0xff, 0xe0, 0x98, 0x7, 0x84,
    0x3, 0xff, 0x82, 0x20, 0x1f, 0xfd, 0xf1, 0x0,
    0xff, 0xf2, 0x88, 0x7, 0xff, 0x20, 0x40, 0x3f,
    0xf8, 0x22, 0x1, 0xff, 0xd1, 0x30, 0xf, 0xfe,
    0x8, 0x80, 0x78, 0xc0, 0x3f, 0xf8, 0x26, 0x1,
    0xff, 0xd1, 0x10, 0xf, 0xfe, 0x9, 0x80, 0x78,
    0x40, 0x3f, 0xf8, 0x22, 0x1, 0xff, 0xd1, 0x70,
    0xf, 0xfe, 0x8, 0x80, 0x79, 0xc0, 0x3f, 0xf8,
    0x2e, 0x1, 0xff, 0xd1, 0x20, 0xf, 0xfe, 0xb,
    0x80, 0x78, 0x40, 0x3f, 0xf8, 0x22, 0x1, 0xff,
    0xd1, 0x10, 0xf, 0xfe, 0x8, 0x80, 0x78, 0xc0,
    0x3f, 0xf8, 0x26, 0x1, 0xff, 0xd1, 0xf0, 0xf,
    0xfe, 0x9, 0x80, 0x78, 0x40, 0x3f, 0xf8, 0x22,
    0x1, 0xff, 0xd1, 0x10, 0xf, 0xfe, 0x8, 0x80,
    0x7b, 0xc0, 0x3f, 0xf8, 0x3e, 0x1, 0xff, 0xd1,
    0x30, 0xf, 0xfe, 0xf, 0x80, 0x78, 0x40, 0x3f,
    0xf8, 0x22, 0x1, 0xff, 0xd1, 0x10, 0xf, 0xfe,
    0x8, 0x80, 0x78, 0xc0, 0x3f, 0xf8, 0x26, 0x1,
    0xff, 0xd1, 0x70, 0xf, 0xfe, 0x9, 0x80, 0x79,
    0x80, 0x3f, 0xf8, 0x22, 0x1, 0xff, 0xd1, 0x10,
    0xf, 0xfe, 0x8, 0x80, 0x78, 0x40, 0x3f, 0xf8,
    0x2e, 0x1, 0xff, 0xd1, 0x30, 0xf, 0xfe, 0xb,
    0x0, 0x78, 0xc0, 0x3f, 0xf8, 0x22, 0x1, 0xff,
    0xd1, 0x10, 0xf, 0xfe, 0x9, 0x80, 0x78, 0x40,
    0x3f, 0xf8, 0x26, 0x1, 0xff, 0xdf, 0x10, 0xf,
    0xfe, 0x40, 0x80, 0x7f, 0xf4, 0x4, 0x3, 0xff,
    0x90, 0x20, 0x1f, 0xfc, 0x11, 0x0, 0xff, 0xe8,
    0x98, 0x7, 0xff, 0x4, 0x40, 0x3c, 0x60, 0x1f,
    0xfc, 0x13, 0x0, 0xff, 0xe8, 0x88, 0x7, 0xff,
    0x4, 0xc0, 0x3c, 0x20, 0x1f, 0xfc, 0x11, 0x0,
    0xff, 0xe8, 0xb0, 0x7, 0xff, 0x4, 0x40, 0x3c,
    0xe0, 0x1f, 0xfc, 0x17, 0x0, 0xff, 0xe8, 0x98,
    0x7, 0xff, 0x5, 0xc0, 0x3c, 0x20, 0x1f, 0xfc,
    0x11, 0x0, 0xff, 0xe8, 0x88, 0x7, 0xff, 0x4,
    0x40, 0x3c, 0x60, 0x1f, 0xfc, 0x13, 0x0, 0xff,
    0xe8, 0xf8, 0x7, 0xff, 0x4, 0xc0, 0x3c, 0x20,
    0x1f, 0xfc, 0x11, 0x0, 0xff, 0xe8, 0x88, 0x7,
    0xff, 0x4, 0x40, 0x3d, 0xe0, 0x1f, 0xfc, 0x1f,
    0x0, 0xff, 0xe8, 0x98, 0x7, 0xff, 0x7, 0xc0,
    0x3c, 0x20, 0x1f, 0xfc, 0x11, 0x0, 0xff, 0xe8,
    0x88, 0x7, 0xff, 0x4, 0x40, 0x3c, 0x60, 0x1f,
    0xfc, 0x13, 0x0, 0xff, 0xe8, 0xb8, 0x7, 0xff,
    0x4, 0xc0, 0x3c, 0x20, 0x1f, 0xfc, 0x11, 0x0,
    0xff, 0xe8, 0x88, 0x7, 0xff, 0x4, 0x40, 0x3c,
    0xe0, 0x1f, 0xfc, 0x17, 0x0, 0xff, 0xe8, 0x98,
    0x7, 0xff, 0x5, 0xc0, 0x3c, 0x20, 0x1f, 0xfc,
    0x6, 0x30, 0xf, 0xfe, 0x8c, 0x80, 0x7f, 0xf0,
    0x44, 0x3, 0xc6, 0x1, 0xfe, 0x1a, 0x90, 0xf,
    0xfe, 0x93, 0xd8, 0x80, 0x7f, 0xc6, 0x1, 0xe1,
    0x0, 0xfe, 0x3f, 0x50, 0x4, 0xff, 0xff, 0xf3,
    0xa4, 0x0, 0x9e, 0x60, 0x1f, 0xe1, 0x0, 0xf1,
    0x0, 0x7e, 0x8c, 0x10, 0x2d, 0x60, 0xf, 0xfe,
    0x73, 0x60, 0x80, 0xe3, 0x0, 0x7e, 0x30, 0xf,
    0xb5, 0x40, 0x38, 0x71, 0xc0, 0xd, 0xa4, 0x1,
    0xff, 0xd0, 0x3f, 0x30, 0x4, 0xc8, 0x3, 0xcf,
    0x80, 0x1f, 0xaa, 0x0, 0x25, 0xe3, 0x1, 0xa9,
    0x0, 0xff, 0xe9, 0x8e, 0x30, 0x1, 0xb0, 0x80,
    0x3, 0x70, 0x1, 0xfe, 0x7b, 0x19, 0xa0, 0x1,
    0xfa, 0x80, 0x7f, 0xf5, 0xa6, 0x40, 0x3, 0xc4,
    0x47, 0xa0, 0x7, 0xff, 0x1, 0x39, 0x80, 0x11,
    0x82, 0x1, 0xff, 0xd8, 0x6c, 0x10, 0x1b, 0xb0,
    0x80, 0x7f, 0xf1, 0x7, 0x1c, 0x3, 0xff, 0xb6,
    0x7e, 0x80, 0x1f, 0xfc, 0x83, 0x10, 0xf, 0xfe,
    0xf3, 0x80, 0x7f, 0xf2, 0xb, 0x54, 0x3, 0xff,
    0xb6, 0xbe, 0x60, 0x1f, 0xfc, 0x56, 0xa1, 0x0,
    0x54, 0x0, 0x7f, 0xf6, 0x66, 0x84, 0xa, 0xd4,
    0x3, 0xff, 0x80, 0x37, 0x2b, 0x84, 0x0, 0x7b,
    0x10, 0xf, 0xfe, 0xa9, 0x6b, 0x0, 0x17, 0x52,
    0xa0, 0x3, 0xfc, 0x7e, 0x80, 0x2, 0xd5, 0x0,
    0x26, 0x10, 0x7, 0xff, 0x4d, 0xb4, 0x80, 0x15,
    0x40, 0x9, 0xec, 0x3, 0xf3, 0xe0, 0x80, 0x75,
    0x48, 0x0, 0xb5, 0x40, 0x3f, 0xfa, 0x3, 0x72,
    0x0, 0x3d, 0x50, 0xe, 0x4d, 0x10, 0xf, 0x50,
    0x7, 0xe6, 0xc1, 0x0, 0x54, 0x0, 0x7f, 0xf3,
    0x93, 0xd0, 0x0, 0xf8, 0x40, 0x1f, 0x11, 0x80,
    0x78, 0xc0, 0x3f, 0x8f, 0xcc, 0x0, 0xff, 0xff,
    0xfc, 0xeb, 0x10, 0x1b, 0x80, 0xf, 0xfe, 0x28,
    0x80, 0x7f, 0x87, 0x1c, 0x3, 0xff, 0xa4, 0x9e,
    0x80, 0x1f, 0xf1, 0x80, 0x7f, 0xf1, 0xe0, 0x40,
    0x3f, 0xfa, 0x36, 0x20, 0x1f, 0xfc, 0x1, 0x0,
    0xff, 0xe4, 0x8, 0x7, 0xff, 0x40, 0x40, 0x3f,
    0xf9, 0x2, 0x1, 0xff, 0xdf, 0x30, 0xf, 0xfe,
    0x8, 0x80, 0x78, 0xc0, 0x3f, 0xf8, 0x22, 0x1,
    0xff, 0xd1, 0x10, 0xf, 0xfe, 0x9, 0x80, 0x78,
    0x40, 0x3f, 0xf8, 0x26, 0x1, 0xff, 0xd1, 0x70,
    0xf, 0xfe, 0x8, 0x80, 0x79, 0xc0, 0x3f, 0xf8,
    0x22, 0x1, 0xff, 0xd1, 0x10, 0xf, 0xfe, 0xb,
    0x80, 0x78, 0x40, 0x3f, 0xf8, 0x2e, 0x1, 0xff,
    0xd1, 0x30, 0xf, 0xfe, 0x8, 0x80, 0x78, 0xc0,
    0x3f, 0xf8, 0x22, 0x1, 0xff, 0xd1, 0x10, 0xf,
    0xfe, 0x9, 0x80, 0x78, 0x40, 0x3f, 0xf8, 0x26,
    0x1, 0xff, 0xd1, 0xf0, 0xf, 0xfe, 0x8, 0x80,
    0x7b, 0xc0, 0x3f, 0xf8, 0x22, 0x1, 0xff, 0xd1,
    0x10, 0xf, 0xfe, 0xf, 0x80, 0x78, 0x40, 0x3f,
    0xf8, 0x3e, 0x1, 0xff, 0xd1, 0x30, 0xf, 0xfe,
    0x8, 0x80, 0x78, 0xc0, 0x3f, 0xf8, 0x22, 0x1,
    0xff, 0xd1, 0x10, 0xf, 0xfe, 0x9, 0x80, 0x78,
    0x40, 0x3f, 0xf8, 0x26, 0x1, 0xff, 0xd1, 0x70,
    0xf, 0xfe, 0x8, 0x80, 0x79, 0xc0, 0x3f, 0xf8,
    0x22, 0x1, 0xff, 0xd1, 0x10, 0xf, 0xfe, 0xb,
    0x80, 0x78, 0x40, 0x3f, 0xf8, 0x2e, 0x1, 0xff,
    0xd1, 0x30, 0xf, 0xfe, 0x8, 0x80, 0x78, 0xc0,
    0x3f, 0xf8, 0x24, 0x1, 0xff, 0xd1, 0x10, 0xf,
    0xfe, 0x9, 0x80, 0x78, 0x40, 0x3f, 0xf8, 0x22,
    0x1, 0xff, 0xdf, 0x10, 0xf, 0xff, 0x28, 0x80,
    0x7f, 0xf2, 0x4, 0x3, 0xff, 0x82, 0x20, 0x1f,
    0xfd, 0x12, 0x0, 0xff, 0xe0, 0x88, 0x7, 0x8c,
    0x3, 0xff, 0x82, 0x60, 0x1f, 0xfd, 0x17, 0x0,
    0xff, 0xe0, 0x98, 0x7, 0x84, 0x3, 0xff, 0x82,
    0x20, 0x1f, 0xfd, 0x11, 0x0, 0xff, 0xe0, 0x88,
    0x7, 0x9c, 0x3, 0xff, 0x82, 0xe0, 0x1f, 0xfd,
    0x13, 0x0, 0xff, 0xe0, 0xb8, 0x7, 0x84, 0x3,
    0xff, 0x82, 0x20, 0x1f, 0xfd, 0x11, 0x0, 0xff,
    0xe0, 0x88, 0x7, 0x8c, 0x3, 0xff, 0x82, 0x60,
    0x1f, 0xfd, 0x1f, 0x0, 0xff, 0xe0, 0x98, 0x7,
    0x84, 0x3, 0xff, 0x82, 0x20, 0x1f, 0xfd, 0x11,
    0x0, 0xff, 0xe0, 0x88, 0x7, 0xbc, 0x3, 0xff,
    0x83, 0xe0, 0x1f, 0xfd, 0x13, 0x0, 0xff, 0xe4,
    0x8, 0x7, 0xff, 0x4, 0x40, 0x3f, 0xfa, 0x22,
    0x1, 0xff, 0xc1, 0xf0, 0xf, 0x18, 0x7, 0xff,
    0x4, 0xc0, 0x3f, 0xfa, 0x2e, 0x1, 0xff, 0xc1,
    0x10, 0xf, 0x8, 0x7, 0xff, 0x4, 0x40, 0x3f,
    0xfa, 0x22, 0x1, 0xff, 0xc1, 0x30, 0xf, 0x38,
    0x7, 0xff, 0x5, 0xc0, 0x3f, 0xfa, 0x26, 0x1,
    0xff, 0xc1, 0x10, 0xf, 0x8, 0x7, 0xff, 0x4,
    0x40, 0x3f, 0xfa, 0x22, 0x1, 0xff, 0xc1, 0x70,
    0xf, 0x18, 0x7, 0xff, 0x1, 0x8, 0x3, 0xff,
    0xa2, 0x40, 0x1f, 0xfc, 0x11, 0x0, 0xff, 0xe3,
    0x2d, 0x80, 0x7f, 0xf4, 0x94, 0x3, 0xff, 0x82,
    0x60, 0x1e, 0x10, 0xf, 0xf3, 0x50, 0x7, 0xff,
    0x4e, 0xc0, 0x3f, 0xf8, 0x22, 0x1, 0xff, 0xc4,
    0x79, 0x0, 0xff, 0xea, 0x18, 0x80, 0x7f, 0xc4,
    0x1, 0xff, 0xc4, 0x88, 0x0, 0x7f, 0xf5, 0x90,
    0x3, 0xfe, 0x60, 0xf, 0x88, 0x3, 0xe9, 0x70,
    0xf, 0xfe, 0xbf, 0x80, 0x7f, 0xd8, 0x1, 0xf3,
    0x80, 0x7a, 0x98, 0x3, 0xff, 0xb0, 0xa0, 0x1f,
    0xf2, 0x80, 0x7d, 0xe0, 0x1d, 0x6a, 0x1, 0xff,
    0xda, 0x40, 0xf, 0xe3, 0x20, 0xf, 0x94, 0x40,
    0x2c, 0x40, 0xf, 0xfe, 0xde, 0x80, 0x7f, 0x40,
    0x7, 0xf4, 0x0, 0xe1, 0x80, 0x7f, 0xf7, 0x1c,
    0x3, 0xf2, 0x20, 0x3, 0xf9, 0x97, 0xc, 0x3,
    0xff, 0xba, 0x26, 0x1, 0xe1, 0xa0, 0xf, 0xfa,
    0x88, 0x3, 0xff, 0xbf, 0x60, 0x1c, 0x38, 0x20,
    0x1f, 0xfe, 0xc5, 0x0, 0xc5, 0x84, 0x1, 0xff,
    0xed, 0x22, 0x0, 0x1b, 0x48, 0x3, 0xff, 0xde,
    0xaa, 0xc9, 0x0, 0xff, 0xf8, 0xc5, 0x18, 0x7,
    0xff, 0x4,

    /* U+0042 "B" */
    0x0, 0xff, 0xe2, 0x1b, 0xde, 0xf7, 0xff, 0xff,
    0x4f, 0x64, 0x3, 0xff, 0x9a, 0xb9, 0x88, 0x42,
    0x10, 0xf, 0xfe, 0x99, 0x78, 0x1, 0xd4, 0x3,
    0xff, 0x8e, 0x59, 0x46, 0x1, 0xff, 0xd8, 0x16,
    0x1, 0x8a, 0xc2, 0x0, 0xff, 0xe2, 0xc1, 0x80,
    0x7f, 0xf6, 0x98, 0x0, 0xc0, 0x3, 0xd4, 0x0,
    0xff, 0xe2, 0x52, 0x0, 0x7f, 0xf6, 0xa4, 0x1,
    0x40, 0x1a, 0xd0, 0x3, 0xff, 0x80, 0x66, 0x0,
    0x59, 0x80, 0x7f, 0xf6, 0x14, 0x41, 0x8, 0x3,
    0xac, 0x80, 0x3f, 0xc3, 0xb8, 0x60, 0xd, 0x30,
    0xf, 0xfe, 0xbf, 0x0, 0x3c, 0x3, 0xe9, 0x0,
    0xff, 0x58, 0x86, 0x90, 0xe, 0x90, 0x7, 0xff,
    0x54, 0x90, 0x9, 0x0, 0x3e, 0x43, 0x0, 0xfc,
    0x6a, 0x0, 0x1c, 0x20, 0x1c, 0x20, 0xf, 0xfe,
    0xa5, 0x80, 0x2c, 0x3, 0xfa, 0x80, 0x3f, 0x48,
    0x6, 0x1f, 0x10, 0x1f, 0x10, 0xf, 0xfe, 0x90,
    0xb0, 0x1, 0x80, 0x3f, 0x9c, 0x3, 0xf2, 0x80,
    0x71, 0x60, 0x81, 0x60, 0x80, 0x7f, 0xf4, 0x58,
    0x0, 0xe0, 0x1f, 0xe1, 0x10, 0x7, 0x90, 0x3,
    0xe2, 0xc1, 0x2, 0xd0, 0xf, 0xfe, 0x8d, 0x0,
    0x28, 0x3, 0xfe, 0x20, 0xf, 0x18, 0x7, 0xe2,
    0xd0, 0x1, 0xe0, 0x7, 0xff, 0x3d, 0x8, 0x10,
    0x80, 0x3f, 0xe7, 0x0, 0xf7, 0x0, 0x7f, 0x1d,
    0x80, 0xe, 0xc0, 0x3f, 0xf9, 0xde, 0x0, 0xf0,
    0xf, 0xfe, 0x39, 0x0, 0x7f, 0x92, 0xc0, 0x9,
    0xff, 0xff, 0xce, 0x40, 0x24, 0x0, 0xff, 0xe3,
    0xb8, 0x7, 0xfc, 0x94, 0x1, 0xff, 0xd2, 0xb0,
    0xf, 0xfe, 0xb, 0x80, 0x78, 0x40, 0x3f, 0xf8,
    0xa, 0x60, 0x1f, 0xfd, 0x17, 0x0, 0xff, 0xe0,
    0x88, 0x7, 0x8c, 0x3, 0xff, 0x82, 0x40, 0x1f,
    0xfd, 0x11, 0x0, 0xff, 0xe0, 0x98, 0x7, 0x84,
    0x3, 0xff, 0x82, 0x20, 0x1f, 0xfd, 0xf1, 0x0,
    0xff, 0xf2, 0x88, 0x7, 0xff, 0x20, 0x40, 0x3f,
    0xf8, 0x22, 0x1, 0xff, 0xd1, 0x30, 0xf, 0xfe,
    0x8, 0x80, 0x78, 0xc0, 0x3f, 0xf8, 0x26, 0x1,
    0xff, 0xd1, 0x10, 0xf, 0xfe, 0x9, 0x80, 0x78,
    0x40, 0x3f, 0xf8, 0x22, 0x1, 0xff, 0xd1, 0x70,
    0xf, 0xfe, 0x8, 0x80, 0x79, 0xc0, 0x3f, 0xf8,
    0x2e, 0x1, 0xff, 0xd1, 0x20, 0xf, 0xfe, 0xb,
    0x80, 0x78, 0x40, 0x3f, 0xf8, 0x22, 0x1, 0xff,
    0xd1, 0x10, 0xf, 0xfe, 0x8, 0x80, 0x78, 0xc0,
    0x3f, 0xf8, 0x26, 0x1, 0xff, 0xd1, 0xf0, 0xf,
    0xfe, 0x9, 0x80, 0x78, 0x40, 0x3f, 0xf8, 0x22,
    0x1, 0xff, 0xd1, 0x10, 0xf, 0xfe, 0x8, 0x80,
    0x7b, 0xc0, 0x3f, 0xf8, 0x3e, 0x1, 0xff, 0xd1,
    0x30, 0xf, 0xfe, 0xf, 0x80, 0x78, 0x40, 0x3f,
    0xf8, 0x22, 0x1, 0xff, 0xd1, 0x10, 0xf, 0xfe,
    0x8, 0x80, 0x78, 0xc0, 0x3f, 0xf8, 0x26, 0x1,
    0xff, 0xd1, 0x70, 0xf, 0xfe, 0x9, 0x80, 0x79,
    0x80, 0x3f, 0xf8, 0x22, 0x1, 0xff, 0xd1, 0x10,
    0xf, 0xfe, 0x8, 0x80, 0x78, 0x40, 0x3f, 0xf8,
    0x2e, 0x1, 0xff, 0xd1, 0x30, 0xf, 0xfe, 0xb,
    0x0, 0x78, 0xc0, 0x3f, 0xf8, 0x22, 0x1, 0xff,
    0xd1, 0x10, 0xf, 0xfe, 0x9, 0x80, 0x78, 0x40,
    0x3f, 0xf8, 0x26, 0x1, 0xff, 0xdf, 0x10, 0xf,
    0xfe, 0x40, 0x80, 0x7f, 0xf4, 0x4, 0x3, 0xff,
    0x90, 0x20, 0x1f, 0xfc, 0x11, 0x0, 0xff, 0xe8,
    0x98, 0x7, 0xff, 0x4, 0x40, 0x3c, 0x60, 0x1f,
    0xfc, 0x13, 0x0, 0xff, 0xe8, 0x88, 0x7, 0xff,
    0x4, 0xc0, 0x3c, 0x20, 0x1f, 0xfc, 0x11, 0x0,
    0xff, 0xe8, 0xb0, 0x7, 0xff, 0x4, 0x40, 0x3c,
    0xe0, 0x1f, 0xfc, 0x17, 0x0, 0xff, 0xe8, 0x98,
    0x7, 0xff, 0x5, 0xc0, 0x3c, 0x20, 0x1f, 0xfc,
    0x11, 0x0, 0xff, 0xe8, 0x88, 0x7, 0xff, 0x4,
    0x40, 0x3c, 0x60, 0x1f, 0xfc, 0x13, 0x0, 0xff,
    0xe8, 0xf8, 0x7, 0xff, 0x4, 0xc0, 0x3c, 0x20,
    0x1f, 0xfc, 0x11, 0x0, 0xff, 0xe8, 0x88, 0x7,
    0xff, 0x4, 0x40, 0x3d, 0xe0, 0x1f, 0xfc, 0x1f,
    0x0, 0xff, 0xe8, 0x98, 0x7, 0xff, 0x7, 0xc0,
    0x3c, 0x20, 0x1f, 0xfc, 0x11, 0x0, 0xff, 0xe8,
    0x88, 0x7, 0xff, 0x4, 0x40, 0x3c, 0x60, 0x1f,
    0xfc, 0x13, 0x0, 0xff, 0xe8, 0xb8, 0x7, 0xff,
    0x4, 0xc0, 0x3c, 0x20, 0x1f, 0xfc, 0x11, 0x0,
    0xff, 0xe8, 0x88, 0x7, 0xff, 0x4, 0x40, 0x3c,
    0xe0, 0x1f, 0xfc, 0x17, 0x0, 0xff, 0xe8, 0x98,
    0x7, 0xff, 0x5, 0xc0, 0x3c, 0x20, 0x1f, 0xfc,
    0x6, 0x30, 0xf, 0xfe, 0x8c, 0x80, 0x7f, 0xf0,
    0x44, 0x3, 0xc6, 0x1, 0xfe, 0x1b, 0x90, 0xf,
    0xfe, 0x93, 0xe0, 0x80, 0x7f, 0xc6, 0x1, 0xe1,
    0x0, 0xfe, 0x4f, 0x40, 0x4, 0xff, 0xff, 0xf3,
    0xa4, 0x0, 0x7e, 0x60, 0x1f, 0xe1, 0x0, 0xf1,
    0x0, 0x7e, 0x8b, 0x10, 0x2d, 0x60, 0xf, 0xfe,
    0x73, 0x60, 0x80, 0xe3, 0x0, 0x7e, 0x30, 0xf,
    0xb5, 0x40, 0x38, 0xb1, 0xc0, 0xd, 0xa4, 0x1,
    0xff, 0xd0, 0x3f, 0x30, 0x4, 0xd0, 0x7, 0x9f,
    0x0, 0x3f, 0x54, 0x0, 0x4b, 0xa6, 0x3, 0x72,
    0x1, 0xff, 0xd3, 0x1c, 0x60, 0x2, 0xe1, 0x0,
    0x6, 0xe0, 0x3, 0xfc, 0xf6, 0x35, 0x40, 0x2,
    0x7a, 0x0, 0x7f, 0xf5, 0xa6, 0x80, 0x7, 0x88,
    0x8f, 0x40, 0xf, 0xfe, 0x2, 0x72, 0x80, 0x22,
    0xc4, 0x3, 0xff, 0xb0, 0xb8, 0x20, 0x37, 0x61,
    0x0, 0xff, 0xe2, 0x16, 0x38, 0x7, 0xff, 0x6c,
    0xfd, 0x0, 0x3f, 0xf9, 0x22, 0x1, 0xff, 0xdd,
    0x37, 0x0, 0xff, 0xe4, 0x16, 0xa8, 0x7, 0xff,
    0x6d, 0x74, 0xc0, 0x3f, 0xf8, 0xaf, 0x62, 0x0,
    0xa8, 0x0, 0xff, 0xec, 0xcd, 0x0, 0xb, 0x14,
    0x3, 0xff, 0x80, 0x37, 0x9, 0x86, 0x0, 0x7b,
    0x10, 0xf, 0xfe, 0xa9, 0xeb, 0x0, 0x17, 0x4e,
    0xa0, 0x3, 0xfc, 0x9e, 0x80, 0x2, 0xc6, 0x0,
    0x26, 0x18, 0x7, 0xff, 0x4d, 0xf0, 0x80, 0x15,
    0x40, 0x9, 0xec, 0x3, 0xf3, 0xd8, 0x80, 0x74,
    0xc8, 0x0, 0x58, 0xa0, 0x1f, 0xfd, 0x1, 0xb8,
    0x0, 0x1e, 0xa8, 0x7, 0x26, 0x88, 0x7, 0xa8,
    0x3, 0xf3, 0x60, 0x80, 0x2a, 0x0, 0x3f, 0xf9,
    0xc9, 0xe8, 0x0, 0x7c, 0x20, 0xf, 0x88, 0xc0,
    0x3c, 0x60, 0x1f, 0xc7, 0xe8, 0x0, 0x7f, 0xff,
    0xfe, 0x75, 0x88, 0xd, 0xc0, 0x7, 0xf8, 0xc0,
    0x3c, 0x20, 0x1f, 0xe1, 0xb7, 0x0, 0xff, 0xe9,
    0x27, 0xa0, 0x7, 0xff, 0x4e, 0x4, 0x3, 0xff,
    0xa3, 0x62, 0x1, 0xff, 0xc0, 0x10, 0xf, 0xfe,
    0x40, 0x80, 0x7f, 0xf4, 0x4, 0x3, 0xff, 0x90,
    0x20, 0x1f, 0xfd, 0xf3, 0x0, 0xff, 0xe0, 0x88,
    0x7, 0x8c, 0x3, 0xff, 0x82, 0x20, 0x1f, 0xfd,
    0x11, 0x0, 0xff, 0xe0, 0x98, 0x7, 0x84, 0x3,
    0xff, 0x82, 0x60, 0x1f, 0xfd, 0x17, 0x0, 0xff,
    0xe0, 0x88, 0x7, 0x9c, 0x3, 0xff, 0x82, 0x20,
    0x1f, 0xfd, 0x11, 0x0, 0xff, 0xe0, 0xb8, 0x7,
    0x84, 0x3, 0xff, 0x82, 0xe0, 0x1f, 0xfd, 0x13,
    0x0, 0xff, 0xe0, 0x88, 0x7, 0x8c, 0x3, 0xff,
    0x82, 0x20, 0x1f, 0xfd, 0x11, 0x0, 0xff, 0xe0,
    0x98, 0x7, 0x84, 0x3, 0xff, 0x82, 0x60, 0x1f,
    0xfd, 0x1f, 0x0, 0xff, 0xe0, 0x88, 0x7, 0xbc,
    0x3, 0xff, 0x82, 0x20, 0x1f, 0xfd, 0x11, 0x0,
    0xff, 0xe0, 0xf8, 0x7, 0x84, 0x3, 0xff, 0x83,
    0xe0, 0x1f, 0xfd, 0x13, 0x0, 0xff, 0xe0, 0x88,
    0x7, 0x8c, 0x3, 0xff, 0x82, 0x20, 0x1f, 0xfd,
    0x11, 0x0, 0xff, 0xe0, 0x98, 0x7, 0x84, 0x3,
    0xff, 0x82, 0x60, 0x1f, 0xfd, 0x17, 0x0, 0xff,
    0xe0, 0x88, 0x7, 0x9c, 0x3, 0xff, 0x82, 0x20,
    0x1f, 0xfd, 0x11, 0x0, 0xff, 0xe0, 0xb8, 0x7,
    0x84, 0x3, 0xff, 0x82, 0xc0, 0x1f, 0xfd, 0x13,
    0x0, 0xff, 0xe0, 0x88, 0x7, 0x8c, 0x3, 0xff,
    0x82, 0x60, 0x1f, 0xfd, 0x11, 0x0, 0xff, 0xe0,
    0x98, 0x7, 0x84, 0x3, 0xff, 0x82, 0x20, 0x1f,
    0xfd, 0xf1, 0x0, 0xff, 0xf2, 0x90, 0x7, 0xff,
    0x20, 0x40, 0x3f, 0xf8, 0x22, 0x1, 0xff, 0xd1,
    0x10, 0xf, 0xfe, 0x8, 0x80, 0x78, 0xc0, 0x3f,
    0xf8, 0x26, 0x1, 0xff, 0xd1, 0x70, 0xf, 0xfe,
    0x9, 0x80, 0x78, 0x40, 0x3f, 0xf8, 0x22, 0x1,
    0xff, 0xd1, 0x10, 0xf, 0xfe, 0x8, 0x80, 0x79,
    0xc0, 0x3f, 0xf8, 0x2e, 0x1, 0xff, 0xd1, 0x30,
    0xf, 0xfe, 0xb, 0x80, 0x78, 0x40, 0x3f, 0xf8,
    0x22, 0x1, 0xff, 0xd1, 0x10, 0xf, 0xfe, 0x8,
    0x80, 0x78, 0xc0, 0x3f, 0xf8, 0x26, 0x1, 0xff,
    0xd1, 0xf0, 0xf, 0xfe, 0x9, 0x80, 0x78, 0x40,
    0x3f, 0xf8, 0x22, 0x1, 0xff, 0xd1, 0x10, 0xf,
    0xfe, 0x8, 0x80, 0x7b, 0xc0, 0x3f, 0xf8, 0x3e,
    0x1, 0xff, 0xd1, 0x30, 0xf, 0xfe, 0xf, 0x80,
    0x78, 0x40, 0x3f, 0xf8, 0x22, 0x1, 0xff, 0xd1,
    0x10, 0xf, 0xfe, 0x8, 0x80, 0x78, 0xc0, 0x3f,
    0xf8, 0x26, 0x1, 0xff, 0xd1, 0x70, 0xf, 0xfe,
    0x40, 0x80, 0x7f, 0xf0, 0x44, 0x3, 0xff, 0xa2,
    0x20, 0x1f, 0xfc, 0x13, 0x0, 0xf3, 0x80, 0x7f,
    0xf0, 0x5c, 0x3, 0xff, 0xa2, 0x60, 0x1f, 0xfc,
    0x11, 0x0, 0xf0, 0x80, 0x7f, 0xf0, 0x44, 0x3,
    0xff, 0xa2, 0x20, 0x1f, 0xfc, 0x17, 0x0, 0xf1,
    0x80, 0x7f, 0xf0, 0x14, 0x80, 0x3f, 0xfa, 0x24,
    0x1, 0xff, 0xc1, 0x10, 0xf, 0x8, 0x7, 0xfc,
    0xd4, 0x1, 0xff, 0xd2, 0x50, 0xf, 0xfe, 0x9,
    0x80, 0x7f, 0xf1, 0x5e, 0x40, 0x11, 0xff, 0xff,
    0xcd, 0xe0, 0x5, 0x80, 0x7f, 0xf0, 0x44, 0x3,
    0xff, 0x89, 0x10, 0x0, 0x4b, 0x80, 0x7f, 0xf3,
    0x44, 0xc0, 0xc4, 0x3, 0xfe, 0x20, 0xf, 0xfe,
    0x24, 0xb8, 0x2, 0x98, 0x3, 0xff, 0x9f, 0x60,
    0x7, 0x0, 0xff, 0x98, 0x3, 0xe3, 0x0, 0xfa,
    0x98, 0x1, 0x6a, 0x1, 0xff, 0xd0, 0x40, 0x6,
    0x80, 0x7f, 0xd8, 0x1, 0xf2, 0x80, 0x7a, 0xd4,
    0x1, 0x68, 0x1, 0xff, 0xd1, 0x31, 0x4, 0x0,
    0xff, 0x94, 0x3, 0xed, 0x0, 0xc3, 0x88, 0x0,
    0xc4, 0x0, 0xff, 0xe9, 0xb8, 0x1, 0x40, 0x3f,
    0x90, 0x80, 0x3e, 0x41, 0x0, 0xe, 0x18, 0xe,
    0x18, 0x7, 0xff, 0x53, 0x0, 0x1e, 0x1, 0xfd,
    0xe0, 0x1f, 0xd6, 0x5, 0x84, 0x3, 0x86, 0x1,
    0xff, 0xd5, 0x50, 0x2, 0x80, 0x7e, 0x54, 0x0,
    0xfe, 0x56, 0xc2, 0x2, 0xc2, 0x0, 0xff, 0xeb,
    0xa0, 0x1, 0x0, 0x3c, 0x56, 0x1, 0xff, 0x48,
    0x81, 0x61, 0x0, 0x7f, 0xf6, 0x30, 0x1, 0xa0,
    0x1c, 0x3e, 0x20, 0x1f, 0xfc, 0x13, 0xc1, 0x0,
    0xff, 0xec, 0xa8, 0x1, 0xc0, 0x31, 0xf9, 0x0,
    0x7f, 0xf0, 0x89, 0x40, 0x3f, 0xfb, 0x44, 0x40,
    0x13, 0x0, 0x46, 0x8, 0x7, 0xff, 0xc, 0x6e,
    0x8c, 0x3, 0xff, 0xb2, 0x80, 0xb, 0x6e, 0x70,
    0xf, 0xfe, 0x3a, 0xe6, 0x21, 0x8, 0x3, 0xff,
    0xab, 0xa0, 0x7, 0x91, 0x0, 0xff, 0xe0, 0x80,

    /* U+0043 "C" */
    0x0, 0xff, 0xe2, 0x1b, 0xde, 0xf7, 0xff, 0xff,
    0x4f, 0x64, 0x3, 0xff, 0x84, 0xb9, 0x88, 0x42,
    0x10, 0xf, 0xfe, 0x99, 0x78, 0x7, 0xff, 0x0,
    0xb2, 0x8c, 0x3, 0xff, 0xb0, 0x2c, 0x1, 0xff,
    0xc0, 0x83, 0x0, 0xff, 0xed, 0x30, 0x7, 0xff,
    0x6, 0x90, 0x3, 0xff, 0xb5, 0x20, 0x1f, 0xe3,
    0x30, 0x2, 0xcc, 0x3, 0xff, 0xb0, 0xa2, 0x1,
    0xfc, 0x3b, 0x86, 0x0, 0xd3, 0x0, 0xff, 0xeb,
    0xf0, 0x7, 0xfa, 0xc4, 0x34, 0x80, 0x74, 0x80,
    0x3f, 0xfa, 0xa4, 0x80, 0x1f, 0xc6, 0xa0, 0x1,
    0xc2, 0x1, 0xc2, 0x0, 0xff, 0xea, 0x58, 0x7,
    0xfa, 0x40, 0x30, 0xf8, 0x80, 0xf8, 0x80, 0x7f,
    0xf4, 0x85, 0x80, 0x3f, 0xca, 0x1, 0xc5, 0x82,
    0x5, 0x82, 0x1, 0xff, 0xd1, 0x60, 0xf, 0xf2,
    0x0, 0x7c, 0x5a, 0x20, 0x5a, 0x1, 0xff, 0xd1,
    0xa0, 0xf, 0xf1, 0x80, 0x7e, 0x3d, 0x0, 0x1e,
    0x0, 0x7f, 0xf3, 0xd0, 0x80, 0x3f, 0xdc, 0x1,
    0xfc, 0x76, 0x0, 0x3b, 0x0, 0xff, 0xe7, 0x78,
    0x7, 0xfc, 0x40, 0x1f, 0xe4, 0xb0, 0x2, 0x7f,
    0xff, 0xf3, 0x90, 0x3, 0xfe, 0x70, 0xf, 0xf9,
    0x28, 0x3, 0xff, 0xb8, 0x20, 0x1f, 0xfc, 0x5,
    0x20, 0xf, 0xfe, 0xd9, 0x80, 0x7f, 0xf0, 0x4c,
    0x3, 0xff, 0xb6, 0x20, 0x1f, 0xfc, 0x11, 0x0,
    0xff, 0xff, 0x80, 0x7f, 0xf1, 0x44, 0x3, 0xff,
    0x82, 0x20, 0x1f, 0xfd, 0xb3, 0x0, 0xff, 0xe0,
    0x98, 0x7, 0xff, 0x6c, 0x40, 0x3f, 0xf8, 0x22,
    0x1, 0xff, 0xdb, 0x70, 0xf, 0xfe, 0xb, 0x80,
    0x7f, 0xf6, 0xc4, 0x3, 0xff, 0x82, 0x20, 0x1f,
    0xfd, 0xb3, 0x0, 0xff, 0xe0, 0x98, 0x7, 0xff,
    0x6c, 0x40, 0x3f, 0xf8, 0x22, 0x1, 0xff, 0xdb,
    0xf0, 0xf, 0xfe, 0xf, 0x80, 0x7f, 0xf6, 0xc4,
    0x3, 0xff, 0x82, 0x20, 0x1f, 0xfd, 0xb3, 0x0,
    0xff, 0xe0, 0x98, 0x7, 0xff, 0x6d, 0x80, 0x3f,
    0xf8, 0x22, 0x1, 0xff, 0xdb, 0x10, 0xf, 0xfe,
    0xb, 0x80, 0x7f, 0xf6, 0xcc, 0x3, 0xff, 0x82,
    0x20, 0x1f, 0xfd, 0xb1, 0x0, 0xff, 0xe0, 0x98,
    0x7, 0xff, 0xa4, 0x40, 0x3f, 0xfb, 0x42, 0x1,
    0xff, 0xc1, 0x10, 0xf, 0xfe, 0xd9, 0x80, 0x7f,
    0xf0, 0x4c, 0x3, 0xff, 0xb6, 0x20, 0x1f, 0xfc,
    0x11, 0x0, 0xff, 0xed, 0xb8, 0x7, 0xff, 0x5,
    0xc0, 0x3f, 0xfb, 0x62, 0x1, 0xff, 0xc1, 0x10,
    0xf, 0xfe, 0xd9, 0x80, 0x7f, 0xf0, 0x4c, 0x3,
    0xff, 0xb6, 0x20, 0x1f, 0xfc, 0x11, 0x0, 0xff,
    0xed, 0xf8, 0x7, 0xff, 0x7, 0xc0, 0x3f, 0xfb,
    0x62, 0x1, 0xff, 0xc1, 0x10, 0xf, 0xfe, 0xd9,
    0x80, 0x7f, 0xf0, 0x4c, 0x3, 0xff, 0xb6, 0x20,
    0x1f, 0xfc, 0x11, 0x0, 0xff, 0xed, 0xb8, 0x7,
    0xff, 0x5, 0xc0, 0x3f, 0xfb, 0x62, 0x1, 0xff,
    0xc0, 0x63, 0x0, 0xff, 0xed, 0x98, 0x7, 0xf8,
    0x6a, 0x40, 0x3f, 0xfb, 0x82, 0x1, 0xfc, 0x7e,
    0xa0, 0x1f, 0xfd, 0xd2, 0x0, 0xfd, 0x18, 0x20,
    0x1f, 0xfd, 0xed, 0x40, 0xe, 0x1c, 0x70, 0xf,
    0xff, 0xd, 0xb8, 0x4, 0xbc, 0x60, 0x1f, 0xfe,
    0x38, 0xa1, 0x9a, 0x0, 0xff, 0xf3, 0x2f, 0x30,
    0x7, 0xff, 0xfc, 0x3, 0xff, 0xfe, 0x1, 0xff,
    0xf3, 0x6b, 0x10, 0xf, 0xff, 0x28, 0xdc, 0xa6,
    0x18, 0x7, 0xff, 0x8d, 0x3d, 0x0, 0x5, 0x8a,
    0x1, 0xff, 0xe1, 0x7b, 0x10, 0xe, 0xa9, 0x0,
    0xff, 0xf0, 0x50, 0x7, 0xe6, 0xc1, 0x0, 0xff,
    0xef, 0x18, 0x7, 0xf1, 0xfa, 0x0, 0x7f, 0xf7,
    0x44, 0x3, 0xfc, 0x36, 0xe0, 0x1f, 0xfe, 0x98,
    0x10, 0xf, 0xff, 0x48, 0x80, 0x7f, 0xf6, 0x84,
    0x3, 0xff, 0xd2, 0x60, 0x1f, 0xfc, 0x11, 0x0,
    0xff, 0xed, 0x88, 0x7, 0xff, 0x4, 0xc0, 0x3f,
    0xfb, 0x6e, 0x1, 0xff, 0xc1, 0x10, 0xf, 0xfe,
    0xd8, 0x80, 0x7f, 0xf0, 0x5c, 0x3, 0xff, 0xb6,
    0x60, 0x1f, 0xfc, 0x11, 0x0, 0xff, 0xed, 0x88,
    0x7, 0xff, 0x4, 0xc0, 0x3f, 0xfb, 0x7e, 0x1,
    0xff, 0xc1, 0x10, 0xf, 0xfe, 0xd8, 0x80, 0x7f,
    0xf0, 0x7c, 0x3, 0xff, 0xb6, 0x60, 0x1f, 0xfc,
    0x11, 0x0, 0xff, 0xed, 0x88, 0x7, 0xff, 0x4,
    0xc0, 0x3f, 0xfb, 0x6e, 0x1, 0xff, 0xc1, 0x10,
    0xf, 0xfe, 0xd8, 0x80, 0x7f, 0xf0, 0x58, 0x3,
    0xff, 0xb6, 0x60, 0x1f, 0xfc, 0x13, 0x0, 0xff,
    0xed, 0x88, 0x7, 0xff, 0x4, 0x40, 0x3f, 0xff,
    0xe0, 0x1f, 0xfc, 0x51, 0x0, 0xff, 0xe0, 0x88,
    0x7, 0xff, 0x6c, 0xc0, 0x3f, 0xf8, 0x26, 0x1,
    0xff, 0xdb, 0x10, 0xf, 0xfe, 0x8, 0x80, 0x7f,
    0xf6, 0xdc, 0x3, 0xff, 0x82, 0xe0, 0x1f, 0xfd,
    0xb1, 0x0, 0xff, 0xe0, 0x88, 0x7, 0xff, 0x6c,
    0xc0, 0x3f, 0xf8, 0x26, 0x1, 0xff, 0xdb, 0x10,
    0xf, 0xfe, 0x8, 0x80, 0x7f, 0xf6, 0xfc, 0x3,
    0xff, 0x83, 0xe0, 0x1f, 0xfd, 0xb1, 0x0, 0xff,
    0xe0, 0x88, 0x7, 0xff, 0x6c, 0xc0, 0x3f, 0xf8,
    0x26, 0x1, 0xff, 0xdb, 0x10, 0xf, 0xfe, 0x8,
    0x80, 0x7f, 0xf6, 0xdc, 0x3, 0xff, 0x82, 0xe0,
    0x1f, 0xfd, 0xb1, 0x0, 0xff, 0xe0, 0x88, 0x7,
    0xff, 0x6c, 0xc0, 0x3f, 0xf8, 0xa, 0x40, 0x1f,
    0xfd, 0xb1, 0x0, 0xff, 0x9a, 0x80, 0x3f, 0xfc,
    0xef, 0x20, 0x8, 0xff, 0xff, 0xe6, 0xf0, 0x7,
    0xff, 0x2a, 0x20, 0x0, 0x97, 0x0, 0xff, 0xe6,
    0x89, 0x80, 0x7f, 0xf2, 0x25, 0xc0, 0x14, 0xc0,
    0x1f, 0xfc, 0xfb, 0x0, 0xff, 0x8c, 0x3, 0xea,
    0x60, 0x5, 0xa8, 0x7, 0xff, 0x41, 0x0, 0x3f,
    0xe5, 0x0, 0xf5, 0xa8, 0x2, 0xd0, 0x3, 0xff,
    0xa2, 0x62, 0x1, 0xfe, 0xd0, 0xc, 0x38, 0x80,
    0xc, 0x40, 0xf, 0xfe, 0x9b, 0x80, 0x7f, 0x90,
    0x40, 0x3, 0x86, 0x3, 0x86, 0x1, 0xff, 0xd4,
    0xc0, 0xf, 0xfa, 0xc0, 0xb0, 0x80, 0x70, 0xc0,
    0x3f, 0xfa, 0xaa, 0x1, 0xff, 0x2b, 0x61, 0x1,
    0x61, 0x0, 0x7f, 0xf5, 0xd0, 0x3, 0xfe, 0x91,
    0x2, 0xc2, 0x0, 0xff, 0xec, 0x60, 0x7, 0xff,
    0x4, 0xf0, 0x40, 0x3f, 0xfb, 0x2a, 0x1, 0xff,
    0xc1, 0x25, 0x0, 0xff, 0xed, 0x11, 0x0, 0x3f,
    0xf8, 0x3, 0x74, 0x60, 0x1f, 0xfd, 0x94, 0x0,
    0xff, 0xe1, 0x2e, 0x62, 0x10, 0x80, 0x3f, 0xfa,
    0xba, 0x1, 0xf0,

    /* U+0044 "D" */
    0x0, 0xff, 0xe2, 0x1b, 0xde, 0xf7, 0xff, 0xff,
    0x4f, 0x64, 0x3, 0xff, 0x9a, 0xb9, 0x88, 0x42,
    0x10, 0xf, 0xfe, 0x99, 0x78, 0x1, 0xd4, 0x3,
    0xff, 0x8e, 0x59, 0x46, 0x1, 0xff, 0xd8, 0x16,
    0x1, 0x8a, 0xc2, 0x0, 0xff, 0xe2, 0xc1, 0x80,
    0x7f, 0xf6, 0x98, 0x0, 0xc0, 0x3, 0xd4, 0x0,
    0xff, 0xe2, 0x52, 0x0, 0x7f, 0xf6, 0xa4, 0x1,
    0x40, 0x1a, 0xd0, 0x3, 0xff, 0x80, 0x66, 0x0,
    0x59, 0x80, 0x7f, 0xf6, 0x14, 0x41, 0x8, 0x3,
    0xac, 0x80, 0x3f, 0xc3, 0xb8, 0x60, 0xd, 0x30,
    0xf, 0xfe, 0xbf, 0x0, 0x3c, 0x3, 0xe9, 0x0,
    0xff, 0x58, 0x86, 0x90, 0xe, 0x90, 0x7, 0xff,
    0x54, 0x90, 0x9, 0x0, 0x3e, 0x43, 0x0, 0xfc,
    0x6a, 0x0, 0x1c, 0x20, 0x1c, 0x20, 0xf, 0xfe,
    0xa5, 0x80, 0x2c, 0x3, 0xfa, 0x80, 0x3f, 0x48,
    0x6, 0x1f, 0x10, 0x1f, 0x10, 0xf, 0xfe, 0x90,
    0xb0, 0x1, 0x80, 0x3f, 0x9c, 0x3, 0xf2, 0x80,
    0x71, 0x60, 0x81, 0x60, 0x80, 0x7f, 0xf4, 0x58,
    0x0, 0xe0, 0x1f, 0xe1, 0x10, 0x7, 0x90, 0x3,
    0xe2, 0xd1, 0x2, 0xd0, 0xf, 0xfe, 0x8d, 0x0,
    0x28, 0x3, 0xfe, 0x20, 0xf, 0x18, 0x7, 0xe3,
    0xd0, 0x1, 0xe0, 0x7, 0xff, 0x3d, 0x8, 0x10,
    0x80, 0x3f, 0xe7, 0x0, 0xf7, 0x0, 0x7f, 0x1d,
    0x80, 0xe, 0xc0, 0x3f, 0xf9, 0xde, 0x0, 0xf0,
    0xf, 0xfe, 0x39, 0x0, 0x7f, 0x92, 0xc0, 0x9,
    0xff, 0xff, 0xce, 0x40, 0x24, 0x0, 0xff, 0xe3,
    0xb8, 0x7, 0xfc, 0x94, 0x1, 0xff, 0xd2, 0xb0,
    0xf, 0xfe, 0xb, 0x80, 0x78, 0x40, 0x3f, 0xf8,
    0xa, 0x40, 0x1f, 0xfd, 0x17, 0x0, 0xff, 0xe0,
    0x88, 0x7, 0x8c, 0x3, 0xff, 0x82, 0x60, 0x1f,
    0xfd, 0x11, 0x0, 0xff, 0xe0, 0x98, 0x7, 0x84,
    0x3, 0xff, 0x82, 0x20, 0x1f, 0xfd, 0xf1, 0x0,
    0xff, 0xf2, 0x88, 0x7, 0xff, 0x20, 0x40, 0x3f,
    0xf8, 0x22, 0x1, 0xff, 0xd1, 0x30, 0xf, 0xfe,
    0x8, 0x80, 0x78, 0xc0, 0x3f, 0xf8, 0x26, 0x1,
    0xff, 0xd1, 0x10, 0xf, 0xfe, 0x9, 0x80, 0x78,
    0x40, 0x3f, 0xf8, 0x22, 0x1, 0xff, 0xd1, 0x70,
    0xf, 0xfe, 0x8, 0x80, 0x79, 0xc0, 0x3f, 0xf8,
    0x2e, 0x1, 0xff, 0xd1, 0x20, 0xf, 0xfe, 0xb,
    0x80, 0x78, 0x40, 0x3f, 0xf8, 0x22, 0x1, 0xff,
    0xd1, 0x10, 0xf, 0xfe, 0x8, 0x80, 0x78, 0xc0,
    0x3f, 0xf8, 0x26, 0x1, 0xff, 0xd1, 0xf0, 0xf,
    0xfe, 0x9, 0x80, 0x78, 0x40, 0x3f, 0xf8, 0x22,
    0x1, 0xff, 0xd1, 0x10, 0xf, 0xfe, 0x8, 0x80,
    0x7b, 0xc0, 0x3f, 0xf8, 0x3e, 0x1, 0xff, 0xd1,
    0x30, 0xf, 0xfe, 0xf, 0x80, 0x78, 0x40, 0x3f,
    0xf8, 0x22, 0x1, 0xff, 0xd1, 0x10, 0xf, 0xfe,
    0x8, 0x80, 0x78, 0xc0, 0x3f, 0xf8, 0x26, 0x1,
    0xff, 0xd1, 0x70, 0xf, 0xfe, 0x9, 0x80, 0x79,
    0x80, 0x3f, 0xf8, 0x22, 0x1, 0xff, 0xd1, 0x10,
    0xf, 0xfe, 0x8, 0x80, 0x78, 0x40, 0x3f, 0xf8,
    0x2e, 0x1, 0xff, 0xd1, 0x30, 0xf, 0xfe, 0xb,
    0x0, 0x78, 0xc0, 0x3f, 0xf8, 0x22, 0x1, 0xff,
    0xd1, 0x10, 0xf, 0xfe, 0x9, 0x80, 0x78, 0x40,
    0x3f, 0xf8, 0x26, 0x1, 0xff, 0xdf, 0x10, 0xf,
    0xfe, 0x40, 0x80, 0x7f, 0xf4, 0x4, 0x3, 0xff,
    0x90, 0x20, 0x1f, 0xfc, 0x11, 0x0, 0xff, 0xe8,
    0x98, 0x7, 0xff, 0x4, 0x40, 0x3c, 0x60, 0x1f,
    0xfc, 0x13, 0x0, 0xff, 0xe8, 0x88, 0x7, 0xff,
    0x4, 0xc0, 0x3c, 0x20, 0x1f, 0xfc, 0x11, 0x0,
    0xff, 0xe8, 0xb0, 0x7, 0xff, 0x4, 0x40, 0x3c,
    0xe0, 0x1f, 0xfc, 0x17, 0x0, 0xff, 0xe8, 0x98,
    0x7, 0xff, 0x5, 0xc0, 0x3c, 0x20, 0x1f, 0xfc,
    0x11, 0x0, 0xff, 0xe8, 0x88, 0x7, 0xff, 0x4,
    0x40, 0x3c, 0x60, 0x1f, 0xfc, 0x13, 0x0, 0xff,
    0xe8, 0xf8, 0x7, 0xff, 0x4, 0xc0, 0x3c, 0x20,
    0x1f, 0xfc, 0x11, 0x0, 0xff, 0xe8, 0x88, 0x7,
    0xff, 0x4, 0x40, 0x3d, 0xe0, 0x1f, 0xfc, 0x1f,
    0x0, 0xff, 0xe8, 0x98, 0x7, 0xff, 0x7, 0xc0,
    0x3c, 0x20, 0x1f, 0xfc, 0x11, 0x0, 0xff, 0xe8,
    0x88, 0x7, 0xff, 0x4, 0x40, 0x3c, 0x60, 0x1f,
    0xfc, 0x13, 0x0, 0xff, 0xe8, 0xb8, 0x7, 0xff,
    0x4, 0xc0, 0x3c, 0x20, 0x1f, 0xfc, 0x11, 0x0,
    0xff, 0xe8, 0x88, 0x7, 0xff, 0x4, 0x40, 0x3c,
    0xe0, 0x1f, 0xfc, 0x17, 0x0, 0xff, 0xe8, 0x98,
    0x7, 0xff, 0x5, 0xc0, 0x3c, 0x20, 0x1f, 0xfc,
    0x6, 0x30, 0xf, 0xfe, 0x8c, 0x80, 0x7f, 0xf0,
    0x44, 0x3, 0xc6, 0x1, 0xfe, 0x1a, 0x90, 0xf,
    0xfe, 0x93, 0xd8, 0x80, 0x7f, 0xc6, 0x1, 0xe1,
    0x0, 0xfe, 0x3f, 0x50, 0xf, 0xfe, 0xa2, 0x79,
    0x80, 0x7f, 0x84, 0x3, 0xc4, 0x1, 0xfa, 0x30,
    0x40, 0x3f, 0xfa, 0xc3, 0x8c, 0x1, 0xf8, 0xc0,
    0x3e, 0xd4, 0x0, 0xe1, 0xc7, 0x0, 0xff, 0xed,
    0x4c, 0x80, 0x3c, 0xf8, 0x1, 0xfa, 0xdc, 0x2,
    0x5e, 0x30, 0xf, 0xfe, 0xe3, 0x61, 0x0, 0x6,
    0xe0, 0x3, 0xfd, 0x14, 0x33, 0x40, 0x1f, 0xfd,
    0xf3, 0xc4, 0x47, 0xa0, 0x7, 0xff, 0x1, 0x79,
    0x80, 0x3f, 0xfc, 0x23, 0x76, 0x10, 0xf, 0xff,
    0xf8, 0x7, 0xff, 0xfc, 0x3, 0xff, 0xdc, 0xd6,
    0x20, 0x1f, 0xfe, 0x12, 0xb5, 0x0, 0xff, 0xe0,
    0xd, 0xca, 0x61, 0x80, 0x7f, 0xf7, 0xd7, 0x52,
    0xa0, 0x3, 0xfc, 0x9e, 0x80, 0x2, 0xc5, 0x0,
    0xff, 0xee, 0xd5, 0x0, 0x27, 0xb0, 0xf, 0xcf,
    0x62, 0x1, 0xd5, 0x20, 0x1f, 0xfd, 0xa3, 0xd5,
    0x0, 0xe4, 0xd1, 0x0, 0xf5, 0x0, 0x7e, 0x6c,
    0x10, 0xf, 0xfe, 0xbb, 0xe1, 0x0, 0x7c, 0x46,
    0x1, 0xe3, 0x0, 0xfe, 0x3f, 0x40, 0xf, 0xfe,
    0xa0, 0xdc, 0x0, 0x7f, 0x8c, 0x3, 0xc2, 0x1,
    0xfe, 0x1b, 0x70, 0xf, 0xfe, 0x92, 0x7a, 0x0,
    0x7f, 0xf4, 0xe0, 0x40, 0x3f, 0xfa, 0x36, 0x20,
    0x1f, 0xfc, 0x1, 0x0, 0xff, 0xe4, 0x8, 0x7,
    0xff, 0x40, 0x40, 0x3f, 0xf9, 0x2, 0x1, 0xff,
    0xdf, 0x30, 0xf, 0xfe, 0x8, 0x80, 0x78, 0xc0,
    0x3f, 0xf8, 0x22, 0x1, 0xff, 0xd1, 0x10, 0xf,
    0xfe, 0x9, 0x80, 0x78, 0x40, 0x3f, 0xf8, 0x26,
    0x1, 0xff, 0xd1, 0x70, 0xf, 0xfe, 0x8, 0x80,
    0x79, 0xc0, 0x3f, 0xf8, 0x22, 0x1, 0xff, 0xd1,
    0x10, 0xf, 0xfe, 0xb, 0x80, 0x78, 0x40, 0x3f,
    0xf8, 0x2e, 0x1, 0xff, 0xd1, 0x30, 0xf, 0xfe,
    0x8, 0x80, 0x78, 0xc0, 0x3f, 0xf8, 0x22, 0x1,
    0xff, 0xd1, 0x10, 0xf, 0xfe, 0x9, 0x80, 0x78,
    0x40, 0x3f, 0xf8, 0x26, 0x1, 0xff, 0xd1, 0xf0,
    0xf, 0xfe, 0x8, 0x80, 0x7b, 0xc0, 0x3f, 0xf8,
    0x22, 0x1, 0xff, 0xd1, 0x10, 0xf, 0xfe, 0xf,
    0x80, 0x78, 0x40, 0x3f, 0xf8, 0x3e, 0x1, 0xff,
    0xd1, 0x30, 0xf, 0xfe, 0x8, 0x80, 0x78, 0xc0,
    0x3f, 0xf8, 0x22, 0x1, 0xff, 0xd1, 0x10, 0xf,
    0xfe, 0x9, 0x80, 0x78, 0x40, 0x3f, 0xf8, 0x26,
    0x1, 0xff, 0xd1, 0x70, 0xf, 0xfe, 0x8, 0x80,
    0x79, 0xc0, 0x3f, 0xf8, 0x22, 0x1, 0xff, 0xd1,
    0x10, 0xf, 0xfe, 0xb, 0x80, 0x78, 0x40, 0x3f,
    0xf8, 0x2c, 0x1, 0xff, 0xd1, 0x30, 0xf, 0xfe,
    0x8, 0x80, 0x78, 0xc0, 0x3f, 0xf8, 0x26, 0x1,
    0xff, 0xd1, 0x10, 0xf, 0xfe, 0x9, 0x80, 0x78,
    0x40, 0x3f, 0xf8, 0x22, 0x1, 0xff, 0xdf, 0x10,
    0xf, 0xff, 0x29, 0x0, 0x7f, 0xf2, 0x4, 0x3,
    0xff, 0x82, 0x20, 0x1f, 0xfd, 0x11, 0x0, 0xff,
    0xe0, 0x88, 0x7, 0x8c, 0x3, 0xff, 0x82, 0x60,
    0x1f, 0xfd, 0x17, 0x0, 0xff, 0xe0, 0x98, 0x7,
    0x84, 0x3, 0xff, 0x82, 0x20, 0x1f, 0xfd, 0x11,
    0x0, 0xff, 0xe0, 0x88, 0x7, 0x9c, 0x3, 0xff,
    0x82, 0xe0, 0x1f, 0xfd, 0x13, 0x0, 0xff, 0xe0,
    0xb8, 0x7, 0x84, 0x3, 0xff, 0x82, 0x20, 0x1f,
    0xfd, 0x11, 0x0, 0xff, 0xe0, 0x88, 0x7, 0x8c,
    0x3, 0xff, 0x82, 0x60, 0x1f, 0xfd, 0x1f, 0x0,
    0xff, 0xe0, 0x98, 0x7, 0x84, 0x3, 0xff, 0x82,
    0x20, 0x1f, 0xfd, 0x11, 0x0, 0xff, 0xe0, 0x88,
    0x7, 0xbc, 0x3, 0xff, 0x83, 0xe0, 0x1f, 0xfd,
    0x13, 0x0, 0xff, 0xe0, 0xf8, 0x7, 0x84, 0x3,
    0xff, 0x82, 0x20, 0x1f, 0xfd, 0x11, 0x0, 0xff,
    0xe0, 0x88, 0x7, 0x8c, 0x3, 0xff, 0x82, 0x60,
    0x1f, 0xfd, 0x17, 0x0, 0xff, 0xe4, 0x8, 0x7,
    0xff, 0x4, 0x40, 0x3f, 0xfa, 0x22, 0x1, 0xff,
    0xc1, 0x30, 0xf, 0x38, 0x7, 0xff, 0x5, 0xc0,
    0x3f, 0xfa, 0x26, 0x1, 0xff, 0xc1, 0x10, 0xf,
    0x8, 0x7, 0xff, 0x4, 0x40, 0x3f, 0xfa, 0x22,
    0x1, 0xff, 0xc1, 0x70, 0xf, 0x18, 0x7, 0xff,
    0x1, 0x48, 0x3, 0xff, 0xa2, 0x40, 0x1f, 0xfc,
    0x11, 0x0, 0xf0, 0x80, 0x7f, 0xcd, 0x40, 0x1f,
    0xfd, 0x25, 0x0, 0xff, 0xe0, 0x98, 0x7, 0xff,
    0x15, 0xe4, 0x1, 0x1f, 0xff, 0xfc, 0xde, 0x0,
    0x58, 0x7, 0xff, 0x4, 0x40, 0x3f, 0xf8, 0x91,
    0x0, 0x4, 0xb8, 0x7, 0xff, 0x34, 0x4c, 0xc,
    0x40, 0x3f, 0xe2, 0x0, 0xff, 0xe2, 0x4b, 0x80,
    0x29, 0x80, 0x3f, 0xf9, 0xf6, 0x0, 0x70, 0xf,
    0xf9, 0x80, 0x3e, 0x30, 0xf, 0xa9, 0x80, 0x16,
    0xa0, 0x1f, 0xfd, 0x4, 0x0, 0x68, 0x7, 0xfd,
    0x80, 0x1f, 0x28, 0x7, 0xad, 0x40, 0x16, 0x80,
    0x1f, 0xfd, 0x13, 0x10, 0x40, 0xf, 0xf9, 0x40,
    0x3e, 0xd0, 0xc, 0x38, 0x80, 0xc, 0x40, 0xf,
    0xfe, 0x9b, 0x80, 0x14, 0x3, 0xf9, 0x8, 0x3,
    0xe4, 0x10, 0x0, 0xe1, 0x80, 0xe1, 0x80, 0x7f,
    0xf5, 0x30, 0x1, 0xe0, 0x1f, 0xde, 0x1, 0xfd,
    0x60, 0x58, 0x40, 0x38, 0x60, 0x1f, 0xfd, 0x55,
    0x0, 0x28, 0x7, 0xe5, 0x40, 0xf, 0xe5, 0x6c,
    0x20, 0x2c, 0x20, 0xf, 0xfe, 0xba, 0x0, 0x10,
    0x3, 0xc5, 0x60, 0x1f, 0xf4, 0x88, 0x16, 0x10,
    0x7, 0xff, 0x63, 0x0, 0x1a, 0x1, 0xc3, 0xe2,
    0x1, 0xff, 0xc1, 0x3c, 0x10, 0xf, 0xfe, 0xca,
    0x80, 0x1c, 0x3, 0x1f, 0x90, 0x7, 0xff, 0x8,
    0x94, 0x3, 0xff, 0xb4, 0x44, 0x1, 0x30, 0x4,
    0x60, 0x80, 0x7f, 0xf0, 0xc6, 0xe8, 0xc0, 0x3f,
    0xfb, 0x28, 0x0, 0xb6, 0xe7, 0x0, 0xff, 0xe3,
    0xae, 0x62, 0x10, 0x80, 0x3f, 0xfa, 0xba, 0x0,
    0x79, 0x10, 0xf, 0xfe, 0x8,

    /* U+0045 "E" */
    0x0, 0xff, 0xe2, 0x1b, 0xde, 0xf7, 0xff, 0xff,
    0x4f, 0x64, 0x3, 0xff, 0x86, 0xb9, 0x88, 0x42,
    0x10, 0xf, 0xfe, 0x99, 0x78, 0x7, 0xff, 0x4,
    0xb2, 0x8c, 0x3, 0xff, 0xb0, 0x2c, 0x1, 0xff,
    0xc1, 0x83, 0x0, 0xff, 0xed, 0x30, 0x7, 0xff,
    0xa, 0x90, 0x3, 0xff, 0xb5, 0x20, 0x1f, 0xf1,
    0x98, 0x1, 0x66, 0x1, 0xff, 0xd8, 0x51, 0x0,
    0xff, 0xe, 0xe1, 0x80, 0x34, 0xc0, 0x3f, 0xfa,
    0xfc, 0x1, 0xff, 0x58, 0x86, 0x90, 0xe, 0x90,
    0x7, 0xff, 0x54, 0x90, 0x3, 0xfc, 0x6a, 0x0,
    0x1c, 0x20, 0x1c, 0x20, 0xf, 0xfe, 0xa5, 0x80,
    0x7f, 0xd2, 0x1, 0x87, 0xc4, 0x7, 0xc4, 0x3,
    0xff, 0xa4, 0x2c, 0x1, 0xff, 0x28, 0x7, 0x16,
    0x8, 0x16, 0x8, 0x7, 0xff, 0x45, 0x80, 0x3f,
    0xe4, 0x0, 0xf8, 0xb0, 0x40, 0xb4, 0x3, 0xff,
    0xa3, 0x40, 0x1f, 0xf1, 0x80, 0x7e, 0x2d, 0x0,
    0x1e, 0x0, 0x7f, 0xf3, 0xd0, 0x80, 0x3f, 0xee,
    0x0, 0xfe, 0x3b, 0x0, 0x1d, 0x80, 0x7f, 0xf3,
    0xbc, 0x3, 0xff, 0x80, 0x40, 0x1f, 0xe4, 0xb0,
    0x2, 0x7f, 0xff, 0xf3, 0x90, 0x3, 0xff, 0x80,
    0xe0, 0x1f, 0xf2, 0x50, 0x7, 0xff, 0x74, 0x40,
    0x3f, 0xf8, 0xa, 0x60, 0x1f, 0xfd, 0xc3, 0x0,
    0xff, 0xe0, 0x90, 0x7, 0xff, 0x70, 0x40, 0x3f,
    0xf8, 0x22, 0x1, 0xff, 0xff, 0x0, 0xff, 0xe3,
    0x88, 0x7, 0xff, 0x4, 0x40, 0x3f, 0xfb, 0x86,
    0x1, 0xff, 0xc1, 0x30, 0xf, 0xfe, 0xe0, 0x80,
    0x7f, 0xf0, 0x44, 0x3, 0xff, 0xb8, 0xe0, 0x1f,
    0xfc, 0x17, 0x0, 0xff, 0xee, 0x8, 0x7, 0xff,
    0x4, 0x40, 0x3f, 0xfb, 0x86, 0x1, 0xff, 0xc1,
    0x30, 0xf, 0xfe, 0xe0, 0x80, 0x7f, 0xf0, 0x44,
    0x3, 0xff, 0xb9, 0xe0, 0x1f, 0xfc, 0x1f, 0x0,
    0xff, 0xee, 0x8, 0x7, 0xff, 0x4, 0x40, 0x3f,
    0xfb, 0x86, 0x1, 0xff, 0xc1, 0x30, 0xf, 0xfe,
    0xe3, 0x0, 0x7f, 0xf0, 0x44, 0x3, 0xff, 0xb8,
    0x20, 0x1f, 0xfc, 0x17, 0x0, 0xff, 0xee, 0x18,
    0x7, 0xff, 0x4, 0x40, 0x3f, 0xfb, 0x82, 0x1,
    0xff, 0xc1, 0x30, 0xf, 0xff, 0x50, 0x80, 0x7f,
    0xf6, 0xc4, 0x3, 0xff, 0x82, 0x20, 0x1f, 0xfd,
    0xc3, 0x0, 0xff, 0xe0, 0x98, 0x7, 0xff, 0x70,
    0x40, 0x3f, 0xf8, 0x22, 0x1, 0xff, 0xdc, 0x70,
    0xf, 0xfe, 0xb, 0x80, 0x7f, 0xf7, 0x4, 0x3,
    0xff, 0x82, 0x20, 0x1f, 0xfd, 0xc3, 0x0, 0xff,
    0xe0, 0x98, 0x7, 0xff, 0x70, 0x40, 0x3f, 0xf8,
    0x22, 0x1, 0xff, 0xdc, 0xf0, 0xf, 0xfe, 0xf,
    0x80, 0x7f, 0xf7, 0x4, 0x3, 0xff, 0x82, 0x20,
    0x1f, 0xfd, 0xc3, 0x0, 0xff, 0xe0, 0x98, 0x7,
    0xff, 0x70, 0x40, 0x3f, 0xf8, 0x22, 0x1, 0xff,
    0xdc, 0x70, 0xf, 0xfe, 0xb, 0x80, 0x7f, 0xf7,
    0x4, 0x3, 0xff, 0x80, 0xc6, 0x1, 0xff, 0xdc,
    0x30, 0xf, 0xf0, 0xdc, 0x80, 0x7f, 0xf7, 0x44,
    0x3, 0xf9, 0x3d, 0x0, 0x13, 0xff, 0xff, 0xce,
    0x90, 0xf, 0xfe, 0x1, 0x0, 0x7e, 0x8b, 0x10,
    0x2d, 0x60, 0xf, 0xfe, 0x73, 0x60, 0x80, 0x7f,
    0xb5, 0x40, 0x38, 0xb1, 0xc0, 0xd, 0xa4, 0x1,
    0xff, 0xd0, 0x3f, 0x30, 0xf, 0xf5, 0x40, 0x4,
    0xba, 0x60, 0x37, 0x20, 0x1f, 0xfd, 0x31, 0xc6,
    0x0, 0xff, 0x3d, 0x8d, 0x50, 0x0, 0x9e, 0x80,
    0x1f, 0xfd, 0x69, 0xa0, 0xf, 0xf2, 0x72, 0x80,
    0x22, 0xc4, 0x3, 0xff, 0xb0, 0xb8, 0x20, 0x1f,
    0xf1, 0x63, 0x80, 0x7f, 0xf6, 0xcf, 0xd0, 0x3,
    0xfe, 0x10, 0xf, 0xfe, 0xe9, 0xb8, 0x7, 0xf8,
    0xb5, 0x40, 0x3f, 0xfb, 0x6b, 0xa6, 0x1, 0xf3,
    0xd8, 0x80, 0x2a, 0x0, 0x3f, 0xfb, 0x33, 0x40,
    0x1f, 0xd, 0xc2, 0x61, 0x80, 0x1e, 0xc4, 0x3,
    0xff, 0xaa, 0x7a, 0xc0, 0x1f, 0x27, 0xa0, 0x0,
    0xb1, 0x80, 0x9, 0x86, 0x1, 0xff, 0xd3, 0x7c,
    0x20, 0xf, 0x9e, 0xc4, 0x3, 0xa6, 0x40, 0x2,
    0xc5, 0x0, 0xff, 0xe8, 0xd, 0xc0, 0x7, 0xf5,
    0x0, 0x7e, 0x6c, 0x10, 0x5, 0x40, 0x7, 0xff,
    0x39, 0x3d, 0x0, 0x3f, 0xc6, 0x1, 0xfc, 0x7e,
    0x80, 0x7, 0xff, 0xff, 0xe7, 0x58, 0x80, 0x7f,
    0xc2, 0x1, 0xfe, 0x1b, 0x70, 0xf, 0xff, 0x54,
    0x8, 0x7, 0xff, 0xa8, 0x40, 0x3f, 0xfb, 0x62,
    0x1, 0xff, 0xea, 0x30, 0xf, 0xfe, 0x8, 0x80,
    0x7f, 0xf7, 0x4, 0x3, 0xff, 0x82, 0x60, 0x1f,
    0xfd, 0xc7, 0x0, 0xff, 0xe0, 0x88, 0x7, 0xff,
    0x70, 0x40, 0x3f, 0xf8, 0x2e, 0x1, 0xff, 0xdc,
    0x30, 0xf, 0xfe, 0x8, 0x80, 0x7f, 0xf7, 0x4,
    0x3, 0xff, 0x82, 0x60, 0x1f, 0xfd, 0xcf, 0x0,
    0xff, 0xe0, 0x88, 0x7, 0xff, 0x70, 0x40, 0x3f,
    0xf8, 0x3e, 0x1, 0xff, 0xdc, 0x30, 0xf, 0xfe,
    0x8, 0x80, 0x7f, 0xf7, 0x4, 0x3, 0xff, 0x82,
    0x60, 0x1f, 0xfd, 0xc7, 0x0, 0xff, 0xe0, 0x88,
    0x7, 0xff, 0x70, 0x40, 0x3f, 0xf8, 0x2c, 0x1,
    0xff, 0xdc, 0x30, 0xf, 0xfe, 0x9, 0x80, 0x7f,
    0xf7, 0x4, 0x3, 0xff, 0x82, 0x20, 0x1f, 0xff,
    0xf0, 0xf, 0xfe, 0x38, 0x80, 0x7f, 0xf0, 0x44,
    0x3, 0xff, 0xb8, 0x60, 0x1f, 0xfc, 0x13, 0x0,
    0xff, 0xee, 0x8, 0x7, 0xff, 0x4, 0x40, 0x3f,
    0xfb, 0x8e, 0x1, 0xff, 0xc1, 0x70, 0xf, 0xfe,
    0xe0, 0x80, 0x7f, 0xf0, 0x44, 0x3, 0xff, 0xb8,
    0x60, 0x1f, 0xfc, 0x13, 0x0, 0xff, 0xee, 0x8,
    0x7, 0xff, 0x4, 0x40, 0x3f, 0xfb, 0x9e, 0x1,
    0xff, 0xc1, 0xf0, 0xf, 0xfe, 0xe0, 0x80, 0x7f,
    0xf0, 0x44, 0x3, 0xff, 0xb8, 0x60, 0x1f, 0xfc,
    0x13, 0x0, 0xff, 0xee, 0x8, 0x7, 0xff, 0x4,
    0x40, 0x3f, 0xfb, 0x8e, 0x1, 0xff, 0xc1, 0x70,
    0xf, 0xfe, 0xe0, 0x80, 0x7f, 0xf0, 0x44, 0x3,
    0xff, 0xb8, 0x60, 0x1f, 0xfc, 0x5, 0x20, 0xf,
    0xfe, 0xe0, 0x80, 0x7f, 0xcd, 0x40, 0x1f, 0xfe,
    0x87, 0x90, 0x4, 0x7f, 0xff, 0xf3, 0x78, 0x3,
    0xff, 0x97, 0x10, 0x0, 0x4b, 0x80, 0x7f, 0xf3,
    0x44, 0xc0, 0x3f, 0xf9, 0x32, 0xe0, 0xa, 0x60,
    0xf, 0xfe, 0x7d, 0x80, 0x7f, 0xf0, 0xc, 0x3,
    0xea, 0x60, 0x5, 0xa8, 0x7, 0xff, 0x41, 0x0,
    0x3f, 0xf8, 0xa, 0x1, 0xeb, 0x50, 0x5, 0xa0,
    0x7, 0xff, 0x44, 0xc4, 0x3, 0xfe, 0xd0, 0xc,
    0x38, 0x80, 0xc, 0x40, 0xf, 0xfe, 0x9b, 0x80,
    0x7f, 0xc8, 0x20, 0x1, 0xc3, 0x1, 0xc3, 0x0,
    0xff, 0xea, 0x60, 0x7, 0xff, 0x2, 0xc0, 0xb0,
    0x80, 0x70, 0xc0, 0x3f, 0xfa, 0xaa, 0x1, 0xff,
    0xc0, 0x56, 0xc2, 0x2, 0xc2, 0x0, 0xff, 0xeb,
    0xa0, 0x7, 0xff, 0x2, 0x44, 0xb, 0x8, 0x3,
    0xff, 0xb1, 0x80, 0x1f, 0xfc, 0x23, 0xc1, 0x0,
    0xff, 0xec, 0xa8, 0x7, 0xff, 0x8, 0x94, 0x3,
    0xff, 0xb4, 0x44, 0x0, 0xff, 0xe0, 0x8d, 0xd1,
    0x80, 0x7f, 0xf6, 0x50, 0x3, 0xff, 0x86, 0xb9,
    0x88, 0x42, 0x0, 0xff, 0xea, 0xe8, 0x7, 0xe0,

    /* U+0046 "F" */
    0x0, 0xff, 0xe2, 0x1b, 0xde, 0xf7, 0xff, 0xff,
    0x4f, 0x64, 0x3, 0xff, 0x86, 0xb9, 0x88, 0x42,
    0x10, 0xf, 0xfe, 0x99, 0x78, 0x7, 0xff, 0x4,
    0xb2, 0x8c, 0x3, 0xff, 0xb0, 0x2c, 0x1, 0xff,
    0xc1, 0x83, 0x0, 0xff, 0xed, 0x30, 0x7, 0xff,
    0xa, 0x90, 0x3, 0xff, 0xb5, 0x20, 0x1f, 0xf1,
    0x98, 0x1, 0x66, 0x1, 0xff, 0xd8, 0x51, 0x0,
    0xff, 0xe, 0xe1, 0x80, 0x34, 0xc0, 0x3f, 0xfa,
    0xfc, 0x1, 0xff, 0x58, 0x86, 0x90, 0xe, 0x90,
    0x7, 0xff, 0x54, 0x90, 0x3, 0xfc, 0x6a, 0x0,
    0x1c, 0x20, 0x1c, 0x20, 0xf, 0xfe, 0xa5, 0x80,
    0x7f, 0xd2, 0x1, 0x87, 0xc4, 0x7, 0xc4, 0x3,
    0xff, 0xa4, 0x2c, 0x1, 0xff, 0x28, 0x7, 0x16,
    0x8, 0x16, 0x8, 0x7, 0xff, 0x45, 0x80, 0x3f,
    0xe4, 0x0, 0xf8, 0xb4, 0x40, 0xb4, 0x3, 0xff,
    0xa3, 0x40, 0x1f, 0xf1, 0x80, 0x7e, 0x3d, 0x0,
    0x1e, 0x0, 0x7f, 0xf3, 0xd0, 0x80, 0x3f, 0xee,
    0x0, 0xfe, 0x3b, 0x0, 0x1d, 0x80, 0x7f, 0xf3,
    0xbc, 0x3, 0xff, 0x80, 0x40, 0x1f, 0xe4, 0xb0,
    0x2, 0x7f, 0xff, 0xf3, 0x90, 0x3, 0xff, 0x80,
    0xe0, 0x1f, 0xf2, 0x50, 0x7, 0xff, 0x74, 0x40,
    0x3f, 0xf8, 0xa, 0x40, 0x1f, 0xfd, 0xc3, 0x0,
    0xff, 0xe0, 0x98, 0x7, 0xff, 0x70, 0x40, 0x3f,
    0xf8, 0x22, 0x1, 0xff, 0xff, 0x0, 0xff, 0xe3,
    0x88, 0x7, 0xff, 0x4, 0x40, 0x3f, 0xfb, 0x86,
    0x1, 0xff, 0xc1, 0x30, 0xf, 0xfe, 0xe0, 0x80,
    0x7f, 0xf0, 0x44, 0x3, 0xff, 0xb8, 0xe0, 0x1f,
    0xfc, 0x17, 0x0, 0xff, 0xee, 0x8, 0x7, 0xff,
    0x4, 0x40, 0x3f, 0xfb, 0x86, 0x1, 0xff, 0xc1,
    0x30, 0xf, 0xfe, 0xe0, 0x80, 0x7f, 0xf0, 0x44,
    0x3, 0xff, 0xb9, 0xe0, 0x1f, 0xfc, 0x1f, 0x0,
    0xff, 0xee, 0x8, 0x7, 0xff, 0x4, 0x40, 0x3f,
    0xfb, 0x86, 0x1, 0xff, 0xc1, 0x30, 0xf, 0xfe,
    0xe3, 0x0, 0x7f, 0xf0, 0x44, 0x3, 0xff, 0xb8,
    0x20, 0x1f, 0xfc, 0x17, 0x0, 0xff, 0xee, 0x18,
    0x7, 0xff, 0x4, 0x40, 0x3f, 0xfb, 0x82, 0x1,
    0xff, 0xc1, 0x30, 0xf, 0xff, 0x50, 0x80, 0x7f,
    0xf6, 0xc4, 0x3, 0xff, 0x82, 0x20, 0x1f, 0xfd,
    0xc3, 0x0, 0xff, 0xe0, 0x98, 0x7, 0xff, 0x70,
    0x40, 0x3f, 0xf8, 0x22, 0x1, 0xff, 0xdc, 0x70,
    0xf, 0xfe, 0xb, 0x80, 0x7f, 0xf7, 0x4, 0x3,
    0xff, 0x82, 0x20, 0x1f, 0xfd, 0xc3, 0x0, 0xff,
    0xe0, 0x98, 0x7, 0xff, 0x70, 0x40, 0x3f, 0xf8,
    0x22, 0x1, 0xff, 0xdc, 0xf0, 0xf, 0xfe, 0xf,
    0x80, 0x7f, 0xf7, 0x4, 0x3, 0xff, 0x82, 0x20,
    0x1f, 0xfd, 0xc3, 0x0, 0xff, 0xe0, 0x98, 0x7,
    0xff, 0x70, 0x40, 0x3f, 0xf8, 0x22, 0x1, 0xff,
    0xdc, 0x70, 0xf, 0xfe, 0xb, 0x80, 0x7f, 0xf7,
    0x4, 0x3, 0xff, 0x80, 0xc6, 0x1, 0xff, 0xdc,
    0x30, 0xf, 0xf0, 0xd4, 0x80, 0x7f, 0xf7, 0x44,
    0x3, 0xf8, 0xfd, 0x40, 0x13, 0xff, 0xff, 0xce,
    0x90, 0xf, 0xfe, 0x1, 0x0, 0x7e, 0x8c, 0x10,
    0x2d, 0x60, 0xf, 0xfe, 0x73, 0x60, 0x80, 0x7f,
    0xb5, 0x40, 0x38, 0x71, 0xc0, 0xd, 0xa4, 0x1,
    0xff, 0xd0, 0x3f, 0x30, 0xf, 0xf5, 0x40, 0x4,
    0xbc, 0x60, 0x35, 0x20, 0x1f, 0xfd, 0x31, 0xc6,
    0x0, 0xff, 0x3d, 0x8c, 0xd0, 0x0, 0xfd, 0x40,
    0x3f, 0xfa, 0xd3, 0x20, 0xf, 0xf2, 0x73, 0x0,
    0x23, 0x4, 0x3, 0xff, 0xb0, 0xd8, 0x20, 0x1f,
    0xf0, 0xe3, 0x80, 0x7f, 0xf6, 0xcf, 0xd0, 0x3,
    0xfc, 0x62, 0x1, 0xff, 0xde, 0x70, 0xf, 0xf1,
    0x6a, 0x80, 0x7f, 0xf6, 0xd7, 0xcc, 0x3, 0xe6,
    0xa1, 0x0, 0x54, 0x0, 0x7f, 0xf6, 0x66, 0x84,
    0x3, 0xc3, 0x72, 0xb8, 0x40, 0x7, 0xb1, 0x0,
    0xff, 0xea, 0x96, 0xb0, 0x7, 0xc7, 0xe8, 0x0,
    0x2d, 0x50, 0x2, 0x61, 0x0, 0x7f, 0xf4, 0xdb,
    0x48, 0x3, 0xe7, 0xc1, 0x0, 0xea, 0x90, 0x1,
    0x6a, 0x80, 0x7f, 0xf4, 0x6, 0xe4, 0x3, 0xfa,
    0x80, 0x3f, 0x36, 0x8, 0x2, 0xa0, 0x3, 0xff,
    0x9c, 0x9e, 0x80, 0x1f, 0xe3, 0x0, 0xfe, 0x3f,
    0x30, 0x3, 0xff, 0xff, 0xf3, 0xac, 0x40, 0x3f,
    0xe1, 0x0, 0xff, 0xe, 0x38, 0x7, 0xff, 0xaa,
    0x4, 0x3, 0xff, 0xd4, 0x20, 0x1f, 0xfd, 0xb1,
    0x0, 0xff, 0xf5, 0x18, 0x7, 0xff, 0x4, 0x40,
    0x3f, 0xfb, 0x82, 0x1, 0xff, 0xc1, 0x30, 0xf,
    0xfe, 0xe3, 0x80, 0x7f, 0xf0, 0x44, 0x3, 0xff,
    0xb8, 0x20, 0x1f, 0xfc, 0x17, 0x0, 0xff, 0xee,
    0x18, 0x7, 0xff, 0x4, 0x40, 0x3f, 0xfb, 0x82,
    0x1, 0xff, 0xc1, 0x30, 0xf, 0xfe, 0xe7, 0x80,
    0x7f, 0xf0, 0x44, 0x3, 0xff, 0xb8, 0x20, 0x1f,
    0xfc, 0x1f, 0x0, 0xff, 0xee, 0x18, 0x7, 0xff,
    0x4, 0x40, 0x3f, 0xfb, 0x82, 0x1, 0xff, 0xc1,
    0x30, 0xf, 0xfe, 0xe3, 0x80, 0x7f, 0xf0, 0x44,
    0x3, 0xff, 0xb8, 0x20, 0x1f, 0xfc, 0x17, 0x0,
    0xff, 0xee, 0x18, 0x7, 0xff, 0x4, 0x80, 0x3f,
    0xfb, 0x82, 0x1, 0xff, 0xc1, 0x10, 0xf, 0xff,
    0xf8, 0x7, 0xff, 0x1c, 0x40, 0x3f, 0xf8, 0x22,
    0x1, 0xff, 0xdc, 0x30, 0xf, 0xfe, 0x9, 0x80,
    0x7f, 0xf7, 0x4, 0x3, 0xff, 0x82, 0x20, 0x1f,
    0xfd, 0xc7, 0x0, 0xff, 0xe0, 0xb8, 0x7, 0xff,
    0x70, 0x40, 0x3f, 0xf8, 0x22, 0x1, 0xff, 0xdc,
    0x30, 0xf, 0xfe, 0x9, 0x80, 0x7f, 0xf7, 0x4,
    0x3, 0xff, 0x82, 0x20, 0x1f, 0xfd, 0xcf, 0x0,
    0xff, 0xe0, 0xf8, 0x7, 0xff, 0x70, 0x40, 0x3f,
    0xf8, 0x22, 0x1, 0xff, 0xdc, 0x30, 0xf, 0xfe,
    0x9, 0x80, 0x7f, 0xf7, 0x4, 0x3, 0xff, 0x82,
    0x20, 0x1f, 0xfd, 0xc7, 0x0, 0xff, 0xe0, 0xb8,
    0x7, 0xff, 0x70, 0x40, 0x3f, 0xf8, 0x22, 0x1,
    0xff, 0xdc, 0x30, 0xf, 0xfe, 0x2, 0x10, 0x7,
    0xff, 0xa1, 0x6c, 0x3, 0xff, 0xba, 0x20, 0x1f,
    0xe6, 0xa0, 0xf, 0xff, 0x43, 0xc8, 0x7, 0xff,
    0xa2, 0x20, 0x1, 0xff, 0xe0, 0x20, 0xf, 0xa5,
    0xc0, 0x3f, 0xfc, 0x2e, 0x1, 0xea, 0x60, 0xf,
    0xff, 0x17, 0x80, 0x75, 0xa8, 0x7, 0xff, 0x8d,
    0x44, 0x2, 0xc4, 0x0, 0xff, 0xf2, 0xc0, 0xe,
    0x18, 0x7, 0xff, 0x99, 0x97, 0xc, 0x3, 0xff,
    0xca,

    /* U+0047 "G" */
    0x0, 0xff, 0xe2, 0x1b, 0xde, 0xf7, 0xff, 0xff,
    0x4f, 0x64, 0x3, 0xff, 0x94, 0xb9, 0x88, 0x42,
    0x10, 0xf, 0xfe, 0x99, 0x78, 0x7, 0xff, 0x20,
    0xb2, 0x8c, 0x3, 0xff, 0xb0, 0x2c, 0x1, 0xff,
    0xc8, 0x83, 0x0, 0xff, 0xed, 0x30, 0x7, 0xff,
    0x26, 0x90, 0x3, 0xff, 0xb5, 0x20, 0x1f, 0xfc,
    0x63, 0x30, 0x2, 0xcc, 0x3, 0xff, 0xb0, 0xa2,
    0x1, 0xff, 0xc5, 0x1d, 0xc3, 0x0, 0x69, 0x80,
    0x7f, 0xf5, 0xf8, 0x3, 0xff, 0x8d, 0x62, 0x1a,
    0x40, 0x3a, 0x40, 0x1f, 0xfd, 0x52, 0x40, 0xf,
    0xfe, 0x29, 0xa8, 0x0, 0x70, 0x80, 0x70, 0x80,
    0x3f, 0xfa, 0x96, 0x1, 0xff, 0xc6, 0x90, 0xc,
    0x3e, 0x20, 0x3e, 0x20, 0x1f, 0xfd, 0x21, 0x60,
    0xf, 0xfe, 0x32, 0x80, 0x71, 0x60, 0x81, 0x60,
    0x80, 0x7f, 0xf4, 0x58, 0x3, 0xff, 0x8c, 0x80,
    0x1f, 0x16, 0x88, 0x16, 0x80, 0x7f, 0xf4, 0x68,
    0x3, 0xff, 0x8c, 0x60, 0x1f, 0x8f, 0x40, 0x7,
    0x80, 0x1f, 0xfc, 0xf4, 0x20, 0xf, 0xfe, 0x37,
    0x0, 0x7f, 0x1d, 0x80, 0xe, 0xc0, 0x3f, 0xf9,
    0xde, 0x1, 0xff, 0xc7, 0x20, 0xf, 0xf2, 0x58,
    0x1, 0x3f, 0xff, 0xf9, 0xc8, 0x1, 0xff, 0xc7,
    0x70, 0xf, 0xf9, 0x28, 0x3, 0xff, 0xc8, 0x20,
    0x1f, 0xfc, 0x5, 0x20, 0xf, 0xff, 0x19, 0x80,
    0x7f, 0xf0, 0x4c, 0x3, 0xff, 0xc6, 0x20, 0x1f,
    0xfc, 0x11, 0x0, 0xff, 0xff, 0x80, 0x7f, 0xf5,
    0x44, 0x3, 0xff, 0x82, 0x20, 0x1f, 0xfe, 0x33,
    0x0, 0xff, 0xe0, 0x98, 0x7, 0xff, 0x8c, 0x40,
    0x3f, 0xf8, 0x22, 0x1, 0xff, 0xe3, 0x70, 0xf,
    0xfe, 0xb, 0x80, 0x7f, 0xf8, 0xc4, 0x3, 0xff,
    0x82, 0x20, 0x1f, 0xfe, 0x33, 0x0, 0xff, 0xe0,
    0x98, 0x7, 0xff, 0x8c, 0x40, 0x3f, 0xf8, 0x22,
    0x1, 0xff, 0xe3, 0xf0, 0xf, 0xfe, 0xf, 0x80,
    0x7f, 0xf8, 0xc4, 0x3, 0xff, 0x82, 0x20, 0x1f,
    0xfe, 0x33, 0x0, 0xff, 0xe0, 0x98, 0x7, 0xff,
    0x8d, 0x80, 0x3f, 0xf8, 0x22, 0x1, 0xff, 0xe3,
    0x10, 0xf, 0xfe, 0xb, 0x80, 0x7f, 0xf8, 0xcc,
    0x3, 0xff, 0x82, 0x20, 0x1f, 0xfe, 0x31, 0x0,
    0xff, 0xe0, 0x98, 0x7, 0xff, 0xc4, 0x40, 0x3f,
    0xfc, 0x42, 0x1, 0xff, 0xc1, 0x10, 0xf, 0xff,
    0x19, 0x80, 0x7f, 0xf0, 0x4c, 0x3, 0xff, 0xc6,
    0x20, 0x1f, 0xfc, 0x11, 0x0, 0xff, 0xf1, 0xb8,
    0x7, 0xff, 0x5, 0xc0, 0x3f, 0xfc, 0x62, 0x1,
    0xff, 0xc1, 0x10, 0xf, 0xff, 0x19, 0x80, 0x7f,
    0xf0, 0x4c, 0x3, 0xff, 0xc6, 0x20, 0x1f, 0xfc,
    0x11, 0x0, 0xff, 0xf1, 0xf8, 0x7, 0xff, 0x7,
    0xc0, 0x3f, 0xfc, 0x62, 0x1, 0xff, 0xc1, 0x10,
    0xf, 0xff, 0x19, 0x80, 0x7f, 0xf0, 0x4c, 0x3,
    0xff, 0xc6, 0x20, 0x1f, 0xfc, 0x11, 0x0, 0xff,
    0xf1, 0xb8, 0x7, 0xff, 0x5, 0xc0, 0x3f, 0xfc,
    0x62, 0x1, 0xff, 0xc0, 0x63, 0x0, 0xff, 0xf1,
    0x98, 0x7, 0xf8, 0x6a, 0x40, 0x3f, 0xfc, 0x82,
    0x1, 0xfc, 0x7e, 0xa0, 0x1f, 0xfe, 0x52, 0x0,
    0xfd, 0x18, 0x20, 0x1f, 0xfe, 0x6d, 0x40, 0xe,
    0x1c, 0x70, 0xf, 0xff, 0x4d, 0xb8, 0x4, 0xbc,
    0x60, 0x1f, 0xfe, 0xb8, 0xa1, 0x9a, 0x0, 0xff,
    0xf7, 0x2f, 0x30, 0x7, 0xff, 0xfc, 0x3, 0xff,
    0xfe, 0x1, 0xff, 0xff, 0x0, 0xff, 0xe4, 0x35,
    0x88, 0x7, 0xff, 0x84, 0xad, 0x40, 0x3f, 0x86,
    0xe5, 0x30, 0xc0, 0x3f, 0xfb, 0xeb, 0xa9, 0x50,
    0x1, 0xf2, 0x7a, 0x0, 0xb, 0x14, 0x3, 0xff,
    0xbb, 0x54, 0x0, 0x9e, 0xc0, 0x39, 0xec, 0x40,
    0x3a, 0xa4, 0x3, 0xff, 0xb4, 0x7a, 0xa0, 0x1c,
    0x9a, 0x20, 0x15, 0x0, 0x7e, 0x6c, 0x10, 0xf,
    0xfe, 0xbb, 0xe1, 0x0, 0x7c, 0x46, 0x1, 0x18,
    0x7, 0xf1, 0xfa, 0x0, 0x7f, 0xf5, 0x6, 0xe0,
    0x3, 0xfc, 0x60, 0x10, 0x80, 0x7f, 0x86, 0xdc,
    0x3, 0xff, 0xa4, 0x9e, 0x80, 0x1f, 0xfd, 0x8,
    0x10, 0xf, 0xfe, 0x8d, 0x88, 0x7, 0xff, 0x0,
    0x40, 0x3f, 0xf8, 0xa2, 0x1, 0xff, 0xd0, 0x10,
    0xf, 0xfe, 0x28, 0x80, 0x7f, 0xf7, 0xcc, 0x3,
    0xff, 0x82, 0x20, 0x11, 0x80, 0x7f, 0xf0, 0x44,
    0x3, 0xff, 0xa2, 0x20, 0x1f, 0xfc, 0x13, 0x0,
    0x84, 0x3, 0xff, 0x82, 0x60, 0x1f, 0xfd, 0x17,
    0x0, 0xff, 0xe0, 0x88, 0x4, 0xe0, 0x1f, 0xfc,
    0x11, 0x0, 0xff, 0xe8, 0x88, 0x7, 0xff, 0x5,
    0xc0, 0x21, 0x0, 0xff, 0xe0, 0xb8, 0x7, 0xff,
    0x44, 0xc0, 0x3f, 0xf8, 0x22, 0x1, 0x18, 0x7,
    0xff, 0x4, 0x40, 0x3f, 0xfa, 0x22, 0x1, 0xff,
    0xc1, 0x30, 0x8, 0x40, 0x3f, 0xf8, 0x26, 0x1,
    0xff, 0xd1, 0xf0, 0xf, 0xfe, 0x8, 0x80, 0x5e,
    0x1, 0xff, 0xc1, 0x10, 0xf, 0xfe, 0x88, 0x80,
    0x7f, 0xf0, 0x7c, 0x2, 0x10, 0xf, 0xfe, 0xf,
    0x80, 0x7f, 0xf4, 0x4c, 0x3, 0xff, 0x82, 0x20,
    0x11, 0x80, 0x7f, 0xf0, 0x44, 0x3, 0xff, 0xa2,
    0x20, 0x1f, 0xfc, 0x13, 0x0, 0x84, 0x3, 0xff,
    0x82, 0x60, 0x1f, 0xfd, 0x17, 0x0, 0xff, 0xe0,
    0x88, 0x4, 0xe0, 0x1f, 0xfc, 0x11, 0x0, 0xff,
    0xe8, 0x88, 0x7, 0xff, 0x5, 0xc0, 0x21, 0x0,
    0xff, 0xe0, 0xb0, 0x7, 0xff, 0x44, 0xc0, 0x3f,
    0xf8, 0x22, 0x1, 0x18, 0x7, 0xff, 0x4, 0xc0,
    0x3f, 0xfa, 0x22, 0x1, 0xff, 0xc1, 0x30, 0x8,
    0x40, 0x3f, 0xf8, 0x22, 0x1, 0xff, 0xdf, 0x10,
    0xf, 0xff, 0x11, 0x0, 0x7f, 0xf1, 0x44, 0x3,
    0xff, 0x82, 0x20, 0x1f, 0xfd, 0x11, 0x0, 0xff,
    0xe0, 0x88, 0x4, 0x60, 0x1f, 0xfc, 0x13, 0x0,
    0xff, 0xe8, 0xb8, 0x7, 0xff, 0x4, 0xc0, 0x21,
    0x0, 0xff, 0xe0, 0x88, 0x7, 0xff, 0x44, 0x40,
    0x3f, 0xf8, 0x22, 0x1, 0x38, 0x7, 0xff, 0x5,
    0xc0, 0x3f, 0xfa, 0x26, 0x1, 0xff, 0xc1, 0x70,
    0x8, 0x40, 0x3f, 0xf8, 0x22, 0x1, 0xff, 0xd1,
    0x10, 0xf, 0xfe, 0x8, 0x80, 0x46, 0x1, 0xff,
    0xc1, 0x30, 0xf, 0xfe, 0x8f, 0x80, 0x7f, 0xf0,
    0x4c, 0x2, 0x10, 0xf, 0xfe, 0x8, 0x80, 0x7f,
    0xf4, 0x44, 0x3, 0xff, 0x82, 0x20, 0x17, 0x80,
    0x7f, 0xf0, 0x7c, 0x3, 0xff, 0xa2, 0x60, 0x1f,
    0xfc, 0x1f, 0x0, 0x84, 0x3, 0xff, 0x82, 0x20,
    0x1f, 0xfd, 0x11, 0x0, 0xff, 0xe0, 0x88, 0x4,
    0x60, 0x1f, 0xfc, 0x13, 0x0, 0xff, 0xe8, 0xb8,
    0x7, 0xff, 0x14, 0x40, 0x3f, 0xf8, 0x22, 0x1,
    0xff, 0xd1, 0x10, 0xf, 0xfe, 0x9, 0x80, 0x4e,
    0x1, 0xff, 0xc1, 0x70, 0xf, 0xfe, 0x89, 0x80,
    0x7f, 0xf0, 0x44, 0x2, 0x10, 0xf, 0xfe, 0x8,
    0x80, 0x7f, 0xf4, 0x44, 0x3, 0xff, 0x82, 0xe0,
    0x11, 0x80, 0x7f, 0xf0, 0x14, 0x80, 0x3f, 0xfa,
    0x24, 0x1, 0xff, 0xc1, 0x10, 0x8, 0x40, 0x3f,
    0xe6, 0xa0, 0xf, 0xfe, 0x92, 0x80, 0x7f, 0xf0,
    0x4c, 0x3, 0xff, 0x84, 0xf2, 0x0, 0x8f, 0xff,
    0xfe, 0x6f, 0x0, 0x2c, 0x3, 0xff, 0x82, 0x20,
    0x1f, 0xfc, 0x18, 0x80, 0x2, 0x5c, 0x3, 0xff,
    0x9a, 0x26, 0x6, 0x20, 0x1f, 0xf1, 0x0, 0x7f,
    0xf0, 0x65, 0xc0, 0x14, 0xc0, 0x1f, 0xfc, 0xfb,
    0x0, 0x38, 0x7, 0xfc, 0xc0, 0x18, 0xc0, 0x3e,
    0xa6, 0x0, 0x5a, 0x80, 0x7f, 0xf4, 0x10, 0x1,
    0xa0, 0x1f, 0xf6, 0x0, 0x65, 0x0, 0xf5, 0xa8,
    0x2, 0xd0, 0x3, 0xff, 0xa2, 0x62, 0x8, 0x1,
    0xff, 0x28, 0x6, 0xd0, 0xc, 0x38, 0x80, 0xc,
    0x40, 0xf, 0xfe, 0x9b, 0x80, 0x14, 0x3, 0xf9,
    0x8, 0x3, 0x20, 0x80, 0x7, 0xc, 0x7, 0xc,
    0x3, 0xff, 0xa9, 0x80, 0xf, 0x0, 0xfe, 0xf0,
    0xf, 0x58, 0x16, 0x10, 0xe, 0x18, 0x7, 0xff,
    0x55, 0x40, 0xa, 0x1, 0xf9, 0x50, 0x3, 0xca,
    0xd8, 0x40, 0x58, 0x40, 0x1f, 0xfd, 0x74, 0x0,
    0x20, 0x7, 0x8a, 0xc0, 0x3f, 0x48, 0x81, 0x61,
    0x0, 0x7f, 0xf6, 0x30, 0x1, 0xa0, 0x1c, 0x3e,
    0x20, 0x1f, 0xe3, 0xc1, 0x0, 0xff, 0xec, 0xa8,
    0x1, 0xc0, 0x31, 0xf9, 0x0, 0x7f, 0xc4, 0xa0,
    0x1f, 0xfd, 0xa2, 0x20, 0x9, 0x80, 0x23, 0x4,
    0x3, 0xff, 0x80, 0x37, 0x46, 0x1, 0xff, 0xd9,
    0x40, 0x5, 0xb7, 0x38, 0x7, 0xff, 0x11, 0x73,
    0x10, 0x84, 0x1, 0xff, 0xd5, 0xd0, 0x3, 0xc8,
    0x80, 0x7f, 0x80,

    /* U+0048 "H" */
    0x0, 0xff, 0xf6, 0x43, 0x0, 0x7f, 0xfc, 0x85,
    0xe7, 0x4c, 0x3, 0xff, 0xe0, 0xc0, 0x2, 0xc5,
    0x0, 0xff, 0xf7, 0xc8, 0x6, 0xa5, 0x0, 0xff,
    0xe0, 0x22, 0x0, 0x3f, 0xfb, 0xea, 0x20, 0x1d,
    0x44, 0x1, 0xfe, 0x1a, 0xb4, 0x0, 0xff, 0xef,
    0x48, 0x7, 0xdc, 0x1, 0xfe, 0xa1, 0xb, 0x30,
    0xf, 0xfe, 0xe1, 0x98, 0x3, 0xe3, 0x40, 0xf,
    0xc6, 0x80, 0x16, 0x98, 0x7, 0xff, 0x6e, 0x40,
    0x3f, 0xb8, 0x3, 0xf4, 0x0, 0x61, 0xd2, 0x0,
    0xff, 0xec, 0x8a, 0x80, 0x7f, 0x20, 0x7, 0xe4,
    0x0, 0xe1, 0xc2, 0x0, 0xff, 0xec, 0x30, 0x7,
    0xf8, 0x44, 0x1, 0xe5, 0x0, 0xf8, 0x7c, 0x40,
    0x3f, 0xfa, 0xf2, 0x1, 0xff, 0x10, 0x7, 0x88,
    0x3, 0xf1, 0x60, 0x80, 0x7f, 0xf5, 0x54, 0x40,
    0x3f, 0xe7, 0x0, 0xf6, 0x80, 0x7f, 0x16, 0x88,
    0x7, 0xff, 0x52, 0x40, 0x3f, 0xf8, 0xe2, 0x1,
    0xfe, 0x3d, 0x0, 0xff, 0xe9, 0x99, 0x80, 0x3f,
    0xf8, 0xee, 0x1, 0xff, 0x1d, 0x80, 0x7f, 0xf4,
    0xa4, 0x3, 0xff, 0x82, 0xe0, 0x1e, 0x10, 0xf,
    0xfe, 0x2, 0x10, 0x7, 0xff, 0x45, 0x0, 0x3f,
    0xf8, 0x22, 0x1, 0xe3, 0x0, 0xff, 0xe0, 0x98,
    0x7, 0xff, 0x44, 0x40, 0x3f, 0xf8, 0x26, 0x1,
    0xe1, 0x0, 0xff, 0xe0, 0x88, 0x7, 0xff, 0x7c,
    0x40, 0x3f, 0xfc, 0xa2, 0x1, 0xff, 0xc8, 0x10,
    0xf, 0xfe, 0x8, 0x80, 0x7f, 0xf4, 0x4c, 0x3,
    0xff, 0x82, 0x20, 0x1e, 0x30, 0xf, 0xfe, 0x9,
    0x80, 0x7f, 0xf4, 0x58, 0x3, 0xff, 0x82, 0x60,
    0x1e, 0x10, 0xf, 0xfe, 0x8, 0x80, 0x7f, 0xf4,
    0x44, 0x3, 0xff, 0x82, 0x20, 0x1e, 0x70, 0xf,
    0xfe, 0xb, 0x80, 0x7f, 0xf4, 0x4c, 0x3, 0xff,
    0x82, 0xe0, 0x1e, 0x10, 0xf, 0xfe, 0x8, 0x80,
    0x7f, 0xf4, 0x44, 0x3, 0xff, 0x82, 0x20, 0x1e,
    0x30, 0xf, 0xfe, 0x9, 0x80, 0x7f, 0xf4, 0x7c,
    0x3, 0xff, 0x82, 0x60, 0x1e, 0x10, 0xf, 0xfe,
    0x8, 0x80, 0x7f, 0xf4, 0x44, 0x3, 0xff, 0x82,
    0x20, 0x1e, 0xf0, 0xf, 0xfe, 0xf, 0x80, 0x7f,
    0xf4, 0x4c, 0x3, 0xff, 0x83, 0xe0, 0x1e, 0x20,
    0xf, 0xfe, 0x8, 0x80, 0x7f, 0xf4, 0x44, 0x3,
    0xff, 0x82, 0x20, 0x1e, 0x10, 0xf, 0xfe, 0x9,
    0x80, 0x7f, 0xf4, 0x5c, 0x3, 0xff, 0x82, 0x40,
    0x1e, 0x70, 0xf, 0xfe, 0x8, 0x80, 0x7f, 0xf4,
    0x44, 0x3, 0xff, 0x82, 0xe0, 0x1e, 0x10, 0xf,
    0xfe, 0xb, 0x80, 0x7f, 0xf4, 0x4c, 0x3, 0xff,
    0x82, 0x20, 0x1e, 0x30, 0xf, 0xfe, 0x8, 0x80,
    0x7f, 0xf4, 0x44, 0x3, 0xff, 0x82, 0x60, 0x1e,
    0x10, 0xf, 0xfe, 0x9, 0x80, 0x7f, 0xf7, 0xc4,
    0x3, 0xff, 0x90, 0x20, 0x1f, 0xfd, 0x1, 0x0,
    0xff, 0xe4, 0x8, 0x7, 0xff, 0x4, 0x40, 0x3f,
    0xfa, 0x26, 0x1, 0xff, 0xc1, 0x10, 0xf, 0x18,
    0x7, 0xff, 0x4, 0xc0, 0x3f, 0xfa, 0x2c, 0x1,
    0xff, 0xc1, 0x30, 0xf, 0x8, 0x7, 0xff, 0x4,
    0x40, 0x3f, 0xfa, 0x22, 0x1, 0xff, 0xc1, 0x10,
    0xf, 0x38, 0x7, 0xff, 0x5, 0xc0, 0x3f, 0xfa,
    0x26, 0x1, 0xff, 0xc1, 0x70, 0xf, 0x8, 0x7,
    0xff, 0x4, 0x40, 0x3f, 0xfa, 0x22, 0x1, 0xff,
    0xc1, 0x10, 0xf, 0x18, 0x7, 0xff, 0x4, 0xc0,
    0x3f, 0xfa, 0x3e, 0x1, 0xff, 0xc1, 0x30, 0xf,
    0x8, 0x7, 0xff, 0x4, 0x40, 0x3f, 0xfa, 0x22,
    0x1, 0xff, 0xc1, 0x10, 0xf, 0x78, 0x7, 0xff,
    0x7, 0xc0, 0x3f, 0xfa, 0x26, 0x1, 0xff, 0xc1,
    0xf0, 0xf, 0x8, 0x7, 0xff, 0x4, 0x40, 0x3f,
    0xfa, 0x22, 0x1, 0xff, 0xc1, 0x10, 0xf, 0x18,
    0x7, 0xff, 0x4, 0xc0, 0x3f, 0xfa, 0x2e, 0x1,
    0xff, 0xc1, 0x30, 0xf, 0x8, 0x7, 0xff, 0x4,
    0x40, 0x3f, 0xfa, 0x22, 0x1, 0xff, 0xc1, 0x10,
    0xf, 0x38, 0x7, 0xff, 0x5, 0xc0, 0x3f, 0xfa,
    0x26, 0x1, 0xff, 0xc1, 0x70, 0xf, 0x8, 0x7,
    0xff, 0x1, 0x8c, 0x3, 0xff, 0xa3, 0x0, 0x1f,
    0xfc, 0x11, 0x0, 0xf1, 0x80, 0x7f, 0x86, 0xe4,
    0x3, 0xff, 0xa4, 0xd8, 0x20, 0x1f, 0xf1, 0x80,
    0x78, 0x40, 0x3f, 0x93, 0xd0, 0x1, 0x3f, 0xff,
    0xfc, 0xe9, 0x0, 0x1f, 0x98, 0x7, 0xf8, 0x40,
    0x3c, 0x40, 0x1f, 0xa2, 0xc4, 0xb, 0x58, 0x3,
    0xff, 0x9c, 0xd8, 0x20, 0x38, 0xc0, 0x1f, 0x8c,
    0x3, 0xed, 0x50, 0xe, 0x2c, 0x70, 0x3, 0x69,
    0x0, 0x7f, 0xf4, 0xf, 0xcc, 0x1, 0x34, 0x1,
    0xe7, 0xc0, 0xf, 0xd5, 0x0, 0x12, 0xe9, 0x80,
    0xdc, 0x80, 0x7f, 0xf4, 0xc7, 0x18, 0x0, 0xba,
    0x40, 0x1, 0xb8, 0x0, 0xff, 0x3d, 0x8d, 0x50,
    0x0, 0x9e, 0x80, 0x1f, 0xfd, 0x69, 0xa0, 0x1,
    0x62, 0x23, 0xd0, 0x3, 0xff, 0x80, 0x9c, 0xa0,
    0x8, 0xb1, 0x0, 0xff, 0xec, 0x2e, 0x8, 0xd,
    0xd8, 0x40, 0x3f, 0xf8, 0x85, 0x8e, 0x1, 0xff,
    0xdb, 0x3f, 0x40, 0xf, 0xfe, 0x48, 0x80, 0x7f,
    0xf7, 0x4d, 0xc0, 0x3f, 0xf9, 0x5, 0xaa, 0x1,
    0xff, 0xdb, 0x5d, 0x30, 0xf, 0xfe, 0x2b, 0xd8,
    0x80, 0x2a, 0x0, 0x3f, 0xfb, 0x33, 0x40, 0x2,
    0xc5, 0x0, 0xff, 0xe0, 0xd, 0xc2, 0x61, 0x80,
    0x1e, 0xc4, 0x3, 0xff, 0xaa, 0x7a, 0xc0, 0x5,
    0xd3, 0xa8, 0x0, 0xff, 0x27, 0xa0, 0x0, 0xb1,
    0x80, 0x9, 0x86, 0x1, 0xff, 0xd3, 0x7c, 0x20,
    0x5, 0x50, 0x2, 0x7b, 0x0, 0xfc, 0xf6, 0x20,
    0x1d, 0x32, 0x0, 0x16, 0x28, 0x7, 0xff, 0x40,
    0x6e, 0x0, 0x7, 0xaa, 0x1, 0xc9, 0xa2, 0x1,
    0xea, 0x0, 0xfc, 0xd8, 0x20, 0xa, 0x80, 0xf,
    0xfe, 0x72, 0x7a, 0x0, 0x1f, 0x8, 0x3, 0xe2,
    0x30, 0xf, 0x18, 0x7, 0xf1, 0xfa, 0x0, 0x1f,
    0xff, 0xff, 0x9d, 0x62, 0x3, 0x70, 0x1, 0xfe,
    0x30, 0xf, 0x8, 0x7, 0xf8, 0x6d, 0xc0, 0x3f,
    0xfa, 0x49, 0xe8, 0x1, 0xff, 0xd3, 0x81, 0x0,
    0xff, 0xe8, 0xd8, 0x80, 0x7f, 0xf0, 0x4, 0x3,
    0xff, 0x90, 0x20, 0x1f, 0xfd, 0x1, 0x0, 0xff,
    0xe4, 0x8, 0x7, 0xff, 0x7c, 0xc0, 0x3f, 0xf8,
    0x22, 0x1, 0xe3, 0x0, 0xff, 0xe0, 0x88, 0x7,
    0xff, 0x44, 0x40, 0x3f, 0xf8, 0x26, 0x1, 0xe1,
    0x0, 0xff, 0xe0, 0x98, 0x7, 0xff, 0x45, 0xc0,
    0x3f, 0xf8, 0x22, 0x1, 0xe7, 0x0, 0xff, 0xe0,
    0x88, 0x7, 0xff, 0x44, 0x40, 0x3f, 0xf8, 0x2e,
    0x1, 0xe1, 0x0, 0xff, 0xe0, 0xb8, 0x7, 0xff,
    0x44, 0xc0, 0x3f, 0xf8, 0x22, 0x1, 0xe3, 0x0,
    0xff, 0xe0, 0x88, 0x7, 0xff, 0x44, 0x40, 0x3f,
    0xf8, 0x26, 0x1, 0xe1, 0x0, 0xff, 0xe0, 0x98,
    0x7, 0xff, 0x47, 0xc0, 0x3f, 0xf8, 0x22, 0x1,
    0xef, 0x0, 0xff, 0xe0, 0x88, 0x7, 0xff, 0x44,
    0x40, 0x3f, 0xf8, 0x3e, 0x1, 0xe1, 0x0, 0xff,
    0xe0, 0xf8, 0x7, 0xff, 0x44, 0xc0, 0x3f, 0xf8,
    0x22, 0x1, 0xe3, 0x0, 0xff, 0xe0, 0x88, 0x7,
    0xff, 0x44, 0x40, 0x3f, 0xf8, 0x26, 0x1, 0xe1,
    0x0, 0xff, 0xe0, 0x98, 0x7, 0xff, 0x45, 0xc0,
    0x3f, 0xf8, 0x22, 0x1, 0xe7, 0x0, 0xff, 0xe0,
    0x88, 0x7, 0xff, 0x44, 0x40, 0x3f, 0xf8, 0x2e,
    0x1, 0xe1, 0x0, 0xff, 0xe0, 0xb8, 0x7, 0xff,
    0x44, 0xc0, 0x3f, 0xf8, 0x22, 0x1, 0xe3, 0x0,
    0xff, 0xe0, 0x90, 0x7, 0xff, 0x44, 0x40, 0x3f,
    0xf8, 0x26, 0x1, 0xe1, 0x0, 0xff, 0xe0, 0x88,
    0x7, 0xff, 0x7c, 0x40, 0x3f, 0xfc, 0xa2, 0x1,
    0xff, 0xc8, 0x10, 0xf, 0xfe, 0x8, 0x80, 0x7f,
    0xf4, 0x48, 0x3, 0xff, 0x82, 0x20, 0x1e, 0x30,
    0xf, 0xfe, 0x9, 0x80, 0x7f, 0xf4, 0x5c, 0x3,
    0xff, 0x82, 0x60, 0x1e, 0x10, 0xf, 0xfe, 0x8,
    0x80, 0x7f, 0xf4, 0x44, 0x3, 0xff, 0x82, 0x20,
    0x1e, 0x70, 0xf, 0xfe, 0xb, 0x80, 0x7f, 0xf4,
    0x4c, 0x3, 0xff, 0x82, 0xe0, 0x1e, 0x10, 0xf,
    0xfe, 0x8, 0x80, 0x7f, 0xf4, 0x44, 0x3, 0xff,
    0x82, 0x20, 0x1e, 0x30, 0xf, 0xfe, 0x9, 0x80,
    0x7f, 0xf4, 0x7c, 0x3, 0xff, 0x82, 0x60, 0x1e,
    0x10, 0xf, 0xfe, 0x8, 0x80, 0x7f, 0xf4, 0x44,
    0x3, 0xff, 0x82, 0x20, 0x1e, 0xf0, 0xf, 0xfe,
    0xf, 0x80, 0x7f, 0xf4, 0x4c, 0x3, 0xff, 0x90,
    0x20, 0x1f, 0xfc, 0x11, 0x0, 0xff, 0xe8, 0x88,
    0x7, 0xff, 0x7, 0xc0, 0x3c, 0x60, 0x1f, 0xfc,
    0x13, 0x0, 0xff, 0xe8, 0xb8, 0x7, 0xff, 0x4,
    0x40, 0x3c, 0x20, 0x1f, 0xfc, 0x11, 0x0, 0xff,
    0xe8, 0x88, 0x7, 0xff, 0x4, 0xc0, 0x3c, 0xe0,
    0x1f, 0xfc, 0x17, 0x0, 0xff, 0xe8, 0x98, 0x7,
    0xff, 0x4, 0x40, 0x3c, 0x20, 0x1f, 0xfc, 0x11,
    0x0, 0xff, 0xe8, 0x88, 0x7, 0xff, 0x5, 0xc0,
    0x3c, 0x60, 0x1f, 0xfc, 0x4, 0x20, 0xf, 0xfe,
    0x89, 0x0, 0x7f, 0xf0, 0x44, 0x3, 0xc2, 0x1,
    0xff, 0x2d, 0x80, 0x7f, 0xf4, 0x94, 0x3, 0xff,
    0x82, 0x60, 0x1f, 0xfc, 0x56, 0xa0, 0xf, 0xfe,
    0x9d, 0x80, 0x7f, 0xf0, 0x44, 0x3, 0xff, 0x88,
    0xf2, 0x1, 0xff, 0xd4, 0x31, 0x0, 0xff, 0x88,
    0x3, 0xff, 0x89, 0x10, 0x0, 0xff, 0xeb, 0x38,
    0x7, 0xfc, 0xc0, 0x1f, 0x18, 0x7, 0xd2, 0xe0,
    0x1f, 0xfd, 0x7d, 0x0, 0xff, 0xb0, 0x3, 0xe6,
    0x0, 0xf5, 0x30, 0x7, 0xff, 0x61, 0x0, 0x3f,
    0xe5, 0x0, 0xfb, 0xc0, 0x3a, 0xd4, 0x3, 0xff,
    0xb4, 0xa0, 0x1f, 0xc6, 0x40, 0x1f, 0x28, 0x80,
    0x7, 0x10, 0x3, 0xff, 0xb7, 0x80, 0x1f, 0xd0,
    0x1, 0xfd, 0x0, 0x38, 0x60, 0x1f, 0xfd, 0xc7,
    0x0, 0xfc, 0x88, 0x0, 0xfe, 0x65, 0xc2, 0x0,
    0xff, 0xee, 0x89, 0x80, 0x78, 0x68, 0x3, 0xfe,
    0xa2, 0x0, 0xff, 0xef, 0xd8, 0x7, 0xe, 0x8,
    0x7, 0xff, 0xb1, 0x40, 0x31, 0x61, 0x0, 0x7f,
    0xfb, 0x48, 0x80, 0x6, 0xd2, 0x0, 0xff, 0xf7,
    0xd2, 0xec, 0x80, 0x7f, 0xfc, 0x5e, 0x88, 0x3,
    0xff, 0x82,

    /* U+0049 "I" */
    0x0, 0xff, 0xe0, 0x4b, 0x80, 0x7f, 0xf1, 0x85,
    0xa3, 0x90, 0x3, 0xff, 0x89, 0x20, 0x1, 0xb6,
    0x0, 0xff, 0xe1, 0xb0, 0x6, 0x96, 0x0, 0xff,
    0xe0, 0xb0, 0x80, 0x74, 0x98, 0x7, 0xff, 0x2,
    0x80, 0x3e, 0xf0, 0xf, 0xf8, 0xcc, 0x1, 0xf1,
    0xa0, 0x7, 0xfa, 0x40, 0x3f, 0xb8, 0x3, 0xf8,
    0x54, 0x3, 0xf9, 0x0, 0x3f, 0xa4, 0x3, 0xfc,
    0x22, 0x0, 0xfc, 0xc0, 0x1f, 0xf2, 0x80, 0x7c,
    0xc2, 0x1, 0xff, 0xc7, 0xa0, 0xf, 0xfe, 0x39,
    0x98, 0x3, 0xff, 0x8f, 0x20, 0x1f, 0xfc, 0x17,
    0x0, 0xf2, 0x0, 0x7f, 0xf0, 0x44, 0x3, 0xc2,
    0x1, 0xff, 0xc1, 0x30, 0xf, 0xfe, 0x40, 0x80,
    0x70, 0x80, 0x7f, 0xf2, 0x8, 0x3, 0xff, 0x82,
    0x20, 0x1e, 0x70, 0xf, 0xfe, 0x9, 0x80, 0x78,
    0x40, 0x3f, 0xf8, 0x22, 0x1, 0xe3, 0x0, 0xff,
    0xe0, 0xb8, 0x7, 0x84, 0x3, 0xff, 0x82, 0x20,
    0x1e, 0xf0, 0xf, 0xfe, 0x9, 0x80, 0x78, 0x40,
    0x3f, 0xf8, 0x3c, 0x1, 0xe3, 0x0, 0xff, 0xe0,
    0x88, 0x7, 0x84, 0x3, 0xff, 0x82, 0x60, 0x1e,
    0x70, 0xf, 0xfe, 0x8, 0x80, 0x78, 0x40, 0x3f,
    0xf8, 0x2e, 0x1, 0xe3, 0x0, 0xff, 0xe0, 0x88,
    0x7, 0x84, 0x3, 0xff, 0x82, 0x60, 0x1f, 0xfc,
    0x81, 0x0, 0xe1, 0x0, 0xff, 0xe4, 0x10, 0x7,
    0xff, 0x4, 0x40, 0x3c, 0xe0, 0x1f, 0xfc, 0x13,
    0x0, 0xf0, 0x80, 0x7f, 0xf0, 0x44, 0x3, 0xc6,
    0x1, 0xff, 0xc1, 0x70, 0xf, 0x8, 0x7, 0xff,
    0x4, 0x40, 0x3d, 0xe0, 0x1f, 0xfc, 0x13, 0x0,
    0xf0, 0x80, 0x7f, 0xf0, 0x44, 0x3, 0xc6, 0x1,
    0xff, 0xc1, 0xf0, 0xf, 0x8, 0x7, 0xff, 0x4,
    0x40, 0x3c, 0xe0, 0x1f, 0xfc, 0x13, 0x0, 0xf0,
    0x80, 0x7f, 0xf0, 0x44, 0x3, 0xc6, 0x1, 0xff,
    0xc1, 0x70, 0xf, 0x58, 0x7, 0xff, 0x4, 0x40,
    0x3c, 0xba, 0x40, 0x1f, 0xf1, 0x80, 0x7c, 0x58,
    0x80, 0x1f, 0xe1, 0x0, 0xfc, 0x37, 0x0, 0x1f,
    0x90, 0x3, 0xfe, 0x7b, 0x10, 0xe, 0x8b, 0x0,
    0xff, 0xe0, 0x26, 0x10, 0x0, 0xb1, 0xc0, 0x3f,
    0xf8, 0x45, 0xaa, 0xad, 0x30, 0xf, 0xfe, 0x2d,
    0x50, 0x3, 0xff, 0xfe, 0x1, 0xe3, 0xd6, 0x0,
    0xff, 0xe2, 0xbe, 0x14, 0xc8, 0x3, 0xff, 0x84,
    0x37, 0x0, 0x13, 0x60, 0x80, 0x7f, 0xc9, 0xe8,
    0x1, 0xc7, 0xe2, 0x1, 0xfd, 0x16, 0x20, 0x1f,
    0x9, 0x80, 0x7c, 0x58, 0xe0, 0x1f, 0xe3, 0x0,
    0xf2, 0xe9, 0x80, 0x7f, 0xc2, 0x1, 0xea, 0x0,
    0xff, 0xe3, 0x88, 0x7, 0xff, 0x20, 0xc0, 0x3f,
    0xf8, 0x22, 0x1, 0xe1, 0x0, 0xff, 0xe0, 0x98,
    0x7, 0x9c, 0x3, 0xff, 0x82, 0x20, 0x1e, 0x10,
    0xf, 0xfe, 0xb, 0x80, 0x78, 0xc0, 0x3f, 0xf8,
    0x22, 0x1, 0xe1, 0x0, 0xff, 0xe0, 0x98, 0x7,
    0xbc, 0x3, 0xff, 0x82, 0x20, 0x1e, 0x10, 0xf,
    0xfe, 0xf, 0x80, 0x78, 0xc0, 0x3f, 0xf8, 0x22,
    0x1, 0xe1, 0x0, 0xff, 0xe0, 0x98, 0x7, 0x9c,
    0x3, 0xff, 0x82, 0x20, 0x1e, 0x10, 0xf, 0xfe,
    0xb, 0x80, 0x78, 0xc0, 0x3f, 0xf8, 0x22, 0x1,
    0xe1, 0x0, 0xff, 0xe0, 0x98, 0x7, 0x8, 0x7,
    0xff, 0x8, 0x40, 0x38, 0xc0, 0x3f, 0xf9, 0x2,
    0x1, 0xff, 0xc1, 0x10, 0xf, 0x38, 0x7, 0xff,
    0x4, 0xc0, 0x3c, 0x20, 0x1f, 0xfc, 0x11, 0x0,
    0xf1, 0x80, 0x7f, 0xf0, 0x5c, 0x3, 0xc2, 0x1,
    0xff, 0xc1, 0x10, 0xf, 0x78, 0x7, 0xff, 0x4,
    0xc0, 0x3c, 0x20, 0x1f, 0xfc, 0x11, 0x0, 0xf1,
    0x80, 0x7f, 0xf0, 0x7c, 0x3, 0xc2, 0x1, 0xff,
    0xc1, 0x10, 0xf, 0x38, 0x7, 0xff, 0x20, 0x40,
    0x3f, 0xf8, 0x26, 0x1, 0xe3, 0x0, 0xff, 0xe0,
    0x88, 0x7, 0x84, 0x3, 0xff, 0x82, 0xe0, 0x1e,
    0x20, 0xf, 0xfe, 0x8, 0x80, 0x79, 0x40, 0x3f,
    0xf8, 0x26, 0x1, 0xeb, 0x0, 0xff, 0xe0, 0x88,
    0x7, 0x8c, 0x40, 0x3f, 0xe2, 0x0, 0xfc, 0xe0,
    0x1f, 0xf3, 0x0, 0x7e, 0xd0, 0xf, 0xfb, 0x0,
    0x3f, 0x20, 0x7, 0xfc, 0xa0, 0x1f, 0xca, 0x1,
    0xfc, 0x84, 0x1, 0xfd, 0xe0, 0x1f, 0xde, 0x1,
    0xfe, 0x50, 0xf, 0xca, 0x80, 0x1f, 0xf2, 0x0,
    0x78, 0xac, 0x3, 0xff, 0x81, 0xa0, 0x1c, 0x3e,
    0x20, 0x1f, 0xfc, 0x7, 0x0, 0xc7, 0xe4, 0x1,
    0xff, 0xc1, 0x13, 0x0, 0x46, 0x8, 0x7, 0xff,
    0xe, 0xdb, 0x9c, 0x3, 0xff, 0x80,

    /* U+004A "J" */
    0x0, 0xff, 0xf6, 0x4b, 0x80, 0x7f, 0xfc, 0x85,
    0xa3, 0x90, 0x3, 0xff, 0xe1, 0x20, 0x1, 0xb6,
    0x0, 0xff, 0xf7, 0xb0, 0x6, 0x96, 0x0, 0xff,
    0xf6, 0xb0, 0x80, 0x74, 0x98, 0x7, 0xff, 0xb2,
    0x80, 0x3e, 0xf0, 0xf, 0xff, 0x59, 0x98, 0x3,
    0xe3, 0x40, 0xf, 0xff, 0x54, 0x80, 0x7f, 0x70,
    0x7, 0xff, 0xa4, 0x54, 0x3, 0xf9, 0x0, 0x3f,
    0xfd, 0x32, 0x1, 0xfe, 0x11, 0x0, 0x7f, 0xfa,
    0x18, 0x3, 0xfe, 0x50, 0xf, 0xff, 0x3b, 0x8,
    0x7, 0xff, 0xce, 0x80, 0x3f, 0xfe, 0x66, 0x60,
    0xf, 0xff, 0x9c, 0x80, 0x7f, 0xf0, 0x5c, 0x3,
    0xff, 0xcc, 0x80, 0x1f, 0xfc, 0x11, 0x0, 0xff,
    0xf3, 0x8, 0x7, 0xff, 0x4, 0xc0, 0x3f, 0xfe,
    0x82, 0x1, 0xff, 0xe5, 0x10, 0xf, 0xff, 0xa1,
    0x0, 0x7f, 0xf0, 0x44, 0x3, 0xff, 0xcc, 0xe0,
    0x1f, 0xfc, 0x13, 0x0, 0xff, 0xf3, 0x8, 0x7,
    0xff, 0x4, 0x40, 0x3f, 0xfc, 0xc6, 0x1, 0xff,
    0xc1, 0x70, 0xf, 0xff, 0x30, 0x80, 0x7f, 0xf0,
    0x44, 0x3, 0xff, 0xcd, 0xe0, 0x1f, 0xfc, 0x13,
    0x0, 0xff, 0xf3, 0x8, 0x7, 0xff, 0x7, 0x80,
    0x3f, 0xfc, 0xc6, 0x1, 0xff, 0xc1, 0x10, 0xf,
    0xff, 0x30, 0x80, 0x7f, 0xf0, 0x4c, 0x3, 0xff,
    0xcc, 0xe0, 0x1f, 0xfc, 0x11, 0x0, 0xff, 0xf3,
    0x8, 0x7, 0xff, 0x5, 0xc0, 0x3f, 0xfc, 0xc6,
    0x1, 0xff, 0xc1, 0x10, 0xf, 0xff, 0x30, 0x80,
    0x7f, 0xf0, 0x4c, 0x3, 0xff, 0xe8, 0x20, 0x1f,
    0xfe, 0x51, 0x0, 0xff, 0xfa, 0x10, 0x7, 0xff,
    0x4, 0x40, 0x3f, 0xfc, 0xce, 0x1, 0xff, 0xc1,
    0x30, 0xf, 0xff, 0x30, 0x80, 0x7f, 0xf0, 0x44,
    0x3, 0xff, 0xcc, 0x60, 0x1f, 0xfc, 0x17, 0x0,
    0xff, 0xf3, 0x8, 0x7, 0xff, 0x4, 0x40, 0x3f,
    0xfc, 0xde, 0x1, 0xff, 0xc1, 0x30, 0xf, 0xff,
    0x30, 0x80, 0x7f, 0xf0, 0x44, 0x3, 0xff, 0xcc,
    0x60, 0x1f, 0xfc, 0x1f, 0x0, 0xff, 0xf3, 0x8,
    0x7, 0xff, 0x4, 0x40, 0x3f, 0xfc, 0xce, 0x1,
    0xff, 0xc1, 0x30, 0xf, 0xff, 0x30, 0x80, 0x7f,
    0xf0, 0x44, 0x3, 0xff, 0xcc, 0x60, 0x1f, 0xfc,
    0x17, 0x0, 0xff, 0xf3, 0x58, 0x7, 0xff, 0x4,
    0x40, 0x3f, 0xfc, 0xcb, 0xa4, 0x1, 0xff, 0x18,
    0x7, 0xff, 0x9c, 0xb1, 0x0, 0x3f, 0xc2, 0x1,
    0xff, 0xe8, 0x1b, 0x80, 0xf, 0xc8, 0x1, 0xff,
    0xeb, 0x7b, 0x10, 0xe, 0x8b, 0x0, 0xff, 0xf6,
    0x26, 0x10, 0x0, 0xb1, 0xc0, 0x3f, 0xfd, 0xc5,
    0xaa, 0xad, 0x30, 0xf, 0xff, 0x8d, 0x50, 0x3,
    0xff, 0xfe, 0x1, 0xff, 0xff, 0x0, 0xff, 0xf7,
    0xc6, 0x8, 0x7, 0xff, 0x84, 0xf5, 0x80, 0x3f,
    0xf8, 0x3, 0x8e, 0x7e, 0x80, 0x1f, 0xfd, 0xf7,
    0xc2, 0x99, 0x0, 0x7f, 0x97, 0xcc, 0x0, 0x36,
    0xe0, 0x1f, 0xfd, 0xc1, 0xb8, 0x0, 0x9b, 0x4,
    0x3, 0xe8, 0xa1, 0x0, 0xe8, 0xa0, 0xf, 0xfe,
    0xd2, 0x7a, 0x0, 0x71, 0xf8, 0x80, 0x79, 0x40,
    0x3f, 0x2e, 0x90, 0x7, 0xff, 0x5e, 0x2c, 0x40,
    0x3e, 0x13, 0x0, 0xf1, 0x80, 0x7f, 0x16, 0xa8,
    0x7, 0xff, 0x50, 0xb1, 0xc0, 0x3f, 0xc6, 0x1,
    0xe1, 0x0, 0xff, 0xaa, 0x0, 0x3f, 0xfa, 0x4b,
    0xa6, 0x1, 0xff, 0x8, 0x7, 0xff, 0x1d, 0xc4,
    0x3, 0xff, 0xa3, 0x40, 0x1f, 0xfc, 0x71, 0x0,
    0xff, 0xe1, 0x8, 0x7, 0xff, 0x40, 0x40, 0x3f,
    0xf9, 0x6, 0x1, 0xff, 0xdf, 0x30, 0xf, 0xfe,
    0x8, 0x80, 0x7f, 0xf2, 0x4, 0x3, 0xff, 0xa2,
    0x20, 0x1f, 0xfc, 0x13, 0x0, 0xf0, 0x80, 0x7f,
    0xf0, 0x4c, 0x3, 0xff, 0xa2, 0xe0, 0x1f, 0xfc,
    0x11, 0x0, 0xf3, 0x80, 0x7f, 0xf0, 0x44, 0x3,
    0xff, 0xa2, 0x20, 0x1f, 0xfc, 0x17, 0x0, 0xf0,
    0x80, 0x7f, 0xf0, 0x5c, 0x3, 0xff, 0xa2, 0x60,
    0x1f, 0xfc, 0x11, 0x0, 0xf1, 0x80, 0x7f, 0xf0,
    0x44, 0x3, 0xff, 0xa2, 0x20, 0x1f, 0xfc, 0x13,
    0x0, 0xf0, 0x80, 0x7f, 0xf0, 0x4c, 0x3, 0xff,
    0xa3, 0xe0, 0x1f, 0xfc, 0x11, 0x0, 0xf7, 0x80,
    0x7f, 0xf0, 0x44, 0x3, 0xff, 0xa2, 0x20, 0x1f,
    0xfc, 0x1f, 0x0, 0xf0, 0x80, 0x7f, 0xf0, 0x7c,
    0x3, 0xff, 0xa2, 0x60, 0x1f, 0xfc, 0x11, 0x0,
    0xf1, 0x80, 0x7f, 0xf0, 0x44, 0x3, 0xff, 0xa2,
    0x20, 0x1f, 0xfc, 0x13, 0x0, 0xf0, 0x80, 0x7f,
    0xf0, 0x4c, 0x3, 0xff, 0xa2, 0xe0, 0x1f, 0xfc,
    0x11, 0x0, 0xf3, 0x80, 0x7f, 0xf0, 0x58, 0x3,
    0xff, 0xa2, 0x20, 0x1f, 0xfc, 0x17, 0x0, 0xf0,
    0x80, 0x7f, 0xf0, 0x44, 0x3, 0xff, 0xa2, 0x60,
    0x1f, 0xfc, 0x11, 0x0, 0xf1, 0x80, 0x7f, 0xf0,
    0x4c, 0x3, 0xff, 0xa2, 0x20, 0x1f, 0xfc, 0x13,
    0x0, 0xf0, 0x80, 0x7f, 0xf0, 0x44, 0x3, 0xff,
    0xa0, 0x20, 0x1f, 0xfc, 0x21, 0x0, 0xff, 0xf2,
    0x98, 0x7, 0xff, 0x20, 0x40, 0x3f, 0xf8, 0x22,
    0x1, 0xff, 0xd1, 0x10, 0xf, 0xfe, 0x8, 0x80,
    0x78, 0xc0, 0x3f, 0xf8, 0x26, 0x1, 0xff, 0xd1,
    0x70, 0xf, 0xfe, 0x9, 0x80, 0x78, 0x40, 0x3f,
    0xf8, 0x22, 0x1, 0xff, 0xd1, 0x10, 0xf, 0xfe,
    0x8, 0x80, 0x79, 0xc0, 0x3f, 0xf8, 0x2e, 0x1,
    0xff, 0xd1, 0x30, 0xf, 0xfe, 0xb, 0x80, 0x78,
    0x40, 0x3f, 0xf8, 0x22, 0x1, 0xff, 0xd1, 0x10,
    0xf, 0xfe, 0x8, 0x80, 0x78, 0xc0, 0x3f, 0xf8,
    0x26, 0x1, 0xff, 0xd1, 0xf0, 0xf, 0xfe, 0x9,
    0x80, 0x78, 0x40, 0x3f, 0xf8, 0x22, 0x1, 0xff,
    0xd1, 0x10, 0xf, 0xfe, 0x8, 0x80, 0x7b, 0xc0,
    0x3f, 0xf8, 0x3e, 0x1, 0xff, 0xd1, 0x30, 0xf,
    0xfe, 0xf, 0x80, 0x78, 0x40, 0x3f, 0xf8, 0x22,
    0x1, 0xff, 0xd1, 0x10, 0xf, 0xfe, 0x8, 0x80,
    0x78, 0xc0, 0x3f, 0xf8, 0x26, 0x1, 0xff, 0xd1,
    0x70, 0xf, 0xfe, 0x40, 0x80, 0x7f, 0xf0, 0x44,
    0x3, 0xff, 0xa2, 0x20, 0x1f, 0xfc, 0x13, 0x0,
    0xf3, 0x80, 0x7f, 0xf0, 0x5c, 0x3, 0xff, 0xa2,
    0x60, 0x1f, 0xfc, 0x11, 0x0, 0xf0, 0x80, 0x7f,
    0xf0, 0x44, 0x3, 0xff, 0xa2, 0x20, 0x1f, 0xfc,
    0x17, 0x0, 0xf1, 0x80, 0x7f, 0xf0, 0x14, 0x80,
    0x3f, 0xfa, 0x24, 0x1, 0xff, 0xc1, 0x10, 0xf,
    0x8, 0x7, 0xfc, 0xd4, 0x1, 0xff, 0xd2, 0x50,
    0xf, 0xfe, 0x9, 0x80, 0x7f, 0xf1, 0x5e, 0x40,
    0x11, 0xff, 0xff, 0xcd, 0xe0, 0x5, 0x80, 0x7f,
    0xf0, 0x44, 0x3, 0xff, 0x89, 0x30, 0x0, 0x97,
    0x0, 0xff, 0xe6, 0x89, 0x81, 0x88, 0x7, 0xfc,
    0x40, 0x1f, 0xfc, 0x4a, 0x60, 0x5, 0x30, 0x7,
    0xff, 0x3e, 0xc0, 0xe, 0x1, 0xff, 0x30, 0x7,
    0xc6, 0x1, 0xf5, 0x28, 0x2, 0xd4, 0x3, 0xff,
    0xa0, 0x80, 0xd, 0x0, 0xff, 0xb0, 0x3, 0xe5,
    0x0, 0xf5, 0xa8, 0x2, 0xd0, 0x3, 0xff, 0xa2,
    0x62, 0x8, 0x1, 0xff, 0x28, 0x7, 0xda, 0x1,
    0x87, 0x10, 0x1, 0x88, 0x1, 0xff, 0xd3, 0x70,
    0x2, 0x80, 0x7f, 0x21, 0x0, 0x7c, 0x82, 0x0,
    0x1c, 0x30, 0x1c, 0x30, 0xf, 0xfe, 0xa6, 0x0,
    0x3c, 0x3, 0xfb, 0xc0, 0x3f, 0xac, 0xb, 0x8,
    0x7, 0xc, 0x3, 0xff, 0xaa, 0xa0, 0x5, 0x0,
    0xfc, 0xa8, 0x1, 0xfc, 0xad, 0x84, 0x5, 0x84,
    0x1, 0xff, 0xd7, 0x40, 0x2, 0x0, 0x78, 0xac,
    0x3, 0xfe, 0x91, 0x2, 0xc2, 0x0, 0xff, 0xec,
    0x60, 0x3, 0x40, 0x38, 0x7c, 0x40, 0x3f, 0xf8,
    0x27, 0x82, 0x1, 0xff, 0xd9, 0x50, 0x3, 0x80,
    0x63, 0xf2, 0x0, 0xff, 0xe1, 0x12, 0x80, 0x7f,
    0xf6, 0x88, 0x80, 0x26, 0x0, 0x8c, 0x10, 0xf,
    0xfe, 0x18, 0xdd, 0x18, 0x7, 0xff, 0x65, 0x0,
    0x16, 0xdc, 0xe0, 0x1f, 0xfc, 0x75, 0xcc, 0x42,
    0x10, 0x7, 0xff, 0x57, 0x40, 0xf, 0x22, 0x1,
    0xff, 0xc1,

    /* U+004B "K" */
    0x0, 0xff, 0xf6, 0x43, 0x0, 0x7f, 0xfc, 0x85,
    0xe7, 0x4c, 0x3, 0xff, 0xe0, 0xc0, 0x2, 0xc5,
    0x0, 0xff, 0xf7, 0xc8, 0x6, 0xa5, 0x0, 0xff,
    0xe0, 0x22, 0x0, 0x3f, 0xfb, 0xea, 0x20, 0x1d,
    0x44, 0x1, 0xfe, 0x1a, 0xb4, 0x0, 0xff, 0xef,
    0x48, 0x7, 0xdc, 0x1, 0xfe, 0xa1, 0xb, 0x30,
    0xf, 0xfe, 0xe1, 0x98, 0x3, 0xe3, 0x40, 0xf,
    0xc6, 0x80, 0x16, 0x98, 0x7, 0xff, 0x6e, 0x40,
    0x3f, 0xb8, 0x3, 0xf4, 0x0, 0x61, 0xd2, 0x0,
    0xff, 0xec, 0x8a, 0x80, 0x7f, 0x20, 0x7, 0xe4,
    0x0, 0xe1, 0xc2, 0x0, 0xff, 0xec, 0x30, 0x7,
    0xf8, 0x44, 0x1, 0xe5, 0x0, 0xf8, 0x7c, 0x40,
    0x3f, 0xfa, 0xf2, 0x1, 0xff, 0x10, 0x7, 0x88,
    0x3, 0xf1, 0x60, 0x80, 0x7f, 0xf5, 0x54, 0x40,
    0x3f, 0xe7, 0x0, 0xf6, 0x80, 0x7f, 0x16, 0x88,
    0x7, 0xff, 0x52, 0x40, 0x3f, 0xf8, 0xe2, 0x1,
    0xfe, 0x3d, 0x0, 0xff, 0xe9, 0x99, 0x80, 0x3f,
    0xf8, 0xee, 0x1, 0xff, 0x1d, 0x80, 0x7f, 0xf4,
    0xa4, 0x3, 0xff, 0x82, 0xe0, 0x1e, 0x10, 0xf,
    0xfe, 0x2, 0x10, 0x7, 0xff, 0x45, 0x0, 0x3f,
    0xf8, 0x22, 0x1, 0xe3, 0x0, 0xff, 0xe0, 0x98,
    0x7, 0xff, 0x44, 0x40, 0x3f, 0xf8, 0x26, 0x1,
    0xe1, 0x0, 0xff, 0xe0, 0x88, 0x7, 0xff, 0x7c,
    0x40, 0x3f, 0xfc, 0xa2, 0x1, 0xff, 0xc8, 0x10,
    0xf, 0xfe, 0x8, 0x80, 0x7f, 0xf4, 0x4c, 0x3,
    0xff, 0x82, 0x20, 0x1e, 0x30, 0xf, 0xfe, 0x9,
    0x80, 0x7f, 0xf4, 0x58, 0x3, 0xff, 0x82, 0x60,
    0x1e, 0x10, 0xf, 0xfe, 0x8, 0x80, 0x7f, 0xf4,
    0x44, 0x3, 0xff, 0x82, 0x20, 0x1e, 0x70, 0xf,
    0xfe, 0xb, 0x80, 0x7f, 0xf4, 0x4c, 0x3, 0xff,
    0x82, 0xe0, 0x1e, 0x10, 0xf, 0xfe, 0x8, 0x80,
    0x7f, 0xf4, 0x44, 0x3, 0xff, 0x82, 0x20, 0x1e,
    0x30, 0xf, 0xfe, 0x9, 0x80, 0x7f, 0xf4, 0x7c,
    0x3, 0xff, 0x82, 0x60, 0x1e, 0x10, 0xf, 0xfe,
    0x8, 0x80, 0x7f, 0xf4, 0x44, 0x3, 0xff, 0x82,
    0x20, 0x1e, 0xf0, 0xf, 0xfe, 0xf, 0x80, 0x7f,
    0xf4, 0x4c, 0x3, 0xff, 0x83, 0xe0, 0x1e, 0x20,
    0xf, 0xfe, 0x8, 0x80, 0x7f, 0xf4, 0x44, 0x3,
    0xff, 0x82, 0x20, 0x1e, 0x10, 0xf, 0xfe, 0x9,
    0x80, 0x7f, 0xf4, 0x5c, 0x3, 0xff, 0x82, 0x40,
    0x1e, 0x70, 0xf, 0xfe, 0x8, 0x80, 0x7f, 0xf4,
    0x44, 0x3, 0xff, 0x82, 0xe0, 0x1e, 0x10, 0xf,
    0xfe, 0xb, 0x80, 0x7f, 0xf4, 0x4c, 0x3, 0xff,
    0x82, 0x20, 0x1e, 0x30, 0xf, 0xfe, 0x8, 0x80,
    0x7f, 0xf4, 0x44, 0x3, 0xff, 0x82, 0x60, 0x1e,
    0x10, 0xf, 0xfe, 0x9, 0x80, 0x7f, 0xf7, 0xc4,
    0x3, 0xff, 0x90, 0x20, 0x1f, 0xfd, 0x1, 0x0,
    0xff, 0xe4, 0x8, 0x7, 0xff, 0x4, 0x40, 0x3f,
    0xfa, 0x26, 0x1, 0xff, 0xc1, 0x10, 0xf, 0x18,
    0x7, 0xff, 0x4, 0xc0, 0x3f, 0xfa, 0x2c, 0x1,
    0xff, 0xc1, 0x30, 0xf, 0x8, 0x7, 0xff, 0x4,
    0x40, 0x3f, 0xfa, 0x22, 0x1, 0xff, 0xc1, 0x10,
    0xf, 0x38, 0x7, 0xff, 0x5, 0xc0, 0x3f, 0xfa,
    0x26, 0x1, 0xff, 0xc1, 0x70, 0xf, 0x8, 0x7,
    0xff, 0x4, 0x40, 0x3f, 0xfa, 0x22, 0x1, 0xff,
    0xc1, 0x10, 0xf, 0x18, 0x7, 0xff, 0x4, 0xc0,
    0x3f, 0xfa, 0x3e, 0x1, 0xff, 0xc1, 0x30, 0xf,
    0x8, 0x7, 0xff, 0x4, 0x40, 0x3f, 0xfa, 0x22,
    0x1, 0xff, 0xc1, 0x10, 0xf, 0x78, 0x7, 0xff,
    0x7, 0xc0, 0x3f, 0xfa, 0x26, 0x1, 0xff, 0xc1,
    0xf0, 0xf, 0x8, 0x7, 0xff, 0x4, 0x40, 0x3f,
    0xfa, 0x22, 0x1, 0xff, 0xc1, 0x10, 0xf, 0x18,
    0x7, 0xff, 0x4, 0xc0, 0x3f, 0xfa, 0x2e, 0x1,
    0xff, 0xc1, 0x30, 0xf, 0x8, 0x7, 0xff, 0x4,
    0x40, 0x3f, 0xfa, 0x22, 0x1, 0xff, 0xc1, 0x10,
    0xf, 0x38, 0x7, 0xff, 0x5, 0xc0, 0x3f, 0xfa,
    0x26, 0x1, 0xff, 0xc1, 0x70, 0xf, 0x8, 0x7,
    0xff, 0x1, 0x8c, 0x3, 0xff, 0xa3, 0x0, 0x1f,
    0xfc, 0x11, 0x0, 0xf1, 0x80, 0x7f, 0x86, 0xe4,
    0x3, 0xff, 0xa4, 0xd8, 0x20, 0x1f, 0xf1, 0x80,
    0x78, 0x40, 0x3f, 0x93, 0xd0, 0x1, 0x3f, 0xff,
    0xfc, 0xe9, 0x0, 0x1f, 0x98, 0x7, 0xf8, 0x40,
    0x3c, 0x40, 0x1f, 0xa2, 0xc4, 0xb, 0x58, 0x3,
    0xff, 0x9c, 0xd8, 0x20, 0x38, 0xc0, 0x1f, 0x8c,
    0x3, 0xed, 0x50, 0xe, 0x2c, 0x70, 0x3, 0x69,
    0x0, 0x7f, 0xf4, 0xf, 0xcc, 0x1, 0x34, 0x1,
    0xe7, 0xc0, 0xf, 0xd5, 0x0, 0x12, 0xe9, 0x80,
    0xdc, 0x80, 0x7f, 0xf4, 0xc7, 0x18, 0x0, 0xba,
    0x40, 0x1, 0xb8, 0x0, 0xff, 0x3d, 0x8d, 0x50,
    0x0, 0x9e, 0x80, 0x1f, 0xfd, 0x69, 0xa0, 0x1,
    0x62, 0x23, 0xd0, 0x3, 0xff, 0x80, 0x9c, 0xa0,
    0x8, 0xb1, 0x0, 0xff, 0xec, 0x2e, 0x8, 0xd,
    0xd8, 0x40, 0x3f, 0xf8, 0x85, 0x8e, 0x1, 0xff,
    0xdb, 0x3f, 0x40, 0xf, 0xfe, 0x48, 0x80, 0x7f,
    0xf7, 0x4d, 0xc0, 0x3f, 0xf9, 0x5, 0xaa, 0x1,
    0xff, 0xdb, 0x5d, 0x30, 0xf, 0xfe, 0x2b, 0xd8,
    0x80, 0x2a, 0x0, 0x3f, 0xfb, 0x33, 0x40, 0x1f,
    0xfc, 0x51, 0xb8, 0x4c, 0x30, 0x3, 0xd8, 0x80,
    0x7f, 0xf5, 0x4f, 0x58, 0x3, 0xff, 0x8a, 0x9e,
    0x80, 0x2, 0xc6, 0x0, 0x26, 0x18, 0x7, 0xff,
    0x4d, 0xf0, 0x80, 0x3f, 0xf8, 0xaf, 0x62, 0x1,
    0xd3, 0x20, 0x1, 0x62, 0x80, 0x7f, 0xf4, 0x6,
    0xe0, 0x3, 0xff, 0x8f, 0x40, 0x1f, 0x9b, 0x4,
    0x1, 0x50, 0x1, 0xff, 0xce, 0x4f, 0x40, 0xf,
    0xfe, 0x41, 0x80, 0x7f, 0x1f, 0xa0, 0x1, 0xff,
    0xff, 0xf9, 0xd6, 0x20, 0x1f, 0xfc, 0x91, 0x0,
    0xff, 0xd, 0xb8, 0x7, 0xff, 0xd2, 0x4, 0x3,
    0xff, 0xe8, 0x20, 0x1f, 0xfe, 0x51, 0x0, 0xff,
    0xfa, 0x18, 0x7, 0xff, 0x4, 0x40, 0x3f, 0xfc,
    0xc2, 0x1, 0xff, 0xc1, 0x30, 0xf, 0xff, 0x33,
    0x80, 0x7f, 0xf0, 0x44, 0x3, 0xff, 0xcc, 0x20,
    0x1f, 0xfc, 0x17, 0x0, 0xff, 0xf3, 0x18, 0x7,
    0xff, 0x4, 0x40, 0x3f, 0xfc, 0xc2, 0x1, 0xff,
    0xc1, 0x30, 0xf, 0xff, 0x37, 0x80, 0x7f, 0xf0,
    0x44, 0x3, 0xff, 0xcc, 0x20, 0x1f, 0xfc, 0x1f,
    0x0, 0xff, 0xf3, 0x18, 0x7, 0xff, 0x4, 0x40,
    0x3f, 0xfc, 0xc2, 0x1, 0xff, 0xc1, 0x30, 0xf,
    0xff, 0x33, 0x80, 0x7f, 0xf0, 0x44, 0x3, 0xff,
    0xcc, 0x20, 0x1f, 0xfc, 0x16, 0x0, 0xff, 0xf3,
    0x18, 0x7, 0xff, 0x4, 0xc0, 0x3f, 0xfc, 0xc2,
    0x1, 0xff, 0xc1, 0x10, 0xf, 0xff, 0xf8, 0x7,
    0xff, 0x6c, 0x40, 0x3f, 0xf8, 0x22, 0x1, 0xff,
    0xe6, 0x30, 0xf, 0xfe, 0x9, 0x80, 0x7f, 0xf9,
    0x84, 0x3, 0xff, 0x82, 0x20, 0x1f, 0xfe, 0x67,
    0x0, 0xff, 0xe0, 0xb8, 0x7, 0xff, 0x98, 0x40,
    0x3f, 0xf8, 0x22, 0x1, 0xff, 0xe6, 0x30, 0xf,
    0xfe, 0x9, 0x80, 0x7f, 0xf9, 0x84, 0x3, 0xff,
    0x82, 0x20, 0x1f, 0xfe, 0x6f, 0x0, 0xff, 0xe0,
    0xf8, 0x7, 0xff, 0x98, 0x40, 0x3f, 0xf8, 0x22,
    0x1, 0xff, 0xe6, 0x30, 0xf, 0xfe, 0x9, 0x80,
    0x7f, 0xf9, 0x84, 0x3, 0xff, 0x82, 0x20, 0x1f,
    0xfe, 0x67, 0x0, 0xff, 0xe0, 0xb8, 0x7, 0xff,
    0x98, 0x40, 0x3f, 0xf8, 0x22, 0x1, 0xff, 0xe6,
    0x30, 0xf, 0xfe, 0x2, 0x90, 0x7, 0xff, 0x98,
    0x40, 0x3f, 0xe6, 0xa0, 0xf, 0xff, 0x93, 0xc8,
    0x2, 0x3f, 0xff, 0xf9, 0xbc, 0x1, 0xff, 0xd5,
    0x88, 0x0, 0x25, 0xc0, 0x3f, 0xf9, 0xa2, 0x60,
    0x1f, 0xfd, 0x39, 0x70, 0x5, 0x30, 0x7, 0xff,
    0x3e, 0xc0, 0x3f, 0xf9, 0x46, 0x1, 0xf5, 0x30,
    0x2, 0xd4, 0x3, 0xff, 0xa0, 0x80, 0x1f, 0xfc,
    0xa5, 0x0, 0xf5, 0xa8, 0x2, 0xd0, 0x3, 0xff,
    0xa2, 0x62, 0x1, 0xff, 0xc9, 0xd0, 0xc, 0x38,
    0x80, 0xc, 0x40, 0xf, 0xfe, 0x9b, 0x80, 0x7f,
    0xf2, 0x50, 0x40, 0x3, 0x86, 0x3, 0x86, 0x1,
    0xff, 0xd4, 0xc0, 0xf, 0xfe, 0x55, 0x81, 0x61,
    0x0, 0xe1, 0x80, 0x7f, 0xf5, 0x54, 0x3, 0xff,
    0x94, 0xad, 0x84, 0x5, 0x84, 0x1, 0xff, 0xd7,
    0x40, 0xf, 0xfe, 0x54, 0x88, 0x16, 0x10, 0x7,
    0xff, 0x63, 0x0, 0x3f, 0xf9, 0x87, 0x82, 0x1,
    0xff, 0xd9, 0x50, 0xf, 0xfe, 0x61, 0x28, 0x7,
    0xff, 0x68, 0x88, 0x1, 0xff, 0xcb, 0x1b, 0xa3,
    0x0, 0xff, 0xec, 0xa0, 0x7, 0xff, 0x35, 0x73,
    0x10, 0x84, 0x1, 0xff, 0xd5, 0xd0, 0xf, 0xfe,
    0x30,

    /* U+004C "L" */
    0x0, 0xfe, 0x55, 0x0, 0x7f, 0xf8, 0xa, 0xa8,
    0xa0, 0x1f, 0xfd, 0xfe, 0x0, 0x52, 0x0, 0x7f,
    0xf7, 0x50, 0xc0, 0x2b, 0x30, 0xf, 0xfe, 0xe7,
    0x80, 0x76, 0x18, 0x7, 0xff, 0x68, 0x50, 0x3,
    0xda, 0x40, 0x1f, 0xfd, 0x94, 0x0, 0xf8, 0x70,
    0x80, 0x3f, 0xfb, 0x1a, 0x1, 0xf8, 0x70, 0x40,
    0x3f, 0xfa, 0xe4, 0x1, 0xfc, 0x38, 0x20, 0x1f,
    0xfd, 0x61, 0x0, 0xff, 0x16, 0x8, 0x7, 0xff,
    0x55, 0xc0, 0x3f, 0xe2, 0xd0, 0xf, 0xfe, 0xa8,
    0x80, 0x7f, 0xf0, 0xc, 0x80, 0x3f, 0xfa, 0x86,
    0x1, 0xff, 0xc1, 0x30, 0xf, 0xfe, 0xa0, 0x80,
    0x7f, 0xf0, 0x44, 0x3, 0xff, 0xfe, 0x1, 0x8,
    0x7, 0xff, 0x4, 0x40, 0x3f, 0xfa, 0x86, 0x1,
    0xff, 0xc1, 0x30, 0xf, 0xfe, 0xa0, 0x80, 0x7f,
    0xf0, 0x44, 0x3, 0xff, 0xa8, 0xe0, 0x1f, 0xfc,
    0x17, 0x0, 0xff, 0xea, 0x8, 0x7, 0xff, 0x4,
    0x40, 0x3f, 0xfa, 0x84, 0x1, 0xff, 0xc1, 0x30,
    0xf, 0xfe, 0xa7, 0x80, 0x7f, 0xf0, 0x44, 0x3,
    0xff, 0xa8, 0x20, 0x1f, 0xfc, 0x1f, 0x0, 0xff,
    0xea, 0x18, 0x7, 0xff, 0x4, 0x40, 0x3f, 0xfa,
    0x82, 0x1, 0xff, 0xc1, 0x30, 0xf, 0xfe, 0xa3,
    0x80, 0x7f, 0xf0, 0x44, 0x3, 0xff, 0xa8, 0x20,
    0x1f, 0xfc, 0x17, 0x0, 0xff, 0xea, 0x18, 0x7,
    0xff, 0x4, 0x80, 0x3f, 0xfa, 0x82, 0x1, 0xff,
    0xc1, 0x10, 0xf, 0xff, 0xf8, 0x4, 0x20, 0x1f,
    0xfc, 0x11, 0x0, 0xff, 0xea, 0x18, 0x7, 0xff,
    0x4, 0xc0, 0x3f, 0xfa, 0x82, 0x1, 0xff, 0xc1,
    0x10, 0xf, 0xfe, 0xa3, 0x80, 0x7f, 0xf0, 0x5c,
    0x3, 0xff, 0xa8, 0x20, 0x1f, 0xfc, 0x11, 0x0,
    0xff, 0xea, 0x18, 0x7, 0xff, 0x4, 0xc0, 0x3f,
    0xfa, 0x82, 0x1, 0xff, 0xc1, 0x10, 0xf, 0xfe,
    0xa7, 0x80, 0x7f, 0xf0, 0x7c, 0x3, 0xff, 0xa8,
    0x20, 0x1f, 0xfc, 0x11, 0x0, 0xff, 0xea, 0x18,
    0x7, 0xff, 0x4, 0xc0, 0x3f, 0xfa, 0x82, 0x1,
    0xff, 0xc1, 0x10, 0xf, 0xfe, 0xa3, 0x80, 0x7f,
    0xf0, 0x5c, 0x3, 0xff, 0xa8, 0x20, 0x1f, 0xfc,
    0x8, 0x30, 0xf, 0xfe, 0xa1, 0x80, 0x7f, 0x87,
    0x1c, 0x3, 0xff, 0xaa, 0x20, 0x1f, 0xcb, 0xc6,
    0x1, 0xff, 0xd6, 0x30, 0xf, 0xd3, 0x40, 0x1f,
    0xfd, 0x8c, 0x60, 0xe, 0x3d, 0x60, 0xf, 0xfe,
    0xd4, 0xc8, 0x2, 0x6c, 0x20, 0xf, 0xfe, 0xe3,
    0x61, 0x5c, 0x80, 0x7f, 0xf7, 0xcf, 0x50, 0x3,
    0xff, 0xfe, 0x1, 0xff, 0xff, 0x0, 0xff, 0xeb,
    0xc6, 0x8, 0x7, 0xff, 0x78, 0x71, 0xcf, 0xd0,
    0x3, 0xff, 0xb8, 0xbe, 0x60, 0x1, 0xb7, 0x0,
    0xff, 0xed, 0x45, 0x8, 0x7, 0x45, 0x0, 0x7f,
    0xf6, 0x54, 0x3, 0xf2, 0xe9, 0x0, 0x7f, 0xf5,
    0xcc, 0x3, 0xf8, 0xb5, 0x40, 0x3f, 0xfa, 0xc2,
    0x1, 0xff, 0x54, 0x0, 0x7f, 0xf8, 0x9c, 0x40,
    0x3f, 0xfa, 0x62, 0x1, 0xff, 0xc2, 0x10, 0xf,
    0xfe, 0x99, 0x80, 0x7f, 0xfc, 0x4, 0x3, 0xff,
    0xa8, 0x20, 0x1f, 0xfc, 0x13, 0x0, 0xff, 0xea,
    0x38, 0x7, 0xff, 0x4, 0x40, 0x3f, 0xfa, 0x82,
    0x1, 0xff, 0xc1, 0x70, 0xf, 0xfe, 0xa1, 0x80,
    0x7f, 0xf0, 0x44, 0x3, 0xff, 0xa8, 0x20, 0x1f,
    0xfc, 0x13, 0x0, 0xff, 0xea, 0x78, 0x7, 0xff,
    0x4, 0x40, 0x3f, 0xfa, 0x82, 0x1, 0xff, 0xc1,
    0xf0, 0xf, 0xfe, 0xa1, 0x80, 0x7f, 0xf0, 0x44,
    0x3, 0xff, 0xa8, 0x20, 0x1f, 0xfc, 0x13, 0x0,
    0xff, 0xea, 0x38, 0x7, 0xff, 0x5, 0x80, 0x3f,
    0xfa, 0x82, 0x1, 0xff, 0xc1, 0x10, 0xf, 0xfe,
    0xa1, 0x80, 0x7f, 0xf0, 0x4c, 0x3, 0xff, 0xa8,
    0x20, 0x1f, 0xfc, 0x11, 0x0, 0xff, 0xff, 0x80,
    0x42, 0x1, 0xff, 0xc1, 0x10, 0xf, 0xfe, 0xa1,
    0x80, 0x7f, 0xf0, 0x4c, 0x3, 0xff, 0xa8, 0x20,
    0x1f, 0xfc, 0x11, 0x0, 0xff, 0xea, 0x38, 0x7,
    0xff, 0x5, 0xc0, 0x3f, 0xfa, 0x82, 0x1, 0xff,
    0xc1, 0x10, 0xf, 0xfe, 0xa1, 0x80, 0x7f, 0xf0,
    0x4c, 0x3, 0xff, 0xa8, 0x20, 0x1f, 0xfc, 0x11,
    0x0, 0xff, 0xea, 0x78, 0x7, 0xff, 0x7, 0xc0,
    0x3f, 0xfa, 0x82, 0x1, 0xff, 0xc1, 0x10, 0xf,
    0xfe, 0xa1, 0x80, 0x7f, 0xf0, 0x4c, 0x3, 0xff,
    0xa8, 0x20, 0x1f, 0xfc, 0x11, 0x0, 0xff, 0xea,
    0x38, 0x7, 0xff, 0x5, 0xc0, 0x3f, 0xfa, 0x82,
    0x1, 0xff, 0xc1, 0x10, 0xf, 0xfe, 0xa1, 0x80,
    0x7f, 0xf0, 0x14, 0x80, 0x3f, 0xfa, 0x82, 0x1,
    0xff, 0x35, 0x0, 0x7f, 0xf8, 0x1e, 0x40, 0x11,
    0xff, 0xff, 0xcd, 0xe0, 0xf, 0xfe, 0x1c, 0xc0,
    0x2, 0x5c, 0x3, 0xff, 0x9a, 0x26, 0x1, 0xff,
    0xc1, 0xa6, 0x0, 0x53, 0x0, 0x7f, 0xf3, 0xec,
    0x3, 0x18, 0x7, 0xd4, 0xa0, 0xb, 0x50, 0xf,
    0xfe, 0x82, 0x0, 0x65, 0x0, 0xf5, 0xa8, 0x2,
    0xd0, 0x3, 0xff, 0xa2, 0x62, 0x1, 0x68, 0x6,
    0x1c, 0x40, 0x6, 0x20, 0x7, 0xff, 0x4d, 0xc0,
    0x24, 0x10, 0x0, 0xe1, 0x80, 0xe1, 0x80, 0x7f,
    0xf5, 0x30, 0x3, 0x58, 0x16, 0x10, 0xe, 0x18,
    0x7, 0xff, 0x55, 0x40, 0x32, 0xb6, 0x10, 0x16,
    0x10, 0x7, 0xff, 0x5d, 0x0, 0x34, 0x88, 0x16,
    0x10, 0x7, 0xff, 0x63, 0x0, 0x3c, 0x78, 0x20,
    0x1f, 0xfd, 0x95, 0x0, 0xf1, 0x28, 0x7, 0xff,
    0x68, 0x88, 0x1, 0xc3, 0x74, 0x60, 0x1f, 0xfd,
    0x94, 0x0, 0xf9, 0x73, 0x10, 0x84, 0x1, 0xff,
    0xd5, 0xd0,

    /* U+004D "M" */
    0x0, 0xff, 0xe2, 0x1b, 0xde, 0xf7, 0xff, 0xff,
    0x4f, 0x64, 0x3, 0xff, 0x94, 0xb9, 0x88, 0x42,
    0x10, 0xf, 0xfe, 0x99, 0x78, 0x7, 0xff, 0x20,
    0xb2, 0x8c, 0x3, 0xff, 0xb0, 0x2c, 0x1, 0xff,
    0xc8, 0x83, 0x0, 0xff, 0xed, 0x30, 0x7, 0xff,
    0x26, 0x90, 0x3, 0xff, 0xb5, 0x20, 0x1f, 0xfc,
    0xab, 0x30, 0xf, 0xfe, 0xc2, 0x88, 0x7, 0xff,
    0x2f, 0x4c, 0x3, 0xff, 0xaf, 0xc0, 0x1f, 0xfc,
    0xc1, 0xd2, 0x0, 0xff, 0xea, 0x92, 0x0, 0x7f,
    0xf3, 0x47, 0x8, 0x3, 0xff, 0xa9, 0x60, 0x1f,
    0xfc, 0xf1, 0xf1, 0x0, 0xff, 0xe9, 0xb, 0x0,
    0x7f, 0xf4, 0xb, 0x4, 0x3, 0xff, 0xa2, 0xc0,
    0x1f, 0xfd, 0x22, 0xd0, 0xf, 0xfe, 0x8d, 0x0,
    0x7f, 0xf4, 0xcf, 0x0, 0x3f, 0xf9, 0xe8, 0x40,
    0x1f, 0xfd, 0x43, 0xb0, 0xf, 0xfe, 0x77, 0x80,
    0x7f, 0xf5, 0x93, 0xff, 0xff, 0x9c, 0x80, 0x1f,
    0xff, 0xf0, 0xf, 0xff, 0xf8, 0x7, 0xff, 0xfc,
    0x3, 0xff, 0xfe, 0x1, 0xff, 0xff, 0x0, 0xff,
    0xff, 0x80, 0x7f, 0xff, 0xc0, 0x3f, 0xff, 0xe0,
    0x1f, 0xff, 0xf0, 0xf, 0xff, 0xf8, 0x7, 0xff,
    0xfc, 0x3, 0xff, 0xfe, 0x1, 0xff, 0xff, 0x0,
    0xff, 0xff, 0x80, 0x7f, 0xff, 0xc0, 0x3f, 0xff,
    0xe0, 0x1f, 0xff, 0xf0, 0xf, 0xff, 0xf8, 0x7,
    0xff, 0xfc, 0x3, 0xff, 0xfe, 0x1, 0xff, 0xff,
    0x0, 0xff, 0xff, 0x80, 0x7f, 0xff, 0xc0, 0x3f,
    0xff, 0xe0, 0x1f, 0xff, 0xf0, 0xf, 0xff, 0xf8,
    0x7, 0xff, 0xfc, 0x3, 0xff, 0xfe, 0x1, 0xff,
    0xdc, 0x9f, 0xff, 0xfe, 0x74, 0x80, 0x7f, 0xf5,
    0xb, 0x58, 0x3, 0xff, 0x9c, 0xd8, 0x20, 0x1f,
    0xfd, 0x16, 0xd2, 0x0, 0xff, 0xe8, 0x1f, 0x98,
    0x7, 0xff, 0x38, 0x6a, 0x40, 0x3f, 0xfa, 0x63,
    0x8c, 0x1, 0xff, 0xcc, 0x3f, 0x50, 0xf, 0xfe,
    0xb4, 0xc8, 0x3, 0xff, 0x95, 0x18, 0x20, 0x1f,
    0xfd, 0x86, 0xc1, 0x0, 0xff, 0xe3, 0xe, 0x38,
    0x7, 0xff, 0x6c, 0xfd, 0x0, 0x3f, 0xf8, 0xa6,
    0x20, 0x1f, 0xfd, 0xe7, 0x0, 0xff, 0xe2, 0x96,
    0xa8, 0x7, 0xff, 0x6d, 0x7c, 0xc0, 0x3f, 0xf8,
    0x4d, 0x42, 0x0, 0xa8, 0x0, 0xff, 0xec, 0xcd,
    0x8, 0x15, 0xa8, 0x7, 0xf0, 0xdc, 0xae, 0x10,
    0x1, 0xec, 0x40, 0x3f, 0xfa, 0xa5, 0xac, 0x0,
    0x5d, 0x4a, 0x80, 0xf, 0x8f, 0xd0, 0x0, 0x5a,
    0xa0, 0x4, 0xc2, 0x0, 0xff, 0xe9, 0xb6, 0x90,
    0x2, 0xa8, 0x1, 0x3d, 0x80, 0x73, 0xe0, 0x80,
    0x75, 0x48, 0x0, 0xb5, 0x40, 0x3f, 0xfa, 0x3,
    0x72, 0x0, 0x3d, 0x50, 0xe, 0x4d, 0x10, 0xa,
    0x80, 0x3f, 0x36, 0x8, 0x2, 0xa0, 0x3, 0xff,
    0x9c, 0x9e, 0x80, 0x7, 0xc2, 0x0, 0xf8, 0x8c,
    0x2, 0x30, 0xf, 0xe3, 0xf3, 0x0, 0x3f, 0xff,
    0xff, 0x3a, 0xc4, 0x6, 0xe0, 0x3, 0xff, 0x84,
    0x20, 0x1f, 0xe1, 0xc7, 0x0, 0xff, 0xe9, 0x27,
    0xa0, 0x7, 0xfc, 0x60, 0x1f, 0xfc, 0x48, 0x10,
    0xf, 0xfe, 0x8d, 0x88, 0x7, 0xff, 0x0, 0x40,
    0x3f, 0xf8, 0xa2, 0x1, 0xff, 0xd0, 0x10, 0xf,
    0xfe, 0x28, 0x80, 0x7f, 0xf7, 0xcc, 0x3, 0xff,
    0x82, 0x20, 0x11, 0x80, 0x7f, 0xf0, 0x44, 0x3,
    0xff, 0xa2, 0x20, 0x1f, 0xfc, 0x13, 0x0, 0x84,
    0x3, 0xff, 0x82, 0x60, 0x1f, 0xfd, 0x17, 0x0,
    0xff, 0xe0, 0x88, 0x4, 0xe0, 0x1f, 0xfc, 0x11,
    0x0, 0xff, 0xe8, 0x88, 0x7, 0xff, 0x5, 0xc0,
    0x21, 0x0, 0xff, 0xe0, 0xb8, 0x7, 0xff, 0x44,
    0xc0, 0x3f, 0xf8, 0x22, 0x1, 0x18, 0x7, 0xff,
    0x4, 0x40, 0x3f, 0xfa, 0x22, 0x1, 0xff, 0xc1,
    0x30, 0x8, 0x40, 0x3f, 0xf8, 0x26, 0x1, 0xff,
    0xd1, 0xf0, 0xf, 0xfe, 0x8, 0x80, 0x5e, 0x1,
    0xff, 0xc1, 0x10, 0xf, 0xfe, 0x88, 0x80, 0x7f,
    0xf0, 0x7c, 0x2, 0x10, 0xf, 0xfe, 0xf, 0x80,
    0x7f, 0xf4, 0x4c, 0x3, 0xff, 0x82, 0x20, 0x11,
    0x80, 0x7f, 0xf0, 0x44, 0x3, 0xff, 0xa2, 0x20,
    0x1f, 0xfc, 0x13, 0x0, 0x84, 0x3, 0xff, 0x82,
    0x60, 0x1f, 0xfd, 0x17, 0x0, 0xff, 0xe0, 0x88,
    0x4, 0xe0, 0x1f, 0xfc, 0x11, 0x0, 0xff, 0xe8,
    0x88, 0x7, 0xff, 0x5, 0xc0, 0x21, 0x0, 0xff,
    0xe0, 0xb8, 0x7, 0xff, 0x44, 0xc0, 0x3f, 0xf8,
    0x22, 0x1, 0x18, 0x7, 0xff, 0x4, 0x80, 0x3f,
    0xfa, 0x22, 0x1, 0xff, 0xc1, 0x30, 0x8, 0x40,
    0x3f, 0xf8, 0x22, 0x1, 0xff, 0xdf, 0x10, 0xf,
    0xff, 0x10, 0x80, 0x7f, 0xf1, 0x44, 0x3, 0xff,
    0x82, 0x20, 0x1f, 0xfd, 0x12, 0x0, 0xff, 0xe0,
    0x88, 0x4, 0x60, 0x1f, 0xfc, 0x13, 0x0, 0xff,
    0xe8, 0xb8, 0x7, 0xff, 0x4, 0xc0, 0x21, 0x0,
    0xff, 0xe0, 0x88, 0x7, 0xff, 0x44, 0x40, 0x3f,
    0xf8, 0x22, 0x1, 0x38, 0x7, 0xff, 0x5, 0xc0,
    0x3f, 0xfa, 0x26, 0x1, 0xff, 0xc1, 0x70, 0x8,
    0x40, 0x3f, 0xf8, 0x22, 0x1, 0xff, 0xd1, 0x10,
    0xf, 0xfe, 0x8, 0x80, 0x46, 0x1, 0xff, 0xc1,
    0x30, 0xf, 0xfe, 0x8f, 0x80, 0x7f, 0xf0, 0x4c,
    0x2, 0x10, 0xf, 0xfe, 0x8, 0x80, 0x7f, 0xf4,
    0x44, 0x3, 0xff, 0x82, 0x20, 0x17, 0x80, 0x7f,
    0xf0, 0x7c, 0x3, 0xff, 0xa2, 0x60, 0x1f, 0xfc,
    0x51, 0x0, 0xff, 0xe0, 0x88, 0x7, 0xff, 0x44,
    0x40, 0x3f, 0xf8, 0x3e, 0x1, 0x18, 0x7, 0xff,
    0x4, 0xc0, 0x3f, 0xfa, 0x2e, 0x1, 0xff, 0xc1,
    0x10, 0x8, 0x40, 0x3f, 0xf8, 0x22, 0x1, 0xff,
    0xd1, 0x10, 0xf, 0xfe, 0x9, 0x80, 0x4e, 0x1,
    0xff, 0xc1, 0x70, 0xf, 0xfe, 0x89, 0x80, 0x7f,
    0xf0, 0x44, 0x2, 0x10, 0xf, 0xfe, 0x8, 0x80,
    0x7f, 0xf4, 0x44, 0x3, 0xff, 0x82, 0xe0, 0x11,
    0x80, 0x7f, 0xf0, 0x10, 0x80, 0x3f, 0xfa, 0x24,
    0x1, 0xff, 0xc1, 0x10, 0xf, 0xfe, 0x1a, 0xd8,
    0x7, 0xff, 0x49, 0x40, 0x3f, 0xf8, 0x26, 0x1,
    0x8, 0x7, 0xf9, 0xa8, 0x3, 0xff, 0xa7, 0x60,
    0x1f, 0xfc, 0x11, 0x0, 0xff, 0xe0, 0xbc, 0x80,
    0x7f, 0xf5, 0xc, 0x40, 0x3f, 0xe2, 0x0, 0xff,
    0xe0, 0xc4, 0x0, 0x3f, 0xfa, 0xc8, 0x1, 0xff,
    0x30, 0x6, 0x20, 0xf, 0xa5, 0xc0, 0x3f, 0xfa,
    0xfe, 0x1, 0xff, 0x60, 0x6, 0x70, 0xf, 0x53,
    0x0, 0x7f, 0xf6, 0x14, 0x3, 0xfe, 0x50, 0xd,
    0xe0, 0x1d, 0x6a, 0x1, 0xff, 0xda, 0x40, 0xf,
    0xe3, 0x20, 0xc, 0xa2, 0x1, 0x62, 0x0, 0x7f,
    0xf6, 0xf4, 0x3, 0xfa, 0x0, 0x3d, 0x0, 0x38,
    0x60, 0x1f, 0xfd, 0xc7, 0x0, 0xfc, 0x88, 0x0,
    0xf3, 0x2e, 0x18, 0x7, 0xff, 0x74, 0x4c, 0x3,
    0xc3, 0x40, 0x1f, 0xa8, 0x80, 0x3f, 0xfb, 0xf6,
    0x1, 0xc3, 0x82, 0x1, 0xff, 0xe9, 0x50, 0xc,
    0x58, 0x40, 0x1f, 0xfe, 0xa2, 0x20, 0x1, 0xb4,
    0x80, 0x3f, 0xfd, 0x8a, 0xac, 0x90, 0xf, 0xff,
    0x74, 0x51, 0x80, 0x7f, 0x80,

    /* U+004E "N" */
    0x0, 0xff, 0xe2, 0x1b, 0xde, 0xf7, 0xff, 0xff,
    0x4f, 0x64, 0x3, 0xff, 0x9a, 0xb9, 0x88, 0x42,
    0x10, 0xf, 0xfe, 0x99, 0x78, 0x1, 0xd4, 0x3,
    0xff, 0x8e, 0x59, 0x46, 0x1, 0xff, 0xd8, 0x16,
    0x1, 0x8a, 0xc2, 0x0, 0xff, 0xe2, 0xc1, 0x80,
    0x7f, 0xf6, 0x98, 0x0, 0xc0, 0x3, 0xd4, 0x0,
    0xff, 0xe2, 0x52, 0x0, 0x7f, 0xf6, 0xa4, 0x1,
    0x40, 0x1a, 0xd0, 0x3, 0xff, 0x80, 0x66, 0x0,
    0x59, 0x80, 0x7f, 0xf6, 0x14, 0x41, 0x8, 0x3,
    0xac, 0x80, 0x3f, 0xc3, 0xb8, 0x60, 0xd, 0x30,
    0xf, 0xfe, 0xbf, 0x0, 0x3c, 0x3, 0xe9, 0x0,
    0xff, 0x58, 0x86, 0x90, 0xe, 0x90, 0x7, 0xff,
    0x54, 0x90, 0x9, 0x0, 0x3e, 0x43, 0x0, 0xfc,
    0x6a, 0x0, 0x1c, 0x20, 0x1c, 0x20, 0xf, 0xfe,
    0xa5, 0x80, 0x2c, 0x3, 0xfa, 0x80, 0x3f, 0x48,
    0x6, 0x1f, 0x10, 0x1f, 0x10, 0xf, 0xfe, 0x90,
    0xb0, 0x1, 0x80, 0x3f, 0x9c, 0x3, 0xf2, 0x80,
    0x71, 0x60, 0x81, 0x60, 0x80, 0x7f, 0xf4, 0x58,
    0x0, 0xe0, 0x1f, 0xe1, 0x10, 0x7, 0x90, 0x3,
    0xe2, 0xc1, 0x2, 0xd0, 0xf, 0xfe, 0x8d, 0x0,
    0x28, 0x3, 0xfe, 0x20, 0xf, 0x18, 0x7, 0xe2,
    0xd0, 0x1, 0xe0, 0x7, 0xff, 0x3d, 0x8, 0x10,
    0x80, 0x3f, 0xe7, 0x0, 0xf7, 0x0, 0x7f, 0x1d,
    0x80, 0xe, 0xc0, 0x3f, 0xf9, 0xde, 0x0, 0xf0,
    0xf, 0xfe, 0x39, 0x0, 0x7f, 0x92, 0xc0, 0x9,
    0xff, 0xff, 0xce, 0x40, 0x24, 0x0, 0xff, 0xe3,
    0xb8, 0x7, 0xfc, 0x94, 0x1, 0xff, 0xd2, 0xb0,
    0xf, 0xfe, 0xb, 0x80, 0x78, 0x40, 0x3f, 0xf8,
    0xa, 0x60, 0x1f, 0xfd, 0x17, 0x0, 0xff, 0xe0,
    0x88, 0x7, 0x8c, 0x3, 0xff, 0x82, 0x40, 0x1f,
    0xfd, 0x11, 0x0, 0xff, 0xe0, 0x98, 0x7, 0x84,
    0x3, 0xff, 0x82, 0x20, 0x1f, 0xfd, 0xf1, 0x0,
    0xff, 0xf2, 0x88, 0x7, 0xff, 0x20, 0x40, 0x3f,
    0xf8, 0x22, 0x1, 0xff, 0xd1, 0x30, 0xf, 0xfe,
    0x8, 0x80, 0x78, 0xc0, 0x3f, 0xf8, 0x26, 0x1,
    0xff, 0xd1, 0x10, 0xf, 0xfe, 0x9, 0x80, 0x78,
    0x40, 0x3f, 0xf8, 0x22, 0x1, 0xff, 0xd1, 0x70,
    0xf, 0xfe, 0x8, 0x80, 0x79, 0xc0, 0x3f, 0xf8,
    0x2e, 0x1, 0xff, 0xd1, 0x20, 0xf, 0xfe, 0xb,
    0x80, 0x78, 0x40, 0x3f, 0xf8, 0x22, 0x1, 0xff,
    0xd1, 0x10, 0xf, 0xfe, 0x8, 0x80, 0x78, 0xc0,
    0x3f, 0xf8, 0x26, 0x1, 0xff, 0xd1, 0xf0, 0xf,
    0xfe, 0x9, 0x80, 0x78, 0x40, 0x3f, 0xf8, 0x22,
    0x1, 0xff, 0xd1, 0x10, 0xf, 0xfe, 0x8, 0x80,
    0x7b, 0xc0, 0x3f, 0xf8, 0x3e, 0x1, 0xff, 0xd1,
    0x30, 0xf, 0xfe, 0xf, 0x80, 0x78, 0x40, 0x3f,
    0xf8, 0x22, 0x1, 0xff, 0xd1, 0x10, 0xf, 0xfe,
    0x8, 0x80, 0x78, 0xc0, 0x3f, 0xf8, 0x26, 0x1,
    0xff, 0xd1, 0x70, 0xf, 0xfe, 0x9, 0x80, 0x78,
    0x40, 0x3f, 0xf8, 0x22, 0x1, 0xff, 0xd1, 0x10,
    0xf, 0xfe, 0x8, 0x80, 0x79, 0xc0, 0x3f, 0xf8,
    0x2e, 0x1, 0xff, 0xd1, 0x30, 0xf, 0xfe, 0xb,
    0x80, 0x78, 0x80, 0x3f, 0xf8, 0x22, 0x1, 0xff,
    0xd1, 0x10, 0xf, 0xfe, 0x8, 0x80, 0x78, 0x40,
    0x3f, 0xf8, 0x26, 0x1, 0xff, 0xdf, 0x20, 0xf,
    0xfe, 0x40, 0x80, 0x7f, 0xf4, 0x4, 0x3, 0xff,
    0x90, 0x20, 0x1f, 0xfd, 0xf3, 0x0, 0xff, 0xe0,
    0x88, 0x7, 0x8c, 0x3, 0xff, 0x82, 0x40, 0x1f,
    0xfd, 0x11, 0x0, 0xff, 0xe0, 0x98, 0x7, 0x84,
    0x3, 0xff, 0x82, 0x20, 0x1f, 0xfd, 0x17, 0x0,
    0xff, 0xe0, 0x88, 0x7, 0x9c, 0x3, 0xff, 0x82,
    0xe0, 0x1f, 0xfd, 0x12, 0x0, 0xff, 0xe0, 0xb8,
    0x7, 0x84, 0x3, 0xff, 0x82, 0x20, 0x1f, 0xfd,
    0x11, 0x0, 0xff, 0xe0, 0x88, 0x7, 0x8c, 0x3,
    0xff, 0x82, 0x60, 0x1f, 0xfd, 0x1f, 0x0, 0xff,
    0xe0, 0x98, 0x7, 0x84, 0x3, 0xff, 0x82, 0x20,
    0x1f, 0xfd, 0x11, 0x0, 0xff, 0xe0, 0x88, 0x7,
    0xbc, 0x3, 0xff, 0x83, 0xe0, 0x1f, 0xfd, 0x13,
    0x0, 0xff, 0xe0, 0xf8, 0x7, 0x84, 0x3, 0xff,
    0x82, 0x20, 0x1f, 0xfd, 0x11, 0x0, 0xff, 0xe0,
    0x88, 0x7, 0x8c, 0x3, 0xff, 0x82, 0x60, 0x1f,
    0xfd, 0x17, 0x0, 0xff, 0xe0, 0x98, 0x7, 0x84,
    0x3, 0xff, 0x82, 0x20, 0x1f, 0xfd, 0x11, 0x0,
    0xff, 0xe0, 0x88, 0x7, 0x9c, 0x3, 0xff, 0x82,
    0xe0, 0x1f, 0xfd, 0x13, 0x0, 0xff, 0xe0, 0xb8,
    0x7, 0x84, 0x3, 0xff, 0x80, 0xa6, 0x1, 0xff,
    0xd1, 0x60, 0xf, 0xfe, 0x8, 0x80, 0x78, 0xc0,
    0x3f, 0xe9, 0xa0, 0xf, 0xfe, 0x94, 0x50, 0x7,
    0xff, 0x0, 0xc0, 0x3c, 0x20, 0x1f, 0xc7, 0xac,
    0x1, 0xff, 0xd4, 0x5d, 0x20, 0xf, 0xf0, 0x80,
    0x78, 0x40, 0x3f, 0x36, 0x10, 0x7, 0xff, 0x58,
    0xb5, 0x40, 0x3f, 0x10, 0x7, 0xde, 0x60, 0x1c,
    0x37, 0x20, 0x1f, 0xfd, 0xaa, 0x80, 0xf, 0x36,
    0x80, 0x7c, 0x38, 0xc0, 0x12, 0x7a, 0x0, 0x7f,
    0xf7, 0x1e, 0xc4, 0x2, 0xa9, 0x0, 0xff, 0x4c,
    0x82, 0x2c, 0x40, 0x3f, 0xfb, 0xc9, 0xe6, 0x6d,
    0x50, 0xf, 0xfe, 0x3, 0x7b, 0x80, 0x7f, 0xf8,
    0x47, 0x30, 0x40, 0x1f, 0xff, 0xf0, 0xf, 0xff,
    0xf8, 0x7, 0xff, 0xb9, 0x64, 0x3, 0xff, 0xc4,
    0x34, 0x60, 0x1f, 0xfc, 0x19, 0xa6, 0xd2, 0x0,
    0xff, 0xef, 0xa7, 0xae, 0x30, 0x7, 0xf8, 0xb5,
    0x80, 0x5, 0x88, 0x1, 0xff, 0xdd, 0x8b, 0x10,
    0x4, 0xc8, 0x3, 0xf3, 0x69, 0x0, 0x61, 0xb8,
    0x0, 0xff, 0xed, 0x16, 0x38, 0x7, 0x36, 0x8,
    0x7, 0xa8, 0x3, 0xf3, 0xd8, 0x80, 0x7f, 0xf5,
    0xd7, 0x4c, 0x3, 0xe3, 0x20, 0xf, 0x8, 0x7,
    0xf2, 0x61, 0x0, 0x7f, 0xf5, 0x6a, 0x80, 0x1f,
    0xe1, 0x0, 0xf1, 0x80, 0x7f, 0x8b, 0x54, 0x3,
    0xff, 0xa4, 0x7a, 0xa0, 0x1f, 0xf1, 0x80, 0x78,
    0x40, 0x3f, 0xf8, 0x14, 0x20, 0x1f, 0xfd, 0x1c,
    0x20, 0xf, 0xfe, 0x0, 0x80, 0x7f, 0xf2, 0x4,
    0x3, 0xff, 0xca, 0x20, 0x1f, 0xfd, 0xf2, 0x0,
    0xff, 0xe0, 0x88, 0x7, 0x8c, 0x3, 0xff, 0x82,
    0x20, 0x1f, 0xfd, 0x11, 0x0, 0xff, 0xe0, 0x98,
    0x7, 0x84, 0x3, 0xff, 0x82, 0x60, 0x1f, 0xfd,
    0x17, 0x0, 0xff, 0xe0, 0x88, 0x7, 0x9c, 0x3,
    0xff, 0x82, 0x20, 0x1f, 0xfd, 0x11, 0x0, 0xff,
    0xe0, 0xb8, 0x7, 0x84, 0x3, 0xff, 0x82, 0xe0,
    0x1f, 0xfd, 0x13, 0x0, 0xff, 0xe0, 0x88, 0x7,
    0x8c, 0x3, 0xff, 0x82, 0x20, 0x1f, 0xfd, 0x11,
    0x0, 0xff, 0xe0, 0x98, 0x7, 0x84, 0x3, 0xff,
    0x82, 0x60, 0x1f, 0xfd, 0x1f, 0x0, 0xff, 0xe0,
    0x88, 0x7, 0xbc, 0x3, 0xff, 0x82, 0x20, 0x1f,
    0xfd, 0x11, 0x0, 0xff, 0xe0, 0xf8, 0x7, 0x84,
    0x3, 0xff, 0x83, 0xe0, 0x1f, 0xfd, 0x13, 0x0,
    0xff, 0xe0, 0x88, 0x7, 0x8c, 0x3, 0xff, 0x82,
    0x20, 0x1f, 0xfd, 0x11, 0x0, 0xff, 0xe0, 0x98,
    0x7, 0x84, 0x3, 0xff, 0x82, 0x60, 0x1f, 0xfd,
    0x17, 0x0, 0xff, 0xe0, 0x88, 0x7, 0x9c, 0x3,
    0xff, 0x82, 0x20, 0x1f, 0xfd, 0x11, 0x0, 0xff,
    0xe0, 0xb8, 0x7, 0x84, 0x3, 0xff, 0x82, 0xe0,
    0x1f, 0xfd, 0x13, 0x0, 0xff, 0xe0, 0x88, 0x7,
    0x8c, 0x3, 0xff, 0x82, 0x20, 0x1f, 0xfd, 0x11,
    0x0, 0xff, 0xe0, 0x98, 0x7, 0x84, 0x3, 0xff,
    0x82, 0x60, 0x1f, 0xfd, 0xf1, 0x0, 0xff, 0xe4,
    0x8, 0x7, 0xff, 0x40, 0x40, 0x3f, 0xf9, 0x2,
    0x1, 0xff, 0xc1, 0x10, 0xf, 0xfe, 0x89, 0x80,
    0x7f, 0xf0, 0x44, 0x3, 0xc6, 0x1, 0xff, 0xc1,
    0x30, 0xf, 0xfe, 0x8b, 0x0, 0x7f, 0xf0, 0x4c,
    0x3, 0xc2, 0x1, 0xff, 0xc1, 0x10, 0xf, 0xfe,
    0x88, 0x80, 0x7f, 0xf0, 0x44, 0x3, 0xce, 0x1,
    0xff, 0xc1, 0x70, 0xf, 0xfe, 0x89, 0x80, 0x7f,
    0xf0, 0x5c, 0x3, 0xc2, 0x1, 0xff, 0xc1, 0x10,
    0xf, 0xfe, 0x88, 0x80, 0x7f, 0xf0, 0x44, 0x3,
    0xc6, 0x1, 0xff, 0xc1, 0x30, 0xf, 0xfe, 0x8f,
    0x80, 0x7f, 0xf2, 0x4, 0x3, 0xff, 0x82, 0x20,
    0x1f, 0xfd, 0x11, 0x0, 0xff, 0xe0, 0x98, 0x7,
    0xbc, 0x3, 0xff, 0x83, 0xe0, 0x1f, 0xfd, 0x13,
    0x0, 0xff, 0xe0, 0x88, 0x7, 0x84, 0x3, 0xff,
    0x82, 0x20, 0x1f, 0xfd, 0x11, 0x0, 0xff, 0xe0,
    0xf8, 0x7, 0x8c, 0x3, 0xff, 0x82, 0x60, 0x1f,
    0xfd, 0x17, 0x0, 0xff, 0xe0, 0x88, 0x7, 0x84,
    0x3, 0xff, 0x82, 0x20, 0x1f, 0xfd, 0x11, 0x0,
    0xff, 0xe0, 0x98, 0x7, 0x9c, 0x3, 0xff, 0x82,
    0xe0, 0x1f, 0xfd, 0x13, 0x0, 0xff, 0xe0, 0x88,
    0x7, 0xff, 0x20, 0x40, 0x3f, 0xfa, 0x22, 0x1,
    0xff, 0xc1, 0x70, 0xf, 0x8, 0x7, 0xff, 0x0,
    0xc8, 0x3, 0xff, 0xa2, 0x20, 0x1f, 0xfc, 0x11,
    0x0, 0xf1, 0x80, 0x7f, 0xc9, 0x80, 0x1f, 0xfd,
    0x27, 0x0, 0xff, 0xe0, 0x98, 0x7, 0x84, 0x3,
    0xfc, 0xb6, 0x1, 0xff, 0xd3, 0xd0, 0xf, 0xfe,
    0x8, 0x80, 0x7f, 0xf1, 0x1a, 0x80, 0x3f, 0xfa,
    0x88, 0x1, 0xff, 0xc0, 0x10, 0xf, 0xfe, 0x23,
    0xc8, 0x7, 0xff, 0x59, 0x40, 0x3f, 0xe5, 0x0,
    0xf8, 0x80, 0x3e, 0x88, 0x0, 0x7f, 0xf5, 0xfc,
    0x3, 0xfe, 0xc0, 0xf, 0x9c, 0x3, 0xd2, 0xe0,
    0x1f, 0xfd, 0x85, 0x0, 0xff, 0x90, 0x3, 0xef,
    0x0, 0xea, 0x60, 0xf, 0xfe, 0xd2, 0x0, 0x7f,
    0x19, 0x80, 0x3e, 0x51, 0x0, 0xad, 0x40, 0x3f,
    0xfb, 0x7a, 0x1, 0xfd, 0x20, 0x1f, 0xd2, 0x0,
    0xc4, 0x0, 0xff, 0xee, 0x38, 0x7, 0xe3, 0x50,
    0xf, 0xe7, 0x4c, 0x30, 0xf, 0xfe, 0xe8, 0x98,
    0x7, 0x87, 0x80, 0x3f, 0xeb, 0x30, 0xf, 0xfe,
    0xfd, 0x80, 0x7b, 0x48, 0x3, 0xff, 0xd8, 0xa0,
    0x18, 0x70, 0xc0, 0x3f, 0xfd, 0xa4, 0x40, 0x2,
    0xf9, 0x80, 0x7f, 0xfb, 0xd4, 0xee, 0x84, 0x3,
    0xff, 0xe1, 0x18, 0x80, 0x1f, 0xfc, 0x10,

    /* U+004F "O" */
    0x0, 0xff, 0xe2, 0x1b, 0xde, 0xf7, 0xff, 0xff,
    0x4f, 0x64, 0x3, 0xff, 0x9a, 0xb9, 0x88, 0x42,
    0x10, 0xf, 0xfe, 0x99, 0x78, 0x1, 0xd4, 0x3,
    0xff, 0x8e, 0x59, 0x46, 0x1, 0xff, 0xd8, 0x16,
    0x1, 0x8a, 0xc2, 0x0, 0xff, 0xe2, 0xc1, 0x80,
    0x7f, 0xf6, 0x98, 0x0, 0xc0, 0x3, 0xd4, 0x0,
    0xff, 0xe2, 0x52, 0x0, 0x7f, 0xf6, 0xa4, 0x1,
    0x40, 0x1a, 0xd0, 0x3, 0xff, 0x80, 0x66, 0x0,
    0x59, 0x80, 0x7f, 0xf6, 0x14, 0x41, 0x8, 0x3,
    0xac, 0x80, 0x3f, 0xc3, 0xb8, 0x60, 0xd, 0x30,
    0xf, 0xfe, 0xbf, 0x0, 0x3c, 0x3, 0xe9, 0x0,
    0xff, 0x58, 0x86, 0x90, 0xe, 0x90, 0x7, 0xff,
    0x54, 0x90, 0x9, 0x0, 0x3e, 0x43, 0x0, 0xfc,
    0x6a, 0x0, 0x1c, 0x20, 0x1c, 0x20, 0xf, 0xfe,
    0xa5, 0x80, 0x2c, 0x3, 0xfa, 0x80, 0x3f, 0x48,
    0x6, 0x1f, 0x10, 0x1f, 0x10, 0xf, 0xfe, 0x90,
    0xb0, 0x1, 0x80, 0x3f, 0x9c, 0x3, 0xf2, 0x80,
    0x71, 0x60, 0x81, 0x60, 0x80, 0x7f, 0xf4, 0x58,
    0x0, 0xe0, 0x1f, 0xe1, 0x10, 0x7, 0x90, 0x3,
    0xe2, 0xd1, 0x2, 0xd0, 0xf, 0xfe, 0x8d, 0x0,
    0x28, 0x3, 0xfe, 0x20, 0xf, 0x18, 0x7, 0xe3,
    0xd0, 0x1, 0xe0, 0x7, 0xff, 0x3d, 0x8, 0x10,
    0x80, 0x3f, 0xe7, 0x0, 0xf7, 0x0, 0x7f, 0x1d,
    0x80, 0xe, 0xc0, 0x3f, 0xf9, 0xde, 0x0, 0xf0,
    0xf, 0xfe, 0x39, 0x0, 0x7f, 0x92, 0xc0, 0x9,
    0xff, 0xff, 0xce, 0x40, 0x24, 0x0, 0xff, 0xe3,
    0xb8, 0x7, 0xfc, 0x94, 0x1, 0xff, 0xd2, 0xb0,
    0xf, 0xfe, 0xb, 0x80, 0x78, 0x40, 0x3f, 0xf8,
    0xa, 0x40, 0x1f, 0xfd, 0x17, 0x0, 0xff, 0xe0,
    0x88, 0x7, 0x8c, 0x3, 0xff, 0x82, 0x60, 0x1f,
    0xfd, 0x11, 0x0, 0xff, 0xe0, 0x98, 0x7, 0x84,
    0x3, 0xff, 0x82, 0x20, 0x1f, 0xfd, 0xf1, 0x0,
    0xff, 0xf2, 0x88, 0x7, 0xff, 0x20, 0x40, 0x3f,
    0xf8, 0x22, 0x1, 0xff, 0xd1, 0x30, 0xf, 0xfe,
    0x8, 0x80, 0x78, 0xc0, 0x3f, 0xf8, 0x26, 0x1,
    0xff, 0xd1, 0x10, 0xf, 0xfe, 0x9, 0x80, 0x78,
    0x40, 0x3f, 0xf8, 0x22, 0x1, 0xff, 0xd1, 0x70,
    0xf, 0xfe, 0x8, 0x80, 0x79, 0xc0, 0x3f, 0xf8,
    0x2e, 0x1, 0xff, 0xd1, 0x20, 0xf, 0xfe, 0xb,
    0x80, 0x78, 0x40, 0x3f, 0xf8, 0x22, 0x1, 0xff,
    0xd1, 0x10, 0xf, 0xfe, 0x8, 0x80, 0x78, 0xc0,
    0x3f, 0xf8, 0x26, 0x1, 0xff, 0xd1, 0xf0, 0xf,
    0xfe, 0x9, 0x80, 0x78, 0x40, 0x3f, 0xf8, 0x22,
    0x1, 0xff, 0xd1, 0x10, 0xf, 0xfe, 0x8, 0x80,
    0x7b, 0xc0, 0x3f, 0xf8, 0x3e, 0x1, 0xff, 0xd1,
    0x30, 0xf, 0xfe, 0xf, 0x80, 0x78, 0x40, 0x3f,
    0xf8, 0x22, 0x1, 0xff, 0xd1, 0x10, 0xf, 0xfe,
    0x8, 0x80, 0x78, 0xc0, 0x3f, 0xf8, 0x26, 0x1,
    0xff, 0xd1, 0x70, 0xf, 0xfe, 0x9, 0x80, 0x79,
    0x80, 0x3f, 0xf8, 0x22, 0x1, 0xff, 0xd1, 0x10,
    0xf, 0xfe, 0x8, 0x80, 0x78, 0x40, 0x3f, 0xf8,
    0x2e, 0x1, 0xff, 0xd1, 0x30, 0xf, 0xfe, 0xb,
    0x0, 0x78, 0xc0, 0x3f, 0xf8, 0x22, 0x1, 0xff,
    0xd1, 0x10, 0xf, 0xfe, 0x9, 0x80, 0x78, 0x40,
    0x3f, 0xf8, 0x26, 0x1, 0xff, 0xdf, 0x10, 0xf,
    0xfe, 0x40, 0x80, 0x7f, 0xf4, 0x4, 0x3, 0xff,
    0x90, 0x20, 0x1f, 0xfc, 0x11, 0x0, 0xff, 0xe8,
    0x98, 0x7, 0xff, 0x4, 0x40, 0x3c, 0x60, 0x1f,
    0xfc, 0x13, 0x0, 0xff, 0xe8, 0x88, 0x7, 0xff,
    0x4, 0xc0, 0x3c, 0x20, 0x1f, 0xfc, 0x11, 0x0,
    0xff, 0xe8, 0xb0, 0x7, 0xff, 0x4, 0x40, 0x3c,
    0xe0, 0x1f, 0xfc, 0x17, 0x0, 0xff, 0xe8, 0x98,
    0x7, 0xff, 0x5, 0xc0, 0x3c, 0x20, 0x1f, 0xfc,
    0x11, 0x0, 0xff, 0xe8, 0x88, 0x7, 0xff, 0x4,
    0x40, 0x3c, 0x60, 0x1f, 0xfc, 0x13, 0x0, 0xff,
    0xe8, 0xf8, 0x7, 0xff, 0x4, 0xc0, 0x3c, 0x20,
    0x1f, 0xfc, 0x11, 0x0, 0xff, 0xe8, 0x88, 0x7,
    0xff, 0x4, 0x40, 0x3d, 0xe0, 0x1f, 0xfc, 0x1f,
    0x0, 0xff, 0xe8, 0x98, 0x7, 0xff, 0x7, 0xc0,
    0x3c, 0x20, 0x1f, 0xfc, 0x11, 0x0, 0xff, 0xe8,
    0x88, 0x7, 0xff, 0x4, 0x40, 0x3c, 0x60, 0x1f,
    0xfc, 0x13, 0x0, 0xff, 0xe8, 0xb8, 0x7, 0xff,
    0x4, 0xc0, 0x3c, 0x20, 0x1f, 0xfc, 0x11, 0x0,
    0xff, 0xe8, 0x88, 0x7, 0xff, 0x4, 0x40, 0x3c,
    0xe0, 0x1f, 0xfc, 0x17, 0x0, 0xff, 0xe8, 0x98,
    0x7, 0xff, 0x5, 0xc0, 0x3c, 0x20, 0x1f, 0xfc,
    0x6, 0x30, 0xf, 0xfe, 0x8c, 0x80, 0x7f, 0xf0,
    0x44, 0x3, 0xc6, 0x1, 0xfe, 0x1a, 0x90, 0xf,
    0xfe, 0x93, 0xd8, 0x80, 0x7f, 0xc6, 0x1, 0xe1,
    0x0, 0xfe, 0x3f, 0x50, 0xf, 0xfe, 0xa2, 0x79,
    0x80, 0x7f, 0x84, 0x3, 0xc4, 0x1, 0xfa, 0x30,
    0x40, 0x3f, 0xfa, 0xc3, 0x8c, 0x1, 0xf8, 0xc0,
    0x3e, 0xd4, 0x0, 0xe1, 0xc7, 0x0, 0xff, 0xed,
    0x4c, 0x80, 0x3c, 0xf8, 0x1, 0xfa, 0xdc, 0x2,
    0x5e, 0x30, 0xf, 0xfe, 0xe3, 0x61, 0x0, 0x6,
    0xe0, 0x3, 0xfd, 0x14, 0x33, 0x40, 0x1f, 0xfd,
    0xf3, 0xc4, 0x47, 0xa0, 0x7, 0xff, 0x1, 0x79,
    0x80, 0x3f, 0xfc, 0x23, 0x76, 0x10, 0xf, 0xff,
    0xf8, 0x7, 0xff, 0xfc, 0x3, 0xff, 0xdc, 0xd6,
    0x20, 0x1f, 0xfe, 0x12, 0xb5, 0x0, 0xff, 0xe0,
    0xd, 0xca, 0x61, 0x80, 0x7f, 0xf7, 0xd7, 0x52,
    0xa0, 0x3, 0xfc, 0x9e, 0x80, 0x2, 0xc5, 0x0,
    0xff, 0xee, 0xd5, 0x0, 0x27, 0xb0, 0xf, 0xcf,
    0x62, 0x1, 0xd5, 0x20, 0x1f, 0xfd, 0xa3, 0xd5,
    0x0, 0xe4, 0xd1, 0x0, 0xf5, 0x0, 0x7e, 0x6c,
    0x10, 0xf, 0xfe, 0xbb, 0xe1, 0x0, 0x7c, 0x46,
    0x1, 0xe3, 0x0, 0xfe, 0x3f, 0x40, 0xf, 0xfe,
    0xa0, 0xdc, 0x0, 0x7f, 0x8c, 0x3, 0xc2, 0x1,
    0xfe, 0x1b, 0x70, 0xf, 0xfe, 0x92, 0x7a, 0x0,
    0x7f, 0xf4, 0xe0, 0x40, 0x3f, 0xfa, 0x36, 0x20,
    0x1f, 0xfc, 0x1, 0x0, 0xff, 0xe4, 0x8, 0x7,
    0xff, 0x40, 0x40, 0x3f, 0xf9, 0x2, 0x1, 0xff,
    0xdf, 0x30, 0xf, 0xfe, 0x8, 0x80, 0x78, 0xc0,
    0x3f, 0xf8, 0x22, 0x1, 0xff, 0xd1, 0x10, 0xf,
    0xfe, 0x9, 0x80, 0x78, 0x40, 0x3f, 0xf8, 0x26,
    0x1, 0xff, 0xd1, 0x70, 0xf, 0xfe, 0x8, 0x80,
    0x79, 0xc0, 0x3f, 0xf8, 0x22, 0x1, 0xff, 0xd1,
    0x10, 0xf, 0xfe, 0xb, 0x80, 0x78, 0x40, 0x3f,
    0xf8, 0x2e, 0x1, 0xff, 0xd1, 0x30, 0xf, 0xfe,
    0x8, 0x80, 0x78, 0xc0, 0x3f, 0xf8, 0x22, 0x1,
    0xff, 0xd1, 0x10, 0xf, 0xfe, 0x9, 0x80, 0x78,
    0x40, 0x3f, 0xf8, 0x26, 0x1, 0xff, 0xd1, 0xf0,
    0xf, 0xfe, 0x8, 0x80, 0x7b, 0xc0, 0x3f, 0xf8,
    0x22, 0x1, 0xff, 0xd1, 0x10, 0xf, 0xfe, 0xf,
    0x80, 0x78, 0x40, 0x3f, 0xf8, 0x3e, 0x1, 0xff,
    0xd1, 0x30, 0xf, 0xfe, 0x8, 0x80, 0x78, 0xc0,
    0x3f, 0xf8, 0x22, 0x1, 0xff, 0xd1, 0x10, 0xf,
    0xfe, 0x9, 0x80, 0x78, 0x40, 0x3f, 0xf8, 0x26,
    0x1, 0xff, 0xd1, 0x70, 0xf, 0xfe, 0x8, 0x80,
    0x79, 0xc0, 0x3f, 0xf8, 0x22, 0x1, 0xff, 0xd1,
    0x10, 0xf, 0xfe, 0xb, 0x80, 0x78, 0x40, 0x3f,
    0xf8, 0x2c, 0x1, 0xff, 0xd1, 0x30, 0xf, 0xfe,
    0x8, 0x80, 0x78, 0xc0, 0x3f, 0xf8, 0x26, 0x1,
    0xff, 0xd1, 0x10, 0xf, 0xfe, 0x9, 0x80, 0x78,
    0x40, 0x3f, 0xf8, 0x22, 0x1, 0xff, 0xdf, 0x10,
    0xf, 0xff, 0x29, 0x0, 0x7f, 0xf2, 0x4, 0x3,
    0xff, 0x82, 0x20, 0x1f, 0xfd, 0x11, 0x0, 0xff,
    0xe0, 0x88, 0x7, 0x8c, 0x3, 0xff, 0x82, 0x60,
    0x1f, 0xfd, 0x17, 0x0, 0xff, 0xe0, 0x98, 0x7,
    0x84, 0x3, 0xff, 0x82, 0x20, 0x1f, 0xfd, 0x11,
    0x0, 0xff, 0xe0, 0x88, 0x7, 0x9c, 0x3, 0xff,
    0x82, 0xe0, 0x1f, 0xfd, 0x13, 0x0, 0xff, 0xe0,
    0xb8, 0x7, 0x84, 0x3, 0xff, 0x82, 0x20, 0x1f,
    0xfd, 0x11, 0x0, 0xff, 0xe0, 0x88, 0x7, 0x8c,
    0x3, 0xff, 0x82, 0x60, 0x1f, 0xfd, 0x1f, 0x0,
    0xff, 0xe0, 0x98, 0x7, 0x84, 0x3, 0xff, 0x82,
    0x20, 0x1f, 0xfd, 0x11, 0x0, 0xff, 0xe0, 0x88,
    0x7, 0xbc, 0x3, 0xff, 0x83, 0xe0, 0x1f, 0xfd,
    0x13, 0x0, 0xff, 0xe0, 0xf8, 0x7, 0x84, 0x3,
    0xff, 0x82, 0x20, 0x1f, 0xfd, 0x11, 0x0, 0xff,
    0xe0, 0x88, 0x7, 0x8c, 0x3, 0xff, 0x82, 0x60,
    0x1f, 0xfd, 0x17, 0x0, 0xff, 0xe4, 0x8, 0x7,
    0xff, 0x4, 0x40, 0x3f, 0xfa, 0x22, 0x1, 0xff,
    0xc1, 0x30, 0xf, 0x38, 0x7, 0xff, 0x5, 0xc0,
    0x3f, 0xfa, 0x26, 0x1, 0xff, 0xc1, 0x10, 0xf,
    0x8, 0x7, 0xff, 0x4, 0x40, 0x3f, 0xfa, 0x22,
    0x1, 0xff, 0xc1, 0x70, 0xf, 0x18, 0x7, 0xff,
    0x1, 0x48, 0x3, 0xff, 0xa2, 0x40, 0x1f, 0xfc,
    0x11, 0x0, 0xf0, 0x80, 0x7f, 0xcd, 0x40, 0x1f,
    0xfd, 0x25, 0x0, 0xff, 0xe0, 0x98, 0x7, 0xff,
    0x15, 0xe4, 0x1, 0x1f, 0xff, 0xfc, 0xde, 0x0,
    0x58, 0x7, 0xff, 0x4, 0x40, 0x3f, 0xf8, 0x91,
    0x0, 0x4, 0xb8, 0x7, 0xff, 0x34, 0x4c, 0xc,
    0x40, 0x3f, 0xe2, 0x0, 0xff, 0xe2, 0x4b, 0x80,
    0x29, 0x80, 0x3f, 0xf9, 0xf6, 0x0, 0x70, 0xf,
    0xf9, 0x80, 0x3e, 0x30, 0xf, 0xa9, 0x80, 0x16,
    0xa0, 0x1f, 0xfd, 0x4, 0x0, 0x68, 0x7, 0xfd,
    0x80, 0x1f, 0x28, 0x7, 0xad, 0x40, 0x16, 0x80,
    0x1f, 0xfd, 0x13, 0x10, 0x40, 0xf, 0xf9, 0x40,
    0x3e, 0xd0, 0xc, 0x38, 0x80, 0xc, 0x40, 0xf,
    0xfe, 0x9b, 0x80, 0x14, 0x3, 0xf9, 0x8, 0x3,
    0xe4, 0x10, 0x0, 0xe1, 0x80, 0xe1, 0x80, 0x7f,
    0xf5, 0x30, 0x1, 0xe0, 0x1f, 0xde, 0x1, 0xfd,
    0x60, 0x58, 0x40, 0x38, 0x60, 0x1f, 0xfd, 0x55,
    0x0, 0x28, 0x7, 0xe5, 0x40, 0xf, 0xe5, 0x6c,
    0x20, 0x2c, 0x20, 0xf, 0xfe, 0xba, 0x0, 0x10,
    0x3, 0xc5, 0x60, 0x1f, 0xf4, 0x88, 0x16, 0x10,
    0x7, 0xff, 0x63, 0x0, 0x1a, 0x1, 0xc3, 0xe2,
    0x1, 0xff, 0xc1, 0x3c, 0x10, 0xf, 0xfe, 0xca,
    0x80, 0x1c, 0x3, 0x1f, 0x90, 0x7, 0xff, 0x8,
    0x94, 0x3, 0xff, 0xb4, 0x44, 0x1, 0x30, 0x4,
    0x60, 0x80, 0x7f, 0xf0, 0xc6, 0xe8, 0xc0, 0x3f,
    0xfb, 0x28, 0x0, 0xb6, 0xe7, 0x0, 0xff, 0xe3,
    0xae, 0x62, 0x10, 0x80, 0x3f, 0xfa, 0xba, 0x0,
    0x79, 0x10, 0xf, 0xfe, 0x8,

    /* U+0050 "P" */
    0x0, 0xff, 0xe2, 0x1b, 0xde, 0xf7, 0xff, 0xff,
    0x4f, 0x64, 0x3, 0xff, 0x9a, 0xb9, 0x88, 0x42,
    0x10, 0xf, 0xfe, 0x99, 0x78, 0x1, 0xd4, 0x3,
    0xff, 0x8e, 0x59, 0x46, 0x1, 0xff, 0xd8, 0x16,
    0x1, 0x8a, 0xc2, 0x0, 0xff, 0xe2, 0xc1, 0x80,
    0x7f, 0xf6, 0x98, 0x0, 0xc0, 0x3, 0xd4, 0x0,
    0xff, 0xe2, 0x52, 0x0, 0x7f, 0xf6, 0xa4, 0x1,
    0x40, 0x1a, 0xd0, 0x3, 0xff, 0x80, 0x66, 0x0,
    0x59, 0x80, 0x7f, 0xf6, 0x14, 0x41, 0x8, 0x3,
    0xac, 0x80, 0x3f, 0xc3, 0xb8, 0x60, 0xd, 0x30,
    0xf, 0xfe, 0xbf, 0x0, 0x3c, 0x3, 0xe9, 0x0,
    0xff, 0x58, 0x86, 0x90, 0xe, 0x90, 0x7, 0xff,
    0x54, 0x90, 0x9, 0x0, 0x3e, 0x43, 0x0, 0xfc,
    0x6a, 0x0, 0x1c, 0x20, 0x1c, 0x20, 0xf, 0xfe,
    0xa5, 0x80, 0x2c, 0x3, 0xfa, 0x80, 0x3f, 0x48,
    0x6, 0x1f, 0x10, 0x1f, 0x10, 0xf, 0xfe, 0x90,
    0xb0, 0x1, 0x80, 0x3f, 0x9c, 0x3, 0xf2, 0x80,
    0x71, 0x60, 0x81, 0x60, 0x80, 0x7f, 0xf4, 0x58,
    0x0, 0xe0, 0x1f, 0xe1, 0x10, 0x7, 0x90, 0x3,
    0xe2, 0xd1, 0x2, 0xd0, 0xf, 0xfe, 0x8d, 0x0,
    0x28, 0x3, 0xfe, 0x20, 0xf, 0x18, 0x7, 0xe3,
    0xd0, 0x1, 0xe0, 0x7, 0xff, 0x3d, 0x8, 0x10,
    0x80, 0x3f, 0xe7, 0x0, 0xf7, 0x0, 0x7f, 0x1d,
    0x80, 0xe, 0xc0, 0x3f, 0xf9, 0xde, 0x0, 0xf0,
    0xf, 0xfe, 0x39, 0x0, 0x7f, 0x92, 0xc0, 0x9,
    0xff, 0xff, 0xce, 0x40, 0x24, 0x0, 0xff, 0xe3,
    0xb8, 0x7, 0xfc, 0x94, 0x1, 0xff, 0xd2, 0xb0,
    0xf, 0xfe, 0xb, 0x80, 0x78, 0x40, 0x3f, 0xf8,
    0xa, 0x40, 0x1f, 0xfd, 0x17, 0x0, 0xff, 0xe0,
    0x88, 0x7, 0x8c, 0x3, 0xff, 0x82, 0x60, 0x1f,
    0xfd, 0x11, 0x0, 0xff, 0xe0, 0x98, 0x7, 0x84,
    0x3, 0xff, 0x82, 0x20, 0x1f, 0xfd, 0xf1, 0x0,
    0xff, 0xf2, 0x88, 0x7, 0xff, 0x20, 0x40, 0x3f,
    0xf8, 0x22, 0x1, 0xff, 0xd1, 0x30, 0xf, 0xfe,
    0x8, 0x80, 0x78, 0xc0, 0x3f, 0xf8, 0x26, 0x1,
    0xff, 0xd1, 0x10, 0xf, 0xfe, 0x9, 0x80, 0x78,
    0x40, 0x3f, 0xf8, 0x22, 0x1, 0xff, 0xd1, 0x70,
    0xf, 0xfe, 0x8, 0x80, 0x79, 0xc0, 0x3f, 0xf8,
    0x2e, 0x1, 0xff, 0xd1, 0x20, 0xf, 0xfe, 0xb,
    0x80, 0x78, 0x40, 0x3f, 0xf8, 0x22, 0x1, 0xff,
    0xd1, 0x10, 0xf, 0xfe, 0x8, 0x80, 0x78, 0xc0,
    0x3f, 0xf8, 0x26, 0x1, 0xff, 0xd1, 0xf0, 0xf,
    0xfe, 0x9, 0x80, 0x78, 0x40, 0x3f, 0xf8, 0x22,
    0x1, 0xff, 0xd1, 0x10, 0xf, 0xfe, 0x8, 0x80,
    0x7b, 0xc0, 0x3f, 0xf8, 0x3e, 0x1, 0xff, 0xd1,
    0x30, 0xf, 0xfe, 0xf, 0x80, 0x78, 0x40, 0x3f,
    0xf8, 0x22, 0x1, 0xff, 0xd1, 0x10, 0xf, 0xfe,
    0x8, 0x80, 0x78, 0xc0, 0x3f, 0xf8, 0x26, 0x1,
    0xff, 0xd1, 0x70, 0xf, 0xfe, 0x9, 0x80, 0x79,
    0x80, 0x3f, 0xf8, 0x22, 0x1, 0xff, 0xd1, 0x10,
    0xf, 0xfe, 0x8, 0x80, 0x78, 0x40, 0x3f, 0xf8,
    0x2e, 0x1, 0xff, 0xd1, 0x30, 0xf, 0xfe, 0xb,
    0x0, 0x78, 0xc0, 0x3f, 0xf8, 0x22, 0x1, 0xff,
    0xd1, 0x10, 0xf, 0xfe, 0x9, 0x80, 0x78, 0x40,
    0x3f, 0xf8, 0x26, 0x1, 0xff, 0xdf, 0x10, 0xf,
    0xfe, 0x40, 0x80, 0x7f, 0xf4, 0x4, 0x3, 0xff,
    0x90, 0x20, 0x1f, 0xfc, 0x11, 0x0, 0xff, 0xe8,
    0x98, 0x7, 0xff, 0x4, 0x40, 0x3c, 0x60, 0x1f,
    0xfc, 0x13, 0x0, 0xff, 0xe8, 0x88, 0x7, 0xff,
    0x4, 0xc0, 0x3c, 0x20, 0x1f, 0xfc, 0x11, 0x0,
    0xff, 0xe8, 0xb0, 0x7, 0xff, 0x4, 0x40, 0x3c,
    0xe0, 0x1f, 0xfc, 0x17, 0x0, 0xff, 0xe8, 0x98,
    0x7, 0xff, 0x5, 0xc0, 0x3c, 0x20, 0x1f, 0xfc,
    0x11, 0x0, 0xff, 0xe8, 0x88, 0x7, 0xff, 0x4,
    0x40, 0x3c, 0x60, 0x1f, 0xfc, 0x13, 0x0, 0xff,
    0xe8, 0xf8, 0x7, 0xff, 0x4, 0xc0, 0x3c, 0x20,
    0x1f, 0xfc, 0x11, 0x0, 0xff, 0xe8, 0x88, 0x7,
    0xff, 0x4, 0x40, 0x3d, 0xe0, 0x1f, 0xfc, 0x1f,
    0x0, 0xff, 0xe8, 0x98, 0x7, 0xff, 0x7, 0xc0,
    0x3c, 0x20, 0x1f, 0xfc, 0x11, 0x0, 0xff, 0xe8,
    0x88, 0x7, 0xff, 0x4, 0x40, 0x3c, 0x60, 0x1f,
    0xfc, 0x13, 0x0, 0xff, 0xe8, 0xb8, 0x7, 0xff,
    0x4, 0xc0, 0x3c, 0x20, 0x1f, 0xfc, 0x11, 0x0,
    0xff, 0xe8, 0x88, 0x7, 0xff, 0x4, 0x40, 0x3c,
    0xe0, 0x1f, 0xfc, 0x17, 0x0, 0xff, 0xe8, 0x98,
    0x7, 0xff, 0x5, 0xc0, 0x3c, 0x20, 0x1f, 0xfc,
    0x6, 0x30, 0xf, 0xfe, 0x8c, 0x80, 0x7f, 0xf0,
    0x44, 0x3, 0xc6, 0x1, 0xfe, 0x1a, 0x90, 0xf,
    0xfe, 0x93, 0xd8, 0x80, 0x7f, 0xc6, 0x1, 0xe1,
    0x0, 0xfe, 0x3f, 0x50, 0x4, 0xff, 0xff, 0xf3,
    0xa4, 0x0, 0x9e, 0x60, 0x1f, 0xe1, 0x0, 0xf1,
    0x0, 0x7e, 0x8c, 0x10, 0x2d, 0x60, 0xf, 0xfe,
    0x73, 0x60, 0x80, 0xe3, 0x0, 0x7e, 0x30, 0xf,
    0xb5, 0x40, 0x38, 0x71, 0xc0, 0xd, 0xa4, 0x1,
    0xff, 0xd0, 0x3f, 0x30, 0x4, 0xc8, 0x3, 0xcf,
    0x80, 0x1f, 0xaa, 0x0, 0x25, 0xe3, 0x1, 0xa9,
    0x0, 0xff, 0xe9, 0x8e, 0x30, 0x1, 0xb0, 0x80,
    0x3, 0x70, 0x1, 0xfe, 0x7b, 0x19, 0xa0, 0x1,
    0xfa, 0x80, 0x7f, 0xf5, 0xa6, 0x40, 0x3, 0xc4,
    0x47, 0xa0, 0x7, 0xff, 0x1, 0x39, 0x80, 0x11,
    0x82, 0x1, 0xff, 0xd8, 0x6c, 0x10, 0x1b, 0xb0,
    0x80, 0x7f, 0xf1, 0x7, 0x1c, 0x3, 0xff, 0xb6,
    0x7e, 0x80, 0x1f, 0xfc, 0x83, 0x10, 0xf, 0xfe,
    0xf3, 0x80, 0x7f, 0xf2, 0xb, 0x54, 0x3, 0xff,
    0xb6, 0xbe, 0x60, 0x1f, 0xfc, 0x56, 0xa1, 0x0,
    0x54, 0x0, 0x7f, 0xf6, 0x66, 0x84, 0x3, 0xff,
    0x88, 0x37, 0x2b, 0x84, 0x0, 0x7b, 0x10, 0xf,
    0xfe, 0xa9, 0x6b, 0x0, 0x7f, 0xf1, 0x4f, 0xd0,
    0x0, 0x5a, 0xa0, 0x4, 0xc2, 0x0, 0xff, 0xe9,
    0xb6, 0x90, 0x7, 0xff, 0x15, 0xf0, 0x40, 0x3a,
    0xa4, 0x0, 0x5a, 0xa0, 0x1f, 0xfd, 0x1, 0xb9,
    0x0, 0xff, 0xe3, 0xd0, 0x7, 0xe6, 0xc1, 0x0,
    0x54, 0x0, 0x7f, 0xf3, 0x93, 0xd0, 0x3, 0xff,
    0x90, 0x60, 0x1f, 0xc7, 0xe6, 0x0, 0x7f, 0xff,
    0xfe, 0x75, 0x88, 0x7, 0xff, 0x24, 0x40, 0x3f,
    0xc3, 0x8e, 0x1, 0xff, 0xf4, 0x81, 0x0, 0xff,
    0xfa, 0x8, 0x7, 0xff, 0x94, 0x40, 0x3f, 0xfe,
    0x86, 0x1, 0xff, 0xc1, 0x10, 0xf, 0xff, 0x30,
    0x80, 0x7f, 0xf0, 0x4c, 0x3, 0xff, 0xcc, 0xe0,
    0x1f, 0xfc, 0x11, 0x0, 0xff, 0xf3, 0x8, 0x7,
    0xff, 0x5, 0xc0, 0x3f, 0xfc, 0xc6, 0x1, 0xff,
    0xc1, 0x10, 0xf, 0xff, 0x30, 0x80, 0x7f, 0xf0,
    0x4c, 0x3, 0xff, 0xcd, 0xe0, 0x1f, 0xfc, 0x11,
    0x0, 0xff, 0xf3, 0x8, 0x7, 0xff, 0x7, 0xc0,
    0x3f, 0xfc, 0xc6, 0x1, 0xff, 0xc1, 0x10, 0xf,
    0xff, 0x30, 0x80, 0x7f, 0xf0, 0x4c, 0x3, 0xff,
    0xcc, 0xe0, 0x1f, 0xfc, 0x11, 0x0, 0xff, 0xf3,
    0x8, 0x7, 0xff, 0x5, 0xc0, 0x3f, 0xfc, 0xc6,
    0x1, 0xff, 0xc1, 0x20, 0xf, 0xff, 0x30, 0x80,
    0x7f, 0xf0, 0x44, 0x3, 0xff, 0xfe, 0x1, 0xff,
    0xdb, 0x10, 0xf, 0xfe, 0x8, 0x80, 0x7f, 0xf9,
    0x8c, 0x3, 0xff, 0x82, 0x60, 0x1f, 0xfe, 0x61,
    0x0, 0xff, 0xe0, 0x88, 0x7, 0xff, 0x99, 0xc0,
    0x3f, 0xf8, 0x2e, 0x1, 0xff, 0xe6, 0x10, 0xf,
    0xfe, 0x8, 0x80, 0x7f, 0xf9, 0x8c, 0x3, 0xff,
    0x82, 0x60, 0x1f, 0xfe, 0x61, 0x0, 0xff, 0xe0,
    0x88, 0x7, 0xff, 0x9b, 0xc0, 0x3f, 0xf8, 0x3e,
    0x1, 0xff, 0xe6, 0x10, 0xf, 0xfe, 0x8, 0x80,
    0x7f, 0xf9, 0x8c, 0x3, 0xff, 0x82, 0x60, 0x1f,
    0xfe, 0x61, 0x0, 0xff, 0xe0, 0x88, 0x7, 0xff,
    0x99, 0xc0, 0x3f, 0xf8, 0x2e, 0x1, 0xff, 0xe6,
    0x10, 0xf, 0xfe, 0x8, 0x80, 0x7f, 0xf9, 0x8c,
    0x3, 0xff, 0x80, 0x84, 0x1, 0xff, 0xf2, 0x5b,
    0x0, 0xff, 0xf3, 0x88, 0x7, 0xf9, 0xa8, 0x3,
    0xff, 0xe4, 0xf2, 0x1, 0xff, 0xf2, 0x88, 0x0,
    0x7f, 0xfa, 0x88, 0x3, 0xe9, 0x70, 0xf, 0xff,
    0x5b, 0x80, 0x7a, 0x98, 0x3, 0xff, 0xd9, 0xe0,
    0x1d, 0x6a, 0x1, 0xff, 0xed, 0x51, 0x0, 0xb1,
    0x0, 0x3f, 0xfd, 0xf0, 0x3, 0x86, 0x1, 0xff,
    0xf0, 0x65, 0xc3, 0x0, 0xff, 0xf7, 0x80,

    /* U+0051 "Q" */
    0x0, 0xff, 0xe0, 0x9b, 0xde, 0xf7, 0xff, 0xff,
    0x4f, 0x64, 0x3, 0xff, 0x94, 0xb9, 0x88, 0x42,
    0x10, 0xf, 0xfe, 0x99, 0x78, 0x1, 0xd4, 0x3,
    0xff, 0x88, 0x59, 0x46, 0x1, 0xff, 0xd8, 0x16,
    0x1, 0x8a, 0xc2, 0x0, 0xff, 0xe1, 0x41, 0x80,
    0x7f, 0xf6, 0x98, 0x0, 0xc0, 0x3, 0xd4, 0x0,
    0xff, 0xe0, 0xd2, 0x0, 0x7f, 0xf6, 0xa4, 0x1,
    0x40, 0x1a, 0xd0, 0x3, 0xf8, 0xcc, 0x0, 0xb3,
    0x0, 0xff, 0xec, 0x28, 0x82, 0x10, 0x7, 0x59,
    0x0, 0x7c, 0x3b, 0x86, 0x0, 0xd3, 0x0, 0xff,
    0xeb, 0xf0, 0x3, 0xc0, 0x3e, 0x90, 0xf, 0xac,
    0x43, 0x48, 0x7, 0x48, 0x3, 0xff, 0xaa, 0x48,
    0x4, 0x80, 0x1f, 0x21, 0x80, 0x71, 0xa8, 0x0,
    0x70, 0x80, 0x70, 0x80, 0x3f, 0xfa, 0x96, 0x0,
    0xb0, 0xf, 0xea, 0x0, 0xe9, 0x0, 0xc3, 0xe2,
    0x3, 0xe2, 0x1, 0xff, 0xd2, 0x16, 0x0, 0x30,
    0x7, 0xf3, 0x80, 0x72, 0x80, 0x71, 0x60, 0x81,
    0x60, 0x80, 0x7f, 0xf4, 0x58, 0x0, 0xe0, 0x1f,
    0xe1, 0x10, 0x4, 0x80, 0x1f, 0x16, 0x8, 0x16,
    0x80, 0x7f, 0xf4, 0x68, 0x1, 0x40, 0x1f, 0xf1,
    0x0, 0x46, 0x1, 0xf8, 0xb4, 0x0, 0x78, 0x1,
    0xff, 0xcf, 0x42, 0x4, 0x20, 0xf, 0xf9, 0xc0,
    0x2e, 0x0, 0xfe, 0x3b, 0x0, 0x1d, 0x80, 0x7f,
    0xf3, 0xbc, 0x1, 0xe0, 0x1f, 0xfc, 0x42, 0x0,
    0xff, 0x25, 0x80, 0x13, 0xff, 0xff, 0x9c, 0x80,
    0x48, 0x1, 0xff, 0xc4, 0x70, 0xf, 0xf9, 0x28,
    0x3, 0xff, 0xa5, 0x60, 0x1f, 0xfc, 0x17, 0x0,
    0x84, 0x3, 0xff, 0x80, 0xa6, 0x1, 0xff, 0xd1,
    0x70, 0xf, 0xfe, 0x8, 0x80, 0x46, 0x1, 0xff,
    0xc1, 0x20, 0xf, 0xfe, 0x88, 0x80, 0x7f, 0xf0,
    0x4c, 0x2, 0x10, 0xf, 0xfe, 0x8, 0x80, 0x7f,
    0xf7, 0xc4, 0x3, 0xff, 0xc4, 0x20, 0x1f, 0xfc,
    0x51, 0x0, 0xff, 0xe0, 0x88, 0x7, 0xff, 0x44,
    0xc0, 0x3f, 0xf8, 0x22, 0x1, 0x18, 0x7, 0xff,
    0x4, 0xc0, 0x3f, 0xfa, 0x22, 0x1, 0xff, 0xc1,
    0x30, 0x8, 0x40, 0x3f, 0xf8, 0x22, 0x1, 0xff,
    0xd1, 0x70, 0xf, 0xfe, 0x8, 0x80, 0x4e, 0x1,
    0xff, 0xc1, 0x70, 0xf, 0xfe, 0x89, 0x0, 0x7f,
    0xf0, 0x5c, 0x2, 0x10, 0xf, 0xfe, 0x8, 0x80,
    0x7f, 0xf4, 0x44, 0x3, 0xff, 0x82, 0x20, 0x11,
    0x80, 0x7f, 0xf0, 0x4c, 0x3, 0xff, 0xa3, 0xe0,
    0x1f, 0xfc, 0x13, 0x0, 0x84, 0x3, 0xff, 0x82,
    0x20, 0x1f, 0xfd, 0x11, 0x0, 0xff, 0xe0, 0x88,
    0x5, 0xe0, 0x1f, 0xfc, 0x1f, 0x0, 0xff, 0xe8,
    0x98, 0x7, 0xff, 0x7, 0xc0, 0x21, 0x0, 0xff,
    0xe0, 0x88, 0x7, 0xff, 0x44, 0x40, 0x3f, 0xf8,
    0x22, 0x1, 0x18, 0x7, 0xff, 0x4, 0xc0, 0x3f,
    0xfa, 0x2e, 0x1, 0xff, 0xc1, 0x30, 0x9, 0x80,
    0x3f, 0xf8, 0x22, 0x1, 0xff, 0xd1, 0x10, 0xf,
    0xfe, 0x8, 0x80, 0x42, 0x1, 0xff, 0xc1, 0x70,
    0xf, 0xfe, 0x89, 0x80, 0x7f, 0xf0, 0x58, 0x2,
    0x30, 0xf, 0xfe, 0x8, 0x80, 0x7f, 0xf4, 0x44,
    0x3, 0xff, 0x82, 0x60, 0x10, 0x80, 0x7f, 0xf0,
    0x4c, 0x3, 0xff, 0xbe, 0x20, 0x1f, 0xfc, 0x51,
    0x0, 0xff, 0xe8, 0x8, 0x7, 0xff, 0x14, 0x40,
    0x3f, 0xf8, 0x22, 0x1, 0xff, 0xd1, 0x30, 0xf,
    0xfe, 0x8, 0x80, 0x46, 0x1, 0xff, 0xc1, 0x30,
    0xf, 0xfe, 0x88, 0x80, 0x7f, 0xf0, 0x4c, 0x2,
    0x10, 0xf, 0xfe, 0x8, 0x80, 0x7f, 0xf4, 0x58,
    0x3, 0xff, 0x82, 0x20, 0x13, 0x80, 0x7f, 0xf0,
    0x5c, 0x3, 0xff, 0xa2, 0x60, 0x1f, 0xfc, 0x17,
    0x0, 0x84, 0x3, 0xff, 0x82, 0x20, 0x1f, 0xfd,
    0x11, 0x0, 0xff, 0xe0, 0x88, 0x4, 0x60, 0x1f,
    0xfc, 0x13, 0x0, 0xff, 0xe8, 0xf8, 0x7, 0xff,
    0x4, 0xc0, 0x21, 0x0, 0xff, 0xe0, 0x88, 0x7,
    0xff, 0x44, 0x40, 0x3f, 0xf8, 0x22, 0x1, 0x78,
    0x7, 0xff, 0x7, 0xc0, 0x3f, 0xfa, 0x26, 0x1,
    0xff, 0xc1, 0xf0, 0x8, 0x40, 0x3f, 0xf8, 0x22,
    0x1, 0xff, 0xd1, 0x10, 0xf, 0xfe, 0x8, 0x80,
    0x46, 0x1, 0xff, 0xc1, 0x30, 0xf, 0xfe, 0x8b,
    0x80, 0x7f, 0xf0, 0x4c, 0x2, 0x10, 0xf, 0xfe,
    0x8, 0x80, 0x7f, 0xf4, 0x44, 0x3, 0xff, 0x82,
    0x20, 0x13, 0x80, 0x7f, 0xf0, 0x5c, 0x3, 0xff,
    0xa2, 0x60, 0x1f, 0xfc, 0x17, 0x0, 0x84, 0x3,
    0xff, 0x80, 0xc6, 0x1, 0xff, 0xd1, 0x90, 0xf,
    0xfe, 0x8, 0x80, 0x46, 0x1, 0xfe, 0x1b, 0x90,
    0xf, 0xfe, 0x93, 0xe0, 0x80, 0x7f, 0xc6, 0x1,
    0x8, 0x7, 0xf2, 0x7a, 0x0, 0x27, 0xff, 0xff,
    0x9d, 0x20, 0x3, 0xf3, 0x0, 0xff, 0x8, 0x4,
    0x40, 0x1f, 0xa2, 0xc4, 0xb, 0x58, 0x3, 0xff,
    0x9c, 0xd8, 0x20, 0x38, 0xc0, 0x1f, 0x8c, 0x3,
    0x6a, 0x80, 0x71, 0x63, 0x80, 0x1b, 0x48, 0x3,
    0xff, 0xa0, 0x7e, 0x60, 0x9, 0xa0, 0xf, 0x3e,
    0x0, 0x75, 0x40, 0x4, 0xba, 0x60, 0x37, 0x20,
    0x1f, 0xfd, 0x31, 0xc6, 0x0, 0x2e, 0x10, 0x0,
    0x6e, 0x0, 0x3e, 0x7b, 0x1a, 0xa0, 0x1, 0x3d,
    0x0, 0x3f, 0xfa, 0xd3, 0x40, 0x3, 0xc4, 0x47,
    0xa0, 0x7, 0xf2, 0x72, 0x80, 0x22, 0xc4, 0x3,
    0xff, 0xb0, 0xb8, 0x20, 0x37, 0x61, 0x0, 0xff,
    0xe0, 0x96, 0x38, 0x7, 0xff, 0x6c, 0xfd, 0x0,
    0x3f, 0xf8, 0xc2, 0x1, 0xff, 0xdd, 0x37, 0x0,
    0xff, 0xe2, 0x96, 0xa8, 0x7, 0xff, 0x6d, 0x74,
    0xc0, 0x3f, 0xf8, 0xf5, 0x0, 0x1f, 0xfd, 0x99,
    0xa0, 0xf, 0xfe, 0x53, 0xd8, 0x80, 0x7f, 0xf5,
    0x4f, 0x58, 0x3, 0xff, 0x98, 0x98, 0x60, 0x1f,
    0xfd, 0x37, 0xc2, 0x0, 0xff, 0xe7, 0x16, 0x28,
    0x7, 0xff, 0x40, 0x6e, 0x0, 0x3f, 0xfa, 0x55,
    0x0, 0x1f, 0xfc, 0xe4, 0xf4, 0x0, 0xff, 0xea,
    0x3f, 0xff, 0xff, 0x3a, 0xc4, 0x3, 0xff, 0xfe,
    0x1, 0xff, 0xff, 0x0, 0xff, 0xff, 0x80, 0x7f,
    0xff, 0xc0, 0x3f, 0xff, 0xe0, 0x1f, 0xff, 0xf0,
    0xf, 0xff, 0xf8, 0x7, 0xff, 0xfc, 0x3, 0xff,
    0xfe, 0x1, 0xff, 0xff, 0x0, 0xff, 0xff, 0x80,
    0x7f, 0xff, 0xc0, 0x3f, 0xff, 0xe0, 0x1f, 0xff,
    0xf0, 0xf, 0xff, 0xf8, 0x7, 0xff, 0xfc, 0x3,
    0xff, 0xfe, 0x1, 0xff, 0xff, 0x0, 0xff, 0xff,
    0x80, 0x7f, 0xff, 0xc0, 0x3f, 0xff, 0xe0, 0x1f,
    0xff, 0xf0, 0xf, 0xff, 0xf8, 0x7, 0xff, 0xfc,
    0x3, 0xff, 0xfe, 0x1, 0xff, 0xff, 0x0, 0xff,
    0xff, 0x80, 0x7f, 0xff, 0xc0, 0x3f, 0xfb, 0x71,
    0xff, 0xff, 0xcd, 0xe0, 0xf, 0xfe, 0xb4, 0xb8,
    0x7, 0xff, 0x34, 0x4c, 0x3, 0xff, 0xa9, 0x4c,
    0x1, 0xff, 0xcf, 0xb0, 0xf, 0xfe, 0x9d, 0xa8,
    0x7, 0xff, 0x41, 0x0, 0x3f, 0xfa, 0x56, 0x80,
    0x1f, 0xfd, 0x13, 0x10, 0xf, 0xfe, 0x86, 0x20,
    0x7, 0xff, 0x4d, 0xc0, 0x3f, 0xf9, 0xc3, 0x86,
    0x1, 0xff, 0xd4, 0xc0, 0xf, 0xfe, 0x68, 0xe1,
    0x80, 0x7f, 0xf5, 0x54, 0x3, 0xff, 0x98, 0x58,
    0x40, 0x1f, 0xfd, 0x74, 0x0, 0xff, 0xe5, 0x16,
    0x10, 0x7, 0xff, 0x63, 0x0, 0x3f, 0xf9, 0x27,
    0x82, 0x1, 0xff, 0xd9, 0x50, 0xf, 0xfe, 0x49,
    0x28, 0x7, 0xff, 0x68, 0x88, 0x1, 0xff, 0xc8,
    0x1b, 0xa3, 0x0, 0xff, 0xec, 0xa0, 0x7, 0xff,
    0x29, 0x73, 0x10, 0x84, 0x1, 0xff, 0xd5, 0xd0,
    0xf, 0xfe, 0x30,

    /* U+0052 "R" */
    0x0, 0xff, 0xe2, 0x1b, 0xde, 0xf7, 0xff, 0xff,
    0x4f, 0x64, 0x3, 0xff, 0x84, 0xb9, 0x88, 0x42,
    0x10, 0xf, 0xfe, 0x99, 0x78, 0x7, 0xff, 0x0,
    0xb2, 0x8c, 0x3, 0xff, 0xb0, 0x2c, 0x1, 0xff,
    0xc0, 0x83, 0x0, 0xff, 0xed, 0x30, 0x7, 0xff,
    0x6, 0x90, 0x3, 0xff, 0xb5, 0x20, 0x1f, 0xe3,
    0x30, 0x2, 0xcc, 0x3, 0xff, 0xb0, 0xa2, 0x1,
    0xfc, 0x3b, 0x86, 0x0, 0xd3, 0x0, 0xff, 0xeb,
    0xf0, 0x7, 0xfa, 0xc4, 0x34, 0x80, 0x74, 0x80,
    0x3f, 0xfa, 0xa4, 0x80, 0x1f, 0xc6, 0xa0, 0x1,
    0xc2, 0x1, 0xc2, 0x0, 0xff, 0xea, 0x58, 0x7,
    0xfa, 0x40, 0x30, 0xf8, 0x80, 0xf8, 0x80, 0x7f,
    0xf4, 0x85, 0x80, 0x3f, 0xca, 0x1, 0xc5, 0x82,
    0x5, 0x82, 0x1, 0xff, 0xd1, 0x60, 0xf, 0xf2,
    0x0, 0x7c, 0x58, 0x20, 0x5a, 0x1, 0xff, 0xd1,
    0xa0, 0xf, 0xf1, 0x80, 0x7e, 0x2d, 0x0, 0x1e,
    0x0, 0x7f, 0xf3, 0xd0, 0x80, 0x3f, 0xdc, 0x1,
    0xfc, 0x76, 0x0, 0x3b, 0x0, 0xff, 0xe7, 0x78,
    0x7, 0xfc, 0x40, 0x1f, 0xe4, 0xb0, 0x2, 0x7f,
    0xff, 0xf3, 0x90, 0x3, 0xfe, 0x70, 0xf, 0xf9,
    0x28, 0x3, 0xff, 0xb8, 0x20, 0x1f, 0xfc, 0x5,
    0x30, 0xf, 0xfe, 0xd9, 0x80, 0x7f, 0xf0, 0x48,
    0x3, 0xff, 0xb6, 0x20, 0x1f, 0xfc, 0x11, 0x0,
    0xff, 0xff, 0x80, 0x7f, 0xf1, 0x44, 0x3, 0xff,
    0x82, 0x20, 0x1f, 0xfd, 0xb3, 0x0, 0xff, 0xe0,
    0x98, 0x7, 0xff, 0x6c, 0x40, 0x3f, 0xf8, 0x22,
    0x1, 0xff, 0xdb, 0x70, 0xf, 0xfe, 0xb, 0x80,
    0x7f, 0xf6, 0xc4, 0x3, 0xff, 0x82, 0x20, 0x1f,
    0xfd, 0xb3, 0x0, 0xff, 0xe0, 0x98, 0x7, 0xff,
    0x6c, 0x40, 0x3f, 0xf8, 0x22, 0x1, 0xff, 0xdb,
    0xf0, 0xf, 0xfe, 0xf, 0x80, 0x7f, 0xf6, 0xc4,
    0x3, 0xff, 0x82, 0x20, 0x1f, 0xfd, 0xb3, 0x0,
    0xff, 0xe0, 0x98, 0x7, 0xff, 0x6c, 0x40, 0x3f,
    0xf8, 0x22, 0x1, 0xff, 0xdb, 0x70, 0xf, 0xfe,
    0xb, 0x80, 0x7f, 0xf6, 0xc8, 0x3, 0xff, 0x82,
    0x20, 0x1f, 0xfd, 0xb1, 0x0, 0xff, 0xe0, 0x98,
    0x7, 0xff, 0xa4, 0x40, 0x3f, 0xfb, 0x42, 0x1,
    0xff, 0xe9, 0x30, 0xf, 0xfe, 0x9, 0x0, 0x7f,
    0xf6, 0xc4, 0x3, 0xff, 0x82, 0x20, 0x1f, 0xfd,
    0xb7, 0x0, 0xff, 0xe0, 0xb8, 0x7, 0xff, 0x6c,
    0x40, 0x3f, 0xf8, 0x22, 0x1, 0xff, 0xdb, 0x30,
    0xf, 0xfe, 0x9, 0x80, 0x7f, 0xf6, 0xc4, 0x3,
    0xff, 0x82, 0x20, 0x1f, 0xfd, 0xbf, 0x0, 0xff,
    0xe0, 0xf8, 0x7, 0xff, 0x6c, 0x40, 0x3f, 0xf8,
    0x22, 0x1, 0xff, 0xdb, 0x30, 0xf, 0xfe, 0x9,
    0x80, 0x7f, 0xf6, 0xc4, 0x3, 0xff, 0x82, 0x20,
    0x1f, 0xfd, 0xb7, 0x0, 0xff, 0xe0, 0xb8, 0x7,
    0xff, 0x6c, 0x40, 0x3f, 0xf8, 0xa, 0x60, 0x1f,
    0xfd, 0xb3, 0x0, 0xff, 0xa6, 0x80, 0x3f, 0xfb,
    0x82, 0x1, 0xfc, 0x7a, 0xc0, 0x1f, 0xfd, 0xd1,
    0x0, 0xfc, 0xd8, 0x40, 0x1f, 0xfd, 0xef, 0x30,
    0xe, 0x1b, 0x90, 0xf, 0xff, 0x0, 0xe3, 0x0,
    0x49, 0xe8, 0x1, 0xff, 0xe3, 0x99, 0x4, 0x58,
    0x80, 0x7f, 0xf9, 0x5b, 0xdc, 0x3, 0xff, 0xfe,
    0x1, 0xff, 0xff, 0x0, 0xff, 0xf9, 0xac, 0x80,
    0x7f, 0xf9, 0xe6, 0x9b, 0x48, 0x3, 0xff, 0xc6,
    0x5a, 0xc0, 0x2, 0xc4, 0x0, 0xff, 0xf0, 0xb6,
    0x90, 0x6, 0x1b, 0x80, 0xf, 0xff, 0x5, 0x0,
    0x7e, 0x7b, 0x10, 0xf, 0xfe, 0xf0, 0x80, 0x7f,
    0x26, 0x10, 0x7, 0xff, 0x74, 0xc0, 0x3f, 0xc5,
    0xaa, 0x1, 0xff, 0xdc, 0x10, 0xf, 0xfe, 0x5,
    0x8, 0x7, 0xff, 0xa4, 0x40, 0x3f, 0xfb, 0x42,
    0x1, 0xff, 0xe9, 0x30, 0xf, 0xfe, 0x8, 0x80,
    0x7f, 0xf6, 0xc4, 0x3, 0xff, 0x82, 0x60, 0x1f,
    0xfd, 0xb7, 0x0, 0xff, 0xe0, 0x88, 0x7, 0xff,
    0x6c, 0x40, 0x3f, 0xf8, 0x2e, 0x1, 0xff, 0xdb,
    0x30, 0xf, 0xfe, 0x8, 0x80, 0x7f, 0xf6, 0xc4,
    0x3, 0xff, 0x82, 0x60, 0x1f, 0xfd, 0xbf, 0x0,
    0xff, 0xe0, 0x88, 0x7, 0xff, 0x6c, 0x40, 0x3f,
    0xf8, 0x3e, 0x1, 0xff, 0xdb, 0x30, 0xf, 0xfe,
    0x8, 0x80, 0x7f, 0xf6, 0xc4, 0x3, 0xff, 0x82,
    0x60, 0x1f, 0xfd, 0xb7, 0x0, 0xff, 0xe0, 0x88,
    0x7, 0xff, 0x6c, 0x40, 0x3f, 0xf8, 0x2e, 0x1,
    0xff, 0xdb, 0x30, 0xf, 0xfe, 0x8, 0x80, 0x7f,
    0xf6, 0xc4, 0x3, 0xff, 0x82, 0x60, 0x1f, 0xfe,
    0x91, 0x0, 0xff, 0xed, 0x8, 0x7, 0xff, 0x4,
    0x40, 0x3f, 0xfb, 0x66, 0x1, 0xff, 0xc1, 0x30,
    0xf, 0xfe, 0xd8, 0x80, 0x7f, 0xf0, 0x44, 0x3,
    0xff, 0xb6, 0xe0, 0x1f, 0xfc, 0x17, 0x0, 0xff,
    0xed, 0x88, 0x7, 0xff, 0x4, 0x40, 0x3f, 0xfb,
    0x66, 0x1, 0xff, 0xc1, 0x30, 0xf, 0xfe, 0xd8,
    0x80, 0x7f, 0xf0, 0x44, 0x3, 0xff, 0xb7, 0xe0,
    0x1f, 0xfc, 0x1f, 0x0, 0xff, 0xed, 0x88, 0x7,
    0xff, 0x4, 0x40, 0x3f, 0xfb, 0x66, 0x1, 0xff,
    0xc1, 0x30, 0xf, 0xfe, 0xd8, 0x80, 0x7f, 0xf0,
    0x44, 0x3, 0xff, 0xb6, 0xe0, 0x1f, 0xfc, 0x17,
    0x0, 0xff, 0xf4, 0x88, 0x7, 0xff, 0x6c, 0x40,
    0x3f, 0xf8, 0x6, 0x40, 0x1f, 0xfd, 0xb3, 0x0,
    0xff, 0x93, 0x0, 0x3f, 0xfb, 0x82, 0x1, 0xfe,
    0x5b, 0x0, 0xff, 0xf3, 0xb5, 0x0, 0x7f, 0xf9,
    0xde, 0x40, 0x3f, 0xfb, 0xe4, 0x1, 0xf4, 0x40,
    0x3, 0xff, 0xc0, 0xe0, 0x1e, 0x97, 0x0, 0xff,
    0xf0, 0xf8, 0x7, 0x53, 0x0, 0x7f, 0xf8, 0x94,
    0x40, 0x2b, 0x50, 0xf, 0xff, 0x24, 0x80, 0x31,
    0x0, 0x3f, 0xfc, 0xae, 0x98, 0x60, 0x1f, 0xfe,
    0x7b, 0x30, 0xf, 0xff, 0x28,

    /* U+0053 "S" */
    0x0, 0xff, 0xe0, 0x9b, 0xde, 0xf7, 0xff, 0xff,
    0x4f, 0x64, 0x3, 0xff, 0x8e, 0xb9, 0x88, 0x42,
    0x10, 0xf, 0xfe, 0x99, 0x78, 0x7, 0xff, 0x14,
    0xb2, 0x8c, 0x3, 0xff, 0xb0, 0x2c, 0x1, 0xff,
    0xc5, 0x83, 0x0, 0xff, 0xed, 0x30, 0x7, 0xff,
    0x1a, 0x90, 0x3, 0xff, 0xb5, 0x20, 0x1f, 0xfc,
    0x33, 0x30, 0x2, 0xcc, 0x3, 0xff, 0xb0, 0xa2,
    0x1, 0xff, 0xc2, 0x1d, 0xc3, 0x0, 0x69, 0x80,
    0x7f, 0xf5, 0xf8, 0x3, 0xff, 0x87, 0x62, 0x1a,
    0x40, 0x3a, 0x40, 0x1f, 0xfd, 0x52, 0x40, 0xf,
    0xfe, 0x11, 0xa8, 0x0, 0x70, 0x80, 0x70, 0x80,
    0x3f, 0xfa, 0x96, 0x1, 0xff, 0xc3, 0x90, 0xc,
    0x3e, 0x20, 0x3e, 0x20, 0x1f, 0xfd, 0x21, 0x60,
    0xf, 0xfe, 0x1a, 0x80, 0x71, 0x60, 0x81, 0x60,
    0x80, 0x7f, 0xf4, 0x58, 0x3, 0xff, 0x86, 0x80,
    0x1f, 0x16, 0x8, 0x16, 0x80, 0x7f, 0xf4, 0x68,
    0x3, 0xff, 0x86, 0x60, 0x1f, 0x8b, 0x40, 0x7,
    0x80, 0x1f, 0xfc, 0xf4, 0x20, 0xf, 0xfe, 0x1f,
    0x0, 0x7f, 0x1d, 0x80, 0xe, 0xc0, 0x3f, 0xf9,
    0xde, 0x1, 0xff, 0xc4, 0x20, 0xf, 0xf2, 0x58,
    0x1, 0x3f, 0xff, 0xf9, 0xc8, 0x1, 0xff, 0xc4,
    0x70, 0xf, 0xf9, 0x28, 0x3, 0xff, 0xc2, 0x20,
    0x1f, 0xfc, 0x5, 0x30, 0xf, 0xff, 0x1, 0x80,
    0x7f, 0xf0, 0x48, 0x3, 0xff, 0xc0, 0x20, 0x1f,
    0xfc, 0x11, 0x0, 0xff, 0xff, 0x80, 0x7f, 0xf3,
    0xc4, 0x3, 0xff, 0x82, 0x20, 0x1f, 0xfe, 0x3,
    0x0, 0xff, 0xe0, 0x98, 0x7, 0xff, 0x80, 0x40,
    0x3f, 0xf8, 0x22, 0x1, 0xff, 0xe0, 0x70, 0xf,
    0xfe, 0xb, 0x80, 0x7f, 0xf8, 0x4, 0x3, 0xff,
    0x82, 0x20, 0x1f, 0xfe, 0x3, 0x0, 0xff, 0xe0,
    0x98, 0x7, 0xff, 0x80, 0x40, 0x3f, 0xf8, 0x22,
    0x1, 0xff, 0xe0, 0xf0, 0xf, 0xfe, 0xf, 0x80,
    0x7f, 0xf8, 0x4, 0x3, 0xff, 0x82, 0x20, 0x1f,
    0xfe, 0x3, 0x0, 0xff, 0xe0, 0x98, 0x7, 0xff,
    0x81, 0x80, 0x3f, 0xf8, 0x22, 0x1, 0xff, 0xe0,
    0x10, 0xf, 0xfe, 0xb, 0x80, 0x7f, 0xf8, 0xc,
    0x3, 0xff, 0x82, 0x20, 0x1f, 0xfe, 0x1, 0x0,
    0xff, 0xe0, 0x98, 0x7, 0xff, 0xb8, 0x40, 0x3f,
    0xfb, 0xe2, 0x1, 0xff, 0xc1, 0x10, 0xf, 0xff,
    0x1, 0x80, 0x7f, 0xf0, 0x4c, 0x3, 0xff, 0xc0,
    0x20, 0x1f, 0xfc, 0x11, 0x0, 0xff, 0xf0, 0x38,
    0x7, 0xff, 0x5, 0xc0, 0x3f, 0xfc, 0x2, 0x1,
    0xff, 0xc1, 0x10, 0xf, 0xff, 0x1, 0x80, 0x7f,
    0xf0, 0x4c, 0x3, 0xff, 0xc0, 0x20, 0x1f, 0xfc,
    0x11, 0x0, 0xff, 0xf0, 0x78, 0x7, 0xff, 0x7,
    0xc0, 0x3f, 0xfc, 0x2, 0x1, 0xff, 0xc1, 0x10,
    0xf, 0xff, 0x1, 0x80, 0x7f, 0xf0, 0x4c, 0x3,
    0xff, 0xc0, 0x20, 0x1f, 0xfc, 0x11, 0x0, 0xff,
    0xf0, 0x38, 0x7, 0xff, 0x5, 0xc0, 0x3f, 0xfc,
    0x2, 0x1, 0xff, 0xc0, 0x63, 0x0, 0xff, 0xf0,
    0x18, 0x7, 0xf8, 0x6e, 0x40, 0x3f, 0xfc, 0x22,
    0x1, 0xfc, 0x9e, 0x80, 0x9, 0xff, 0xff, 0xe7,
    0x48, 0x7, 0xff, 0x10, 0x80, 0x3f, 0x45, 0x88,
    0x16, 0xb0, 0x7, 0xff, 0x39, 0xb0, 0x40, 0x3f,
    0xf8, 0x5a, 0xa0, 0x1c, 0x58, 0xe0, 0x6, 0xd2,
    0x0, 0xff, 0xe8, 0x1f, 0x98, 0x7, 0xff, 0xa,
    0xa0, 0x2, 0x5d, 0x30, 0x1b, 0x90, 0xf, 0xfe,
    0x98, 0xe3, 0x0, 0x7f, 0xf0, 0x9e, 0xc6, 0xa8,
    0x0, 0x4f, 0x40, 0xf, 0xfe, 0xb4, 0xd0, 0x7,
    0xff, 0x9, 0x39, 0x40, 0x11, 0x62, 0x1, 0xff,
    0xd8, 0x5c, 0x10, 0xf, 0xfe, 0x19, 0x63, 0x80,
    0x7f, 0xf6, 0xcf, 0xd0, 0x3, 0xff, 0x86, 0x20,
    0x1f, 0xfd, 0xd3, 0x70, 0xf, 0xfe, 0x11, 0x6a,
    0x80, 0x7f, 0xf6, 0xd7, 0x4c, 0x3, 0xff, 0x89,
    0x50, 0x1, 0xff, 0xd9, 0x9a, 0x0, 0x16, 0x28,
    0x7, 0xff, 0x9, 0xec, 0x40, 0x3f, 0xfa, 0xa7,
    0xac, 0x0, 0x5d, 0x3a, 0x80, 0xf, 0xfe, 0x12,
    0x61, 0x80, 0x7f, 0xf4, 0xdf, 0x8, 0x1, 0x54,
    0x0, 0x9e, 0xc0, 0x3f, 0xf8, 0x45, 0x8a, 0x1,
    0xff, 0xd0, 0x1b, 0x80, 0x1, 0xea, 0x80, 0x72,
    0x68, 0x80, 0x7f, 0xf0, 0xaa, 0x0, 0x3f, 0xf9,
    0xc9, 0xe8, 0x0, 0x7c, 0x20, 0xf, 0x88, 0xc0,
    0x3f, 0xf8, 0x6f, 0xff, 0xff, 0xce, 0xb1, 0x1,
    0xb8, 0x0, 0xff, 0x18, 0x7, 0xff, 0x81, 0x3d,
    0x0, 0x3f, 0xfd, 0x96, 0x20, 0x1f, 0xfc, 0x1,
    0x0, 0xff, 0xef, 0x88, 0x7, 0xff, 0xb8, 0xc0,
    0x3f, 0xf8, 0x22, 0x1, 0xff, 0xe0, 0x10, 0xf,
    0xfe, 0x9, 0x80, 0x7f, 0xf8, 0x1c, 0x3, 0xff,
    0x82, 0x20, 0x1f, 0xfe, 0x1, 0x0, 0xff, 0xe0,
    0xb8, 0x7, 0xff, 0x80, 0xc0, 0x3f, 0xf8, 0x22,
    0x1, 0xff, 0xe0, 0x10, 0xf, 0xfe, 0x9, 0x80,
    0x7f, 0xf8, 0x3c, 0x3, 0xff, 0x82, 0x20, 0x1f,
    0xfe, 0x1, 0x0, 0xff, 0xe0, 0xf8, 0x7, 0xff,
    0x80, 0xc0, 0x3f, 0xf8, 0x22, 0x1, 0xff, 0xe0,
    0x10, 0xf, 0xfe, 0x9, 0x80, 0x7f, 0xf8, 0x1c,
    0x3, 0xff, 0x82, 0x20, 0x1f, 0xfe, 0x1, 0x0,
    0xff, 0xe0, 0xb8, 0x7, 0xff, 0x80, 0xc0, 0x3f,
    0xf8, 0x22, 0x1, 0xff, 0xe0, 0x10, 0xf, 0xfe,
    0x9, 0x80, 0x7f, 0xfb, 0x84, 0x3, 0xff, 0xbe,
    0x40, 0x1f, 0xfe, 0xe1, 0x0, 0xff, 0xe0, 0x88,
    0x7, 0xff, 0x81, 0xc0, 0x3f, 0xf8, 0x26, 0x1,
    0xff, 0xe0, 0x10, 0xf, 0xfe, 0x8, 0x80, 0x7f,
    0xf8, 0xc, 0x3, 0xff, 0x82, 0xe0, 0x1f, 0xfe,
    0x1, 0x0, 0xff, 0xe0, 0x88, 0x7, 0xff, 0x83,
    0xc0, 0x3f, 0xf8, 0x26, 0x1, 0xff, 0xe0, 0x10,
    0xf, 0xfe, 0x8, 0x80, 0x7f, 0xf8, 0xc, 0x3,
    0xff, 0x83, 0xe0, 0x1f, 0xfe, 0x1, 0x0, 0xff,
    0xe0, 0x88, 0x7, 0xff, 0x81, 0xc0, 0x3f, 0xfd,
    0xc2, 0x1, 0xff, 0xc1, 0x30, 0xf, 0xff, 0x1,
    0x80, 0x7f, 0xf0, 0x44, 0x3, 0xff, 0xc0, 0x20,
    0x1f, 0xfc, 0x17, 0x0, 0xff, 0xf0, 0x10, 0x7,
    0xff, 0x4, 0x40, 0x3f, 0xfc, 0xa, 0x1, 0xff,
    0xc1, 0x30, 0xf, 0xfe, 0x1c, 0x7f, 0xff, 0xf3,
    0x78, 0x1, 0x60, 0x1f, 0xfc, 0x11, 0x0, 0xff,
    0xe1, 0x4b, 0x80, 0x7f, 0xf3, 0x44, 0xc0, 0xc4,
    0x3, 0xfe, 0x20, 0xf, 0xfe, 0x15, 0x30, 0x7,
    0xff, 0x3e, 0xc0, 0xe, 0x1, 0xff, 0x30, 0x7,
    0xff, 0x6, 0xd4, 0x3, 0xff, 0xa0, 0x80, 0xd,
    0x0, 0xff, 0xb0, 0x3, 0xff, 0x81, 0x68, 0x1,
    0xff, 0xd1, 0x31, 0x4, 0x0, 0xff, 0x94, 0x3,
    0xfe, 0xc4, 0x0, 0xff, 0xe9, 0xb8, 0x1, 0x40,
    0x3f, 0x90, 0x80, 0x3f, 0x87, 0xc, 0x3, 0xff,
    0xa9, 0x80, 0xf, 0x0, 0xfe, 0xf0, 0xf, 0xe1,
    0xc3, 0x0, 0xff, 0xea, 0xa8, 0x1, 0x40, 0x3f,
    0x2a, 0x0, 0x7e, 0x2c, 0x20, 0xf, 0xfe, 0xba,
    0x0, 0x10, 0x3, 0xc5, 0x60, 0x1f, 0x8b, 0x8,
    0x3, 0xff, 0xb1, 0x80, 0xd, 0x0, 0xe1, 0xf1,
    0x0, 0xf8, 0xf0, 0x40, 0x3f, 0xfb, 0x2a, 0x0,
    0x70, 0xc, 0x7e, 0x40, 0x1f, 0x89, 0x40, 0x3f,
    0xfb, 0x44, 0x40, 0x13, 0x0, 0x46, 0x8, 0x7,
    0xf0, 0xdd, 0x18, 0x7, 0xff, 0x65, 0x0, 0x16,
    0xdc, 0xe0, 0x1f, 0xfc, 0x15, 0xcc, 0x42, 0x10,
    0x7, 0xff, 0x57, 0x40, 0xf, 0x22, 0x1, 0xfe,

    /* U+0054 "T" */
    0x0, 0xc6, 0xf7, 0xbd, 0xff, 0xff, 0xd3, 0xd9,
    0x0, 0xff, 0xe0, 0xae, 0x62, 0x10, 0x84, 0x3,
    0xff, 0xa6, 0x5e, 0x0, 0x75, 0x0, 0xf8, 0xb2,
    0x8c, 0x3, 0xff, 0xb0, 0x2c, 0x3, 0x15, 0x84,
    0x1, 0xd0, 0x60, 0x1f, 0xfd, 0xa6, 0x0, 0x30,
    0x0, 0xf5, 0x0, 0x35, 0x20, 0x7, 0xff, 0x6a,
    0x40, 0x14, 0x1, 0xad, 0x0, 0x35, 0x98, 0x7,
    0xff, 0x61, 0x44, 0x10, 0x80, 0x3a, 0xc8, 0x3,
    0x69, 0x80, 0x7f, 0xf5, 0xf8, 0x1, 0xe0, 0x1f,
    0x48, 0x6, 0x1d, 0x20, 0xf, 0xfe, 0xa9, 0x20,
    0x12, 0x0, 0x7c, 0x86, 0x1, 0x87, 0x8, 0x3,
    0xff, 0xa9, 0x60, 0xb, 0x0, 0xfe, 0xa0, 0xe,
    0x1f, 0x10, 0xf, 0xfe, 0x90, 0xb0, 0x1, 0x80,
    0x3f, 0x9c, 0x3, 0xc5, 0x82, 0x1, 0xff, 0xd1,
    0x60, 0x3, 0x80, 0x7f, 0x84, 0x40, 0x1e, 0x2d,
    0x0, 0xff, 0xe8, 0xd0, 0x2, 0x80, 0x3f, 0xe2,
    0x0, 0xf8, 0xf0, 0x3, 0xff, 0x9e, 0x84, 0x8,
    0x40, 0x1f, 0xf3, 0x80, 0x7e, 0x3b, 0x0, 0xff,
    0xe7, 0x78, 0x3, 0xc0, 0x3f, 0xf9, 0x49, 0xff,
    0xff, 0xce, 0x40, 0x24, 0x0, 0xff, 0xf3, 0xd8,
    0x7, 0xff, 0x5, 0xc0, 0x3f, 0xfb, 0x4e, 0x1,
    0xff, 0xc1, 0x10, 0xf, 0xfe, 0xd0, 0x80, 0x7f,
    0xf0, 0x4c, 0x3, 0xff, 0xd0, 0x20, 0x1f, 0xfd,
    0x91, 0x0, 0xff, 0xf4, 0x18, 0x7, 0xff, 0x4,
    0x40, 0x3f, 0xfb, 0x42, 0x1, 0xff, 0xc1, 0x30,
    0xf, 0xfe, 0xd3, 0x80, 0x7f, 0xf0, 0x44, 0x3,
    0xff, 0xb4, 0x40, 0x1f, 0xfc, 0x17, 0x0, 0xff,
    0xed, 0x8, 0x7, 0xff, 0x4, 0x40, 0x3f, 0xfb,
    0x5e, 0x1, 0xff, 0xc1, 0x30, 0xf, 0xfe, 0xd0,
    0x80, 0x7f, 0xf0, 0x44, 0x3, 0xff, 0xb4, 0x60,
    0x1f, 0xfc, 0x1f, 0x0, 0xff, 0xed, 0x8, 0x7,
    0xff, 0x4, 0x40, 0x3f, 0xfb, 0x4e, 0x1, 0xff,
    0xc1, 0x30, 0xf, 0xfe, 0xd0, 0x80, 0x7f, 0xf0,
    0x44, 0x3, 0xff, 0xb4, 0x60, 0x1f, 0xfc, 0x17,
    0x0, 0xff, 0xed, 0x8, 0x7, 0xff, 0x4, 0x40,
    0x3f, 0xfd, 0x4, 0x1, 0xff, 0xd9, 0x10, 0xf,
    0xff, 0x41, 0x80, 0x7f, 0xf0, 0x44, 0x3, 0xff,
    0xb4, 0x20, 0x1f, 0xfc, 0x13, 0x0, 0xff, 0xed,
    0x38, 0x7, 0xff, 0x4, 0x40, 0x3f, 0xfb, 0x44,
    0x1, 0xff, 0xc1, 0x70, 0xf, 0xfe, 0xd0, 0x80,
    0x7f, 0xf0, 0x44, 0x3, 0xff, 0xb5, 0xe0, 0x1f,
    0xfc, 0x13, 0x0, 0xff, 0xed, 0x8, 0x7, 0xff,
    0x4, 0x40, 0x3f, 0xfb, 0x46, 0x1, 0xff, 0xc1,
    0xf0, 0xf, 0xfe, 0xd0, 0x80, 0x7f, 0xf0, 0x44,
    0x3, 0xff, 0xb4, 0xe0, 0x1f, 0xfc, 0x13, 0x0,
    0xff, 0xed, 0x8, 0x7, 0xff, 0x4, 0x40, 0x3f,
    0xfb, 0x46, 0x1, 0xff, 0xc1, 0x70, 0xf, 0xfe,
    0xd3, 0x0, 0x7f, 0xf0, 0x44, 0x3, 0xff, 0xb5,
    0x14, 0x1, 0xff, 0xc0, 0x30, 0xf, 0xfe, 0xda,
    0xe9, 0x0, 0x7f, 0x84, 0x3, 0xff, 0xb8, 0x5a,
    0xa0, 0x1f, 0x88, 0x3, 0xff, 0xbf, 0x50, 0x1,
    0xe6, 0xd0, 0xf, 0xff, 0x3, 0xd8, 0x80, 0x55,
    0x20, 0x1f, 0xfe, 0x24, 0xf3, 0x36, 0xa8, 0x7,
    0xff, 0x90, 0x73, 0x4, 0x1, 0xff, 0xff, 0x0,
    0xff, 0xff, 0x80, 0x7f, 0xfb, 0x86, 0x8c, 0x3,
    0xff, 0xca, 0x9e, 0xb8, 0xc0, 0x1f, 0xfe, 0x38,
    0xb1, 0x0, 0x4c, 0x80, 0x3f, 0xfc, 0x5, 0x8e,
    0x1, 0xcd, 0x82, 0x1, 0xff, 0xdd, 0x5d, 0x30,
    0xf, 0x8c, 0x80, 0x3f, 0xfb, 0x95, 0x40, 0xf,
    0xf0, 0x80, 0x7f, 0xf6, 0x8f, 0x54, 0x3, 0xfe,
    0x30, 0xf, 0xfe, 0xd6, 0x10, 0x7, 0xff, 0x0,
    0x40, 0x3f, 0xff, 0xe0, 0x1f, 0xfc, 0x32, 0x0,
    0xff, 0xe0, 0x88, 0x7, 0xff, 0x68, 0x40, 0x3f,
    0xf8, 0x26, 0x1, 0xff, 0xda, 0x70, 0xf, 0xfe,
    0x8, 0x80, 0x7f, 0xf6, 0x84, 0x3, 0xff, 0x82,
    0xe0, 0x1f, 0xfd, 0xa3, 0x0, 0xff, 0xe0, 0x88,
    0x7, 0xff, 0x68, 0x40, 0x3f, 0xf8, 0x26, 0x1,
    0xff, 0xda, 0xf0, 0xf, 0xfe, 0x8, 0x80, 0x7f,
    0xf6, 0x84, 0x3, 0xff, 0x83, 0xe0, 0x1f, 0xfd,
    0xa3, 0x0, 0xff, 0xe0, 0x88, 0x7, 0xff, 0x68,
    0x40, 0x3f, 0xf8, 0x26, 0x1, 0xff, 0xda, 0x70,
    0xf, 0xfe, 0x8, 0x80, 0x7f, 0xf6, 0x84, 0x3,
    0xff, 0x82, 0xe0, 0x1f, 0xfd, 0xa3, 0x0, 0xff,
    0xe0, 0x88, 0x7, 0xff, 0x68, 0x40, 0x3f, 0xf8,
    0x26, 0x1, 0xff, 0xe8, 0x10, 0xf, 0xfe, 0xc8,
    0x80, 0x7f, 0xfa, 0xc, 0x3, 0xff, 0x82, 0x20,
    0x1f, 0xfd, 0xa6, 0x0, 0xff, 0xe0, 0x98, 0x7,
    0xff, 0x68, 0x40, 0x3f, 0xf8, 0x22, 0x1, 0xff,
    0xda, 0x30, 0xf, 0xfe, 0xb, 0x80, 0x7f, 0xf6,
    0x84, 0x3, 0xff, 0x82, 0x20, 0x1f, 0xfd, 0xaf,
    0x0, 0xff, 0xf4, 0x8, 0x7, 0xff, 0x4, 0xc0,
    0x3f, 0xfb, 0x46, 0x1, 0xff, 0xc1, 0x10, 0xf,
    0xfe, 0xd0, 0x80, 0x7f, 0xf0, 0x7c, 0x3, 0xff,
    0xb4, 0xe0, 0x1f, 0xfc, 0x11, 0x0, 0xff, 0xed,
    0x8, 0x7, 0xff, 0x4, 0xc0, 0x3f, 0xfb, 0x46,
    0x1, 0xff, 0xc1, 0x10, 0xf, 0xfe, 0xd0, 0x80,
    0x7f, 0xf0, 0x5c, 0x3, 0xff, 0xb4, 0x20, 0x1f,
    0xfc, 0x11, 0x0, 0xff, 0xed, 0x38, 0x7, 0xff,
    0x4, 0xc0, 0x3f, 0xfb, 0x5a, 0x1, 0xff, 0xc1,
    0x10, 0xf, 0xfe, 0xd2, 0x0, 0x7f, 0xf0, 0x4,
    0x3, 0xff, 0xb8, 0xa0, 0x1f, 0xf2, 0x80, 0x7f,
    0xf7, 0x3c, 0x3, 0xfe, 0xc0, 0xf, 0xfe, 0xe2,
    0x80, 0x7f, 0xc8, 0x1, 0xff, 0xdd, 0x40, 0xf,
    0xe3, 0x30, 0x7, 0xff, 0x77, 0x40, 0x3f, 0xa4,
    0x3, 0xff, 0xbc, 0xe0, 0x1f, 0x8d, 0x40, 0x3f,
    0xfb, 0xc2, 0x60, 0x1e, 0x1e, 0x0, 0xff, 0xf0,
    0x58, 0x7, 0xb4, 0x80, 0x3f, 0xfc, 0xa, 0x1,
    0x87, 0xc, 0x3, 0xff, 0xc2, 0x44, 0x0, 0x2f,
    0x98, 0x7, 0xff, 0x8d, 0x4e, 0xe8, 0x40, 0x3f,
    0xfc, 0x91, 0x88, 0x1, 0xff, 0xc1,

    /* U+0055 "U" */
    0x0, 0xff, 0xf6, 0x4b, 0x80, 0x7f, 0xfc, 0x85,
    0xa3, 0x90, 0x3, 0xff, 0xe1, 0x20, 0x1, 0xb6,
    0x0, 0xff, 0xf7, 0xb0, 0x6, 0x96, 0x0, 0xff,
    0xe0, 0x2a, 0x80, 0x3f, 0xfb, 0xec, 0x20, 0x1d,
    0x26, 0x1, 0xfe, 0x2a, 0xa2, 0x80, 0x7f, 0xf7,
    0xa8, 0x3, 0xef, 0x0, 0xff, 0x70, 0x2, 0x90,
    0x3, 0xff, 0xb8, 0x66, 0x0, 0xf8, 0xd0, 0x3,
    0xf2, 0x18, 0x5, 0x66, 0x1, 0xff, 0xdb, 0x90,
    0xf, 0xee, 0x0, 0xfd, 0xe0, 0x1d, 0x86, 0x1,
    0xff, 0xd9, 0x15, 0x0, 0xfe, 0x40, 0xf, 0x85,
    0x0, 0x3d, 0xa4, 0x1, 0xff, 0xd8, 0x90, 0xf,
    0xf0, 0x88, 0x3, 0xc8, 0x1, 0xf0, 0xe1, 0x0,
    0x7f, 0xf5, 0xd8, 0x3, 0xfe, 0x50, 0xf, 0x68,
    0x7, 0xe1, 0xc1, 0x0, 0xff, 0xea, 0xb0, 0x80,
    0x7f, 0xf1, 0x88, 0x3, 0xf8, 0x70, 0x40, 0x3f,
    0xfa, 0x94, 0x1, 0xff, 0xc7, 0x10, 0xf, 0xf1,
    0x60, 0x80, 0x7f, 0xf4, 0x8c, 0xc0, 0x1f, 0xfc,
    0x77, 0x0, 0xff, 0x8b, 0x40, 0x3f, 0xfa, 0x52,
    0x1, 0xff, 0xc1, 0x70, 0xf, 0x8, 0x7, 0xff,
    0x0, 0xc8, 0x3, 0xff, 0xa2, 0x80, 0x1f, 0xfc,
    0x11, 0x0, 0xf1, 0x80, 0x7f, 0xf0, 0x4c, 0x3,
    0xff, 0xa2, 0x20, 0x1f, 0xfc, 0x13, 0x0, 0xf0,
    0x80, 0x7f, 0xf0, 0x44, 0x3, 0xff, 0xbe, 0x20,
    0x1f, 0xfe, 0x51, 0x0, 0xff, 0xe4, 0x8, 0x7,
    0xff, 0x4, 0x40, 0x3f, 0xfa, 0x24, 0x1, 0xff,
    0xc1, 0x10, 0xf, 0x18, 0x7, 0xff, 0x4, 0xc0,
    0x3f, 0xfa, 0x2e, 0x1, 0xff, 0xc1, 0x30, 0xf,
    0x8, 0x7, 0xff, 0x4, 0x40, 0x3f, 0xfa, 0x22,
    0x1, 0xff, 0xc1, 0x10, 0xf, 0x38, 0x7, 0xff,
    0x5, 0xc0, 0x3f, 0xfa, 0x26, 0x1, 0xff, 0xc1,
    0x70, 0xf, 0x8, 0x7, 0xff, 0x4, 0x40, 0x3f,
    0xfa, 0x22, 0x1, 0xff, 0xc1, 0x10, 0xf, 0x10,
    0x7, 0xff, 0x4, 0xc0, 0x3f, 0xfa, 0x3e, 0x1,
    0xff, 0xc1, 0x30, 0xf, 0x78, 0x7, 0xff, 0x4,
    0x40, 0x3f, 0xfa, 0x22, 0x1, 0xff, 0xc1, 0xe0,
    0xf, 0x8, 0x7, 0xff, 0x7, 0xc0, 0x3f, 0xfa,
    0x26, 0x1, 0xff, 0xc1, 0x10, 0xf, 0x18, 0x7,
    0xff, 0x4, 0x40, 0x3f, 0xfa, 0x22, 0x1, 0xff,
    0xc1, 0x30, 0xf, 0x8, 0x7, 0xff, 0x4, 0xc0,
    0x3f, 0xfa, 0x2e, 0x1, 0xff, 0xc1, 0x10, 0xf,
    0x38, 0x7, 0xff, 0x4, 0x40, 0x3f, 0xfa, 0x22,
    0x1, 0xff, 0xc1, 0x70, 0xf, 0x8, 0x7, 0xff,
    0x5, 0xc0, 0x3f, 0xfa, 0x26, 0x1, 0xff, 0xc1,
    0x10, 0xf, 0x18, 0x7, 0xff, 0x4, 0x80, 0x3f,
    0xfa, 0x22, 0x1, 0xff, 0xc1, 0x30, 0xf, 0x8,
    0x7, 0xff, 0x4, 0x40, 0x3f, 0xfb, 0xe2, 0x1,
    0xff, 0xe5, 0x10, 0xf, 0xfe, 0x40, 0x80, 0x7f,
    0xf0, 0x44, 0x3, 0xff, 0xa2, 0x40, 0x1f, 0xfc,
    0x11, 0x0, 0xf1, 0x80, 0x7f, 0xf0, 0x4c, 0x3,
    0xff, 0xa2, 0xe0, 0x1f, 0xfc, 0x13, 0x0, 0xf0,
    0x80, 0x7f, 0xf0, 0x44, 0x3, 0xff, 0xa2, 0x20,
    0x1f, 0xfc, 0x11, 0x0, 0xf3, 0x80, 0x7f, 0xf0,
    0x5c, 0x3, 0xff, 0xa2, 0x60, 0x1f, 0xfc, 0x17,
    0x0, 0xf0, 0x80, 0x7f, 0xf0, 0x44, 0x3, 0xff,
    0xa2, 0x20, 0x1f, 0xfc, 0x11, 0x0, 0xf1, 0x80,
    0x7f, 0xf0, 0x4c, 0x3, 0xff, 0xa3, 0xe0, 0x1f,
    0xfc, 0x13, 0x0, 0xf0, 0x80, 0x7f, 0xf0, 0x44,
    0x3, 0xff, 0xa2, 0x20, 0x1f, 0xfc, 0x11, 0x0,
    0xf7, 0x80, 0x7f, 0xf0, 0x7c, 0x3, 0xff, 0xa2,
    0x60, 0x1f, 0xfc, 0x1f, 0x0, 0xf0, 0x80, 0x7f,
    0xf0, 0x44, 0x3, 0xff, 0xa2, 0x20, 0x1f, 0xfc,
    0x11, 0x0, 0xf1, 0x80, 0x7f, 0xf0, 0x4c, 0x3,
    0xff, 0xa2, 0xe0, 0x1f, 0xfc, 0x13, 0x0, 0xf0,
    0x80, 0x7f, 0xf0, 0x44, 0x3, 0xff, 0xa2, 0x20,
    0x1f, 0xfc, 0x11, 0x0, 0xf3, 0x80, 0x7f, 0xf0,
    0x5c, 0x3, 0xff, 0xa2, 0x60, 0x1f, 0xfc, 0x17,
    0x0, 0xf0, 0x80, 0x7f, 0xf0, 0x20, 0xc0, 0x3f,
    0xfa, 0x36, 0x1, 0xff, 0xc1, 0x10, 0xf, 0x18,
    0x7, 0xf8, 0x71, 0xc0, 0x3f, 0xfa, 0x4b, 0xa4,
    0x1, 0xff, 0x18, 0x7, 0x84, 0x3, 0xf9, 0x78,
    0xc0, 0x3f, 0xfa, 0x85, 0x88, 0x1, 0xfe, 0x10,
    0xf, 0x18, 0x7, 0xe9, 0xa0, 0xf, 0xfe, 0xb8,
    0xdc, 0x0, 0x7e, 0x40, 0xf, 0xb1, 0x80, 0x38,
    0xf5, 0x80, 0x3f, 0xfb, 0x4f, 0x62, 0x1, 0xd1,
    0x60, 0x1f, 0xa6, 0x40, 0x13, 0x61, 0x0, 0x7f,
    0xf7, 0x13, 0x8, 0x0, 0x58, 0xe0, 0x1f, 0xe6,
    0xc2, 0xb9, 0x0, 0xff, 0xef, 0x96, 0xaa, 0xb4,
    0xc0, 0x3f, 0xf8, 0x7, 0xa8, 0x1, 0xff, 0xe2,
    0xaa, 0x0, 0x7f, 0xff, 0xc0, 0x3f, 0xff, 0xe0,
    0x1f, 0xfe, 0xf8, 0xc1, 0x0, 0xff, 0xf0, 0x9e,
    0xb0, 0x7, 0xff, 0x0, 0x71, 0xcf, 0xd0, 0x3,
    0xff, 0xbe, 0xf8, 0x53, 0x20, 0xf, 0xf2, 0xf9,
    0x80, 0x6, 0xdc, 0x3, 0xff, 0xb8, 0x37, 0x0,
    0x13, 0x60, 0x80, 0x7d, 0x14, 0x20, 0x1d, 0x14,
    0x1, 0xff, 0xda, 0x4f, 0x40, 0xe, 0x3f, 0x10,
    0xf, 0x28, 0x7, 0xe5, 0xd2, 0x0, 0xff, 0xeb,
    0xc5, 0x88, 0x7, 0xc2, 0x60, 0x1e, 0x30, 0xf,
    0xe2, 0xd5, 0x0, 0xff, 0xea, 0x16, 0x38, 0x7,
    0xf8, 0xc0, 0x3c, 0x20, 0x1f, 0xf5, 0x40, 0x7,
    0xff, 0x49, 0x74, 0xc0, 0x3f, 0xe1, 0x0, 0xff,
    0xe3, 0xb8, 0x80, 0x7f, 0xf4, 0x68, 0x3, 0xff,
    0x8e, 0x20, 0x1f, 0xfc, 0x21, 0x0, 0xff, 0xe8,
    0x8, 0x7, 0xff, 0x20, 0xc0, 0x3f, 0xfb, 0xe6,
    0x1, 0xff, 0xc1, 0x10, 0xf, 0xfe, 0x40, 0x80,
    0x7f, 0xf4, 0x44, 0x3, 0xff, 0x82, 0x60, 0x1e,
    0x10, 0xf, 0xfe, 0x9, 0x80, 0x7f, 0xf4, 0x5c,
    0x3, 0xff, 0x82, 0x20, 0x1e, 0x70, 0xf, 0xfe,
    0x8, 0x80, 0x7f, 0xf4, 0x44, 0x3, 0xff, 0x82,
    0xe0, 0x1e, 0x10, 0xf, 0xfe, 0xb, 0x80, 0x7f,
    0xf4, 0x4c, 0x3, 0xff, 0x82, 0x20, 0x1e, 0x30,
    0xf, 0xfe, 0x8, 0x80, 0x7f, 0xf4, 0x44, 0x3,
    0xff, 0x82, 0x60, 0x1e, 0x10, 0xf, 0xfe, 0x9,
    0x80, 0x7f, 0xf4, 0x7c, 0x3, 0xff, 0x82, 0x20,
    0x1e, 0xf0, 0xf, 0xfe, 0x8, 0x80, 0x7f, 0xf4,
    0x44, 0x3, 0xff, 0x83, 0xe0, 0x1e, 0x10, 0xf,
    0xfe, 0xf, 0x80, 0x7f, 0xf4, 0x4c, 0x3, 0xff,
    0x82, 0x20, 0x1e, 0x30, 0xf, 0xfe, 0x8, 0x80,
    0x7f, 0xf4, 0x44, 0x3, 0xff, 0x82, 0x60, 0x1e,
    0x10, 0xf, 0xfe, 0x9, 0x80, 0x7f, 0xf4, 0x5c,
    0x3, 0xff, 0x82, 0x20, 0x1e, 0x70, 0xf, 0xfe,
    0xb, 0x0, 0x7f, 0xf4, 0x44, 0x3, 0xff, 0x82,
    0xe0, 0x1e, 0x10, 0xf, 0xfe, 0x8, 0x80, 0x7f,
    0xf4, 0x4c, 0x3, 0xff, 0x82, 0x20, 0x1e, 0x30,
    0xf, 0xfe, 0x9, 0x80, 0x7f, 0xf4, 0x44, 0x3,
    0xff, 0x82, 0x60, 0x1e, 0x10, 0xf, 0xfe, 0x8,
    0x80, 0x7f, 0xf4, 0x4, 0x3, 0xff, 0x84, 0x20,
    0x1f, 0xfe, 0x53, 0x0, 0xff, 0xe4, 0x8, 0x7,
    0xff, 0x4, 0x40, 0x3f, 0xfa, 0x22, 0x1, 0xff,
    0xc1, 0x10, 0xf, 0x18, 0x7, 0xff, 0x4, 0xc0,
    0x3f, 0xfa, 0x2e, 0x1, 0xff, 0xc1, 0x30, 0xf,
    0x8, 0x7, 0xff, 0x4, 0x40, 0x3f, 0xfa, 0x22,
    0x1, 0xff, 0xc1, 0x10, 0xf, 0x38, 0x7, 0xff,
    0x5, 0xc0, 0x3f, 0xfa, 0x26, 0x1, 0xff, 0xc1,
    0x70, 0xf, 0x8, 0x7, 0xff, 0x4, 0x40, 0x3f,
    0xfa, 0x22, 0x1, 0xff, 0xc1, 0x10, 0xf, 0x18,
    0x7, 0xff, 0x4, 0xc0, 0x3f, 0xfa, 0x3e, 0x1,
    0xff, 0xc1, 0x30, 0xf, 0x8, 0x7, 0xff, 0x4,
    0x40, 0x3f, 0xfa, 0x22, 0x1, 0xff, 0xc1, 0x10,
    0xf, 0x78, 0x7, 0xff, 0x7, 0xc0, 0x3f, 0xfa,
    0x26, 0x1, 0xff, 0xc1, 0xf0, 0xf, 0x8, 0x7,
    0xff, 0x4, 0x40, 0x3f, 0xfa, 0x22, 0x1, 0xff,
    0xc1, 0x10, 0xf, 0x18, 0x7, 0xff, 0x4, 0xc0,
    0x3f, 0xfa, 0x2e, 0x1, 0xff, 0xc8, 0x10, 0xf,
    0xfe, 0x8, 0x80, 0x7f, 0xf4, 0x44, 0x3, 0xff,
    0x82, 0x60, 0x1e, 0x70, 0xf, 0xfe, 0xb, 0x80,
    0x7f, 0xf4, 0x4c, 0x3, 0xff, 0x82, 0x20, 0x1e,
    0x10, 0xf, 0xfe, 0x8, 0x80, 0x7f, 0xf4, 0x44,
    0x3, 0xff, 0x82, 0xe0, 0x1e, 0x30, 0xf, 0xfe,
    0x2, 0x90, 0x7, 0xff, 0x44, 0x80, 0x3f, 0xf8,
    0x22, 0x1, 0xe1, 0x0, 0xff, 0x9a, 0x80, 0x3f,
    0xfa, 0x4a, 0x1, 0xff, 0xc1, 0x30, 0xf, 0xfe,
    0x2b, 0xc8, 0x2, 0x3f, 0xff, 0xf9, 0xbc, 0x0,
    0xb0, 0xf, 0xfe, 0x8, 0x80, 0x7f, 0xf1, 0x26,
    0x0, 0x12, 0xe0, 0x1f, 0xfc, 0xd1, 0x30, 0x31,
    0x0, 0xff, 0x88, 0x3, 0xff, 0x89, 0x4c, 0x0,
    0xa6, 0x0, 0xff, 0xe7, 0xd8, 0x1, 0xc0, 0x3f,
    0xe6, 0x0, 0xf8, 0xc0, 0x3e, 0xa5, 0x0, 0x5a,
    0x80, 0x7f, 0xf4, 0x10, 0x1, 0xa0, 0x1f, 0xf6,
    0x0, 0x7c, 0xa0, 0x1e, 0xb5, 0x0, 0x5a, 0x0,
    0x7f, 0xf4, 0x4c, 0x41, 0x0, 0x3f, 0xe5, 0x0,
    0xfb, 0x40, 0x30, 0xe2, 0x0, 0x31, 0x0, 0x3f,
    0xfa, 0x6e, 0x0, 0x50, 0xf, 0xe4, 0x20, 0xf,
    0x90, 0x40, 0x3, 0x86, 0x3, 0x86, 0x1, 0xff,
    0xd4, 0xc0, 0x7, 0x80, 0x7f, 0x78, 0x7, 0xf5,
    0x81, 0x61, 0x0, 0xe1, 0x80, 0x7f, 0xf5, 0x54,
    0x0, 0xa0, 0x1f, 0x95, 0x0, 0x3f, 0x95, 0xb0,
    0x80, 0xb0, 0x80, 0x3f, 0xfa, 0xe8, 0x0, 0x40,
    0xf, 0x15, 0x80, 0x7f, 0xd2, 0x20, 0x58, 0x40,
    0x1f, 0xfd, 0x8c, 0x0, 0x68, 0x7, 0xf, 0x88,
    0x7, 0xff, 0x4, 0xf0, 0x40, 0x3f, 0xfb, 0x2a,
    0x0, 0x70, 0xc, 0x7e, 0x40, 0x1f, 0xfc, 0x22,
    0x50, 0xf, 0xfe, 0xd1, 0x10, 0x4, 0xc0, 0x11,
    0x82, 0x1, 0xff, 0xc3, 0x1b, 0xa3, 0x0, 0xff,
    0xec, 0xa0, 0x2, 0xdb, 0x9c, 0x3, 0xff, 0x8e,
    0xb9, 0x88, 0x42, 0x0, 0xff, 0xea, 0xe8, 0x1,
    0xe4, 0x40, 0x3f, 0xf8, 0x20,

    /* U+0056 "V" */
    0x0, 0xff, 0xf4, 0xcb, 0x80, 0x7f, 0xfb, 0xc5,
    0xa3, 0x90, 0x3, 0xff, 0xdb, 0x20, 0x1, 0xb6,
    0x0, 0xff, 0xf6, 0x30, 0x6, 0x96, 0x0, 0xfe,
    0x55, 0x0, 0x7f, 0xf7, 0xd8, 0x40, 0x3a, 0x4c,
    0x3, 0xe2, 0xaa, 0x28, 0x7, 0xff, 0x7a, 0x80,
    0x3e, 0xf0, 0xf, 0xb8, 0x1, 0x48, 0x1, 0xff,
    0xdc, 0x33, 0x0, 0x7c, 0x68, 0x1, 0xc8, 0x60,
    0x15, 0x98, 0x7, 0xff, 0x6e, 0x40, 0x3f, 0xb8,
    0x3, 0xbc, 0x3, 0xb0, 0xc0, 0x3f, 0xfb, 0x22,
    0xa0, 0x1f, 0xc8, 0x1, 0x85, 0x0, 0x3d, 0xa4,
    0x1, 0xff, 0xd8, 0x90, 0xf, 0xf0, 0x88, 0x2,
    0x40, 0xf, 0x87, 0x8, 0x3, 0xff, 0xae, 0xc0,
    0x1f, 0xf2, 0x80, 0x5a, 0x1, 0xf8, 0x70, 0x40,
    0x3f, 0xfa, 0xac, 0x20, 0x1f, 0xfc, 0x32, 0x0,
    0xfe, 0x1c, 0x10, 0xf, 0xfe, 0xa5, 0x0, 0x7f,
    0xf1, 0x4, 0x3, 0xfc, 0x58, 0x20, 0x1f, 0xfd,
    0x23, 0x30, 0x7, 0xff, 0x11, 0xc0, 0x3f, 0xe2,
    0xd0, 0xf, 0xfe, 0x94, 0x80, 0x7f, 0xf0, 0x5c,
    0x2, 0x10, 0xf, 0xfe, 0x1, 0x90, 0x7, 0xff,
    0x45, 0x0, 0x3f, 0xf8, 0x22, 0x1, 0x18, 0x7,
    0xff, 0x4, 0xc0, 0x3f, 0xfa, 0x22, 0x1, 0xff,
    0xc1, 0x30, 0x8, 0x40, 0x3f, 0xf8, 0x22, 0x1,
    0xff, 0xdf, 0x10, 0xf, 0xff, 0x10, 0x80, 0x7f,
    0xf1, 0x44, 0x3, 0xff, 0x82, 0x20, 0x1f, 0xfd,
    0x12, 0x0, 0xff, 0xe0, 0x88, 0x4, 0x60, 0x1f,
    0xfc, 0x13, 0x0, 0xff, 0xe8, 0xb8, 0x7, 0xff,
    0x4, 0xc0, 0x21, 0x0, 0xff, 0xe0, 0x88, 0x7,
    0xff, 0x44, 0x40, 0x3f, 0xf8, 0x22, 0x1, 0x38,
    0x7, 0xff, 0x5, 0xc0, 0x3f, 0xfa, 0x26, 0x1,
    0xff, 0xc1, 0x70, 0x8, 0x40, 0x3f, 0xf8, 0x22,
    0x1, 0xff, 0xd1, 0x10, 0xf, 0xfe, 0x8, 0x80,
    0x44, 0x1, 0xff, 0xc1, 0x30, 0xf, 0xfe, 0x8f,
    0x80, 0x7f, 0xf0, 0x4c, 0x2, 0xf0, 0xf, 0xfe,
    0x8, 0x80, 0x7f, 0xf4, 0x44, 0x3, 0xff, 0x83,
    0xc0, 0x10, 0x80, 0x7f, 0xf0, 0x7c, 0x3, 0xff,
    0xa2, 0x60, 0x1f, 0xfc, 0x11, 0x0, 0x8c, 0x3,
    0xff, 0x82, 0x20, 0x1f, 0xfd, 0x11, 0x0, 0xff,
    0xe0, 0x98, 0x4, 0x20, 0x1f, 0xfc, 0x13, 0x0,
    0xff, 0xe8, 0xb8, 0x7, 0xff, 0x4, 0x40, 0x27,
    0x0, 0xff, 0xe0, 0x88, 0x7, 0xff, 0x44, 0x40,
    0x3f, 0xf8, 0x2e, 0x1, 0x8, 0x7, 0xff, 0x5,
    0xc0, 0x3f, 0xfa, 0x26, 0x1, 0xff, 0xc1, 0x10,
    0x8, 0xc0, 0x3f, 0xf8, 0x24, 0x1, 0xff, 0xd1,
    0x10, 0xf, 0xfe, 0x9, 0x80, 0x42, 0x1, 0xff,
    0xc1, 0x10, 0xf, 0xfe, 0xf8, 0x80, 0x7f, 0xf8,
    0x84, 0x3, 0xff, 0x8a, 0x20, 0x1f, 0xfc, 0x11,
    0x0, 0xff, 0xe8, 0x90, 0x7, 0xff, 0x4, 0x40,
    0x23, 0x0, 0xff, 0xe0, 0x98, 0x7, 0xff, 0x45,
    0xc0, 0x3f, 0xf8, 0x26, 0x1, 0x8, 0x7, 0xff,
    0x4, 0x40, 0x3f, 0xfa, 0x22, 0x1, 0xff, 0xc1,
    0x10, 0x9, 0xc0, 0x3f, 0xf8, 0x2e, 0x1, 0xff,
    0xd1, 0x30, 0xf, 0xfe, 0xb, 0x80, 0x42, 0x1,
    0xff, 0xc1, 0x10, 0xf, 0xfe, 0x88, 0x80, 0x7f,
    0xf0, 0x44, 0x2, 0x30, 0xf, 0xfe, 0x9, 0x80,
    0x7f, 0xf4, 0x7c, 0x3, 0xff, 0x82, 0x60, 0x10,
    0x80, 0x7f, 0xf0, 0x44, 0x3, 0xff, 0xa2, 0x20,
    0x1f, 0xfc, 0x11, 0x0, 0xbc, 0x3, 0xff, 0x83,
    0xe0, 0x1f, 0xfd, 0x13, 0x0, 0xff, 0xe0, 0xf8,
    0x4, 0x20, 0x1f, 0xfc, 0x11, 0x0, 0xff, 0xe8,
    0x88, 0x7, 0xff, 0x4, 0x40, 0x23, 0x0, 0xff,
    0xe0, 0x98, 0x7, 0xff, 0x45, 0xc0, 0x3f, 0xf8,
    0x26, 0x1, 0x8, 0x7, 0xff, 0x4, 0x40, 0x3f,
    0xfa, 0x22, 0x1, 0xff, 0xc1, 0x10, 0x9, 0xc0,
    0x3f, 0xf8, 0x2e, 0x1, 0xff, 0xd1, 0x30, 0xf,
    0xfe, 0xb, 0x80, 0x42, 0x1, 0xff, 0xc0, 0x83,
    0x0, 0xff, 0xe8, 0xd8, 0x7, 0xff, 0x4, 0x40,
    0x23, 0x0, 0xff, 0xe, 0x38, 0x7, 0xff, 0x49,
    0x74, 0x80, 0x3f, 0xe3, 0x0, 0x84, 0x3, 0xf9,
    0x78, 0xc0, 0x3f, 0xfa, 0x85, 0x88, 0x1, 0xfe,
    0x10, 0x8, 0xc0, 0x3f, 0x4d, 0x0, 0x7f, 0xf5,
    0xc6, 0xe0, 0x3, 0xf2, 0x0, 0x6c, 0x60, 0xe,
    0x3d, 0x60, 0xf, 0xfe, 0xd3, 0xd8, 0x80, 0x74,
    0x58, 0x7, 0x4c, 0x80, 0x26, 0xc2, 0x0, 0xff,
    0xee, 0x26, 0x10, 0x0, 0xb1, 0xc0, 0x3e, 0x6c,
    0x2b, 0x90, 0xf, 0xfe, 0xf9, 0x6a, 0xab, 0x4c,
    0x3, 0xf8, 0xf5, 0x0, 0x3f, 0xfc, 0x55, 0x40,
    0xf, 0xff, 0xf8, 0x7, 0xff, 0xfc, 0x3, 0xff,
    0xfe, 0x1, 0xff, 0xff, 0x0, 0xff, 0xff, 0x80,
    0x7f, 0xff, 0xc0, 0x3f, 0xff, 0xe0, 0x1f, 0xff,
    0xf0, 0xf, 0xff, 0xf8, 0x7, 0xff, 0xfc, 0x3,
    0xff, 0xfe, 0x1, 0xff, 0xff, 0x0, 0xff, 0xff,
    0x80, 0x7f, 0xff, 0xc0, 0x3f, 0xff, 0xe0, 0x1f,
    0xff, 0xf0, 0xf, 0xff, 0xf8, 0x7, 0xff, 0xfc,
    0x3, 0xff, 0xfe, 0x1, 0xff, 0xff, 0x0, 0xff,
    0xff, 0x80, 0x7f, 0xff, 0xc0, 0x3f, 0xff, 0xe0,
    0x1f, 0xff, 0xf0, 0xf, 0xff, 0xf8, 0x7, 0xff,
    0xfc, 0x3, 0xff, 0xfe, 0x1, 0xff, 0xff, 0x0,
    0xff, 0xff, 0x80, 0x7f, 0xff, 0xc0, 0x3f, 0xff,
    0xe0, 0x1f, 0xff, 0xf0, 0xf, 0xff, 0xf8, 0x7,
    0xff, 0xfc, 0x3, 0xff, 0xfe, 0x1, 0xff, 0xf1,
    0x8f, 0xff, 0xfe, 0x6f, 0x0, 0x7f, 0xf5, 0xa5,
    0xc0, 0x3f, 0xf9, 0xa2, 0x60, 0x1f, 0xfd, 0x4a,
    0x60, 0xf, 0xfe, 0x7d, 0x80, 0x7f, 0xf4, 0xed,
    0x40, 0x3f, 0xfa, 0x8, 0x1, 0xff, 0xd2, 0xb4,
    0x0, 0xff, 0xe8, 0x98, 0x80, 0x7f, 0xf4, 0x31,
    0x0, 0x3f, 0xfa, 0x6e, 0x1, 0xff, 0xce, 0x1c,
    0x30, 0xf, 0xfe, 0xa6, 0x0, 0x7f, 0xf3, 0x47,
    0xc, 0x3, 0xff, 0xaa, 0xa0, 0x1f, 0xfc, 0xc2,
    0xc2, 0x0, 0xff, 0xeb, 0xa0, 0x7, 0xff, 0x28,
    0xb0, 0x80, 0x3f, 0xfb, 0x18, 0x1, 0xff, 0xc9,
    0x3c, 0x10, 0xf, 0xfe, 0xca, 0x80, 0x7f, 0xf2,
    0x49, 0x40, 0x3f, 0xfb, 0x44, 0x40, 0xf, 0xfe,
    0x40, 0xdd, 0x18, 0x7, 0xff, 0x65, 0x0, 0x3f,
    0xf9, 0x4b, 0x98, 0x84, 0x20, 0xf, 0xfe, 0xae,
    0x80, 0x7f, 0xf1, 0x80,

    /* U+0057 "W" */
    0x0, 0xff, 0xf6, 0x43, 0x0, 0x7f, 0xfc, 0x85,
    0xe7, 0x4c, 0x3, 0xff, 0xe0, 0xc0, 0x2, 0xc5,
    0x0, 0xff, 0xf7, 0xc8, 0x6, 0xa5, 0x0, 0xff,
    0xe0, 0x22, 0x0, 0x3f, 0xfb, 0xea, 0x20, 0x1d,
    0x44, 0x1, 0xfe, 0x1a, 0xb4, 0x0, 0xff, 0xef,
    0x48, 0x7, 0xdc, 0x1, 0xfe, 0xa1, 0xb, 0x30,
    0xf, 0xfe, 0xe1, 0x98, 0x3, 0xe3, 0x40, 0xf,
    0xc6, 0x80, 0x16, 0x98, 0x7, 0xff, 0x6e, 0x40,
    0x3f, 0xb8, 0x3, 0xf4, 0x0, 0x61, 0xd2, 0x0,
    0xff, 0xec, 0x8a, 0x80, 0x7f, 0x20, 0x7, 0xe4,
    0x0, 0xe1, 0xc2, 0x0, 0xff, 0xec, 0x30, 0x7,
    0xf8, 0x44, 0x1, 0xe5, 0x0, 0xf8, 0x7c, 0x40,
    0x3f, 0xfa, 0xf2, 0x1, 0xff, 0x10, 0x7, 0x88,
    0x3, 0xf1, 0x60, 0x80, 0x7f, 0xf5, 0x54, 0x40,
    0x3f, 0xe7, 0x0, 0xf6, 0x80, 0x7f, 0x16, 0x88,
    0x7, 0xff, 0x52, 0x40, 0x3f, 0xf8, 0xe2, 0x1,
    0xfe, 0x3d, 0x0, 0xff, 0xe9, 0x99, 0x80, 0x3f,
    0xf8, 0xee, 0x1, 0xff, 0x1d, 0x80, 0x7f, 0xf4,
    0xa4, 0x3, 0xff, 0x82, 0xe0, 0x1e, 0x10, 0xf,
    0xfe, 0x2, 0x10, 0x7, 0xff, 0x45, 0x0, 0x3f,
    0xf8, 0x22, 0x1, 0xe3, 0x0, 0xff, 0xe0, 0x98,
    0x7, 0xff, 0x44, 0x40, 0x3f, 0xf8, 0x26, 0x1,
    0xe1, 0x0, 0xff, 0xe0, 0x88, 0x7, 0xff, 0x7c,
    0x40, 0x3f, 0xfc, 0xa2, 0x1, 0xff, 0xc8, 0x10,
    0xf, 0xfe, 0x8, 0x80, 0x7f, 0xf4, 0x4c, 0x3,
    0xff, 0x82, 0x20, 0x1e, 0x30, 0xf, 0xfe, 0x9,
    0x80, 0x7f, 0xf4, 0x58, 0x3, 0xff, 0x82, 0x60,
    0x1e, 0x10, 0xf, 0xfe, 0x8, 0x80, 0x7f, 0xf4,
    0x44, 0x3, 0xff, 0x82, 0x20, 0x1e, 0x70, 0xf,
    0xfe, 0xb, 0x80, 0x7f, 0xf4, 0x4c, 0x3, 0xff,
    0x82, 0xe0, 0x1e, 0x10, 0xf, 0xfe, 0x8, 0x80,
    0x7f, 0xf4, 0x44, 0x3, 0xff, 0x82, 0x20, 0x1e,
    0x30, 0xf, 0xfe, 0x9, 0x80, 0x7f, 0xf4, 0x7c,
    0x3, 0xff, 0x82, 0x60, 0x1e, 0x10, 0xf, 0xfe,
    0x8, 0x80, 0x7f, 0xf4, 0x44, 0x3, 0xff, 0x82,
    0x20, 0x1e, 0xf0, 0xf, 0xfe, 0xf, 0x80, 0x7f,
    0xf4, 0x4c, 0x3, 0xff, 0x83, 0xe0, 0x1e, 0x20,
    0xf, 0xfe, 0x8, 0x80, 0x7f, 0xf4, 0x44, 0x3,
    0xff, 0x82, 0x20, 0x1e, 0x10, 0xf, 0xfe, 0x9,
    0x80, 0x7f, 0xf4, 0x5c, 0x3, 0xff, 0x82, 0x40,
    0x1e, 0x70, 0xf, 0xfe, 0x8, 0x80, 0x7f, 0xf4,
    0x44, 0x3, 0xff, 0x82, 0xe0, 0x1e, 0x10, 0xf,
    0xfe, 0xb, 0x80, 0x7f, 0xf4, 0x4c, 0x3, 0xff,
    0x82, 0x20, 0x1e, 0x30, 0xf, 0xfe, 0x8, 0x80,
    0x7f, 0xf4, 0x44, 0x3, 0xff, 0x82, 0x60, 0x1e,
    0x10, 0xf, 0xfe, 0x9, 0x80, 0x7f, 0xf7, 0xc4,
    0x3, 0xff, 0x90, 0x20, 0x1f, 0xfd, 0x1, 0x0,
    0xff, 0xe4, 0x8, 0x7, 0xff, 0x4, 0x40, 0x3f,
    0xfa, 0x26, 0x1, 0xff, 0xc1, 0x10, 0xf, 0x18,
    0x7, 0xff, 0x4, 0xc0, 0x3f, 0xfa, 0x2c, 0x1,
    0xff, 0xc1, 0x30, 0xf, 0x8, 0x7, 0xff, 0x4,
    0x40, 0x3f, 0xfa, 0x22, 0x1, 0xff, 0xc1, 0x10,
    0xf, 0x38, 0x7, 0xff, 0x5, 0xc0, 0x3f, 0xfa,
    0x26, 0x1, 0xff, 0xc1, 0x70, 0xf, 0x8, 0x7,
    0xff, 0x4, 0x40, 0x3f, 0xfa, 0x22, 0x1, 0xff,
    0xc1, 0x10, 0xf, 0x18, 0x7, 0xff, 0x4, 0xc0,
    0x3f, 0xfa, 0x3e, 0x1, 0xff, 0xc1, 0x30, 0xf,
    0x8, 0x7, 0xff, 0x4, 0x40, 0x3f, 0xfa, 0x22,
    0x1, 0xff, 0xc1, 0x10, 0xf, 0x78, 0x7, 0xff,
    0x7, 0xc0, 0x3f, 0xfa, 0x26, 0x1, 0xff, 0xc1,
    0xf0, 0xf, 0x8, 0x7, 0xff, 0x4, 0x40, 0x3f,
    0xfa, 0x22, 0x1, 0xff, 0xc1, 0x10, 0xf, 0x18,
    0x7, 0xff, 0x4, 0xc0, 0x3f, 0xfa, 0x2e, 0x1,
    0xff, 0xc1, 0x30, 0xf, 0x8, 0x7, 0xff, 0x4,
    0x40, 0x3f, 0xfa, 0x22, 0x1, 0xff, 0xc1, 0x10,
    0xf, 0x38, 0x7, 0xff, 0x5, 0xc0, 0x3f, 0xfa,
    0x26, 0x1, 0xff, 0xc1, 0x70, 0xf, 0x8, 0x7,
    0xff, 0x1, 0x8c, 0x3, 0xff, 0xa3, 0x0, 0x1f,
    0xfc, 0x11, 0x0, 0xf1, 0x80, 0x7f, 0x86, 0xe4,
    0x3, 0xff, 0xa4, 0xd8, 0x20, 0x1f, 0xf1, 0x80,
    0x78, 0x40, 0x3f, 0x93, 0xd0, 0x1, 0x3f, 0xff,
    0xfc, 0xe9, 0x0, 0x1f, 0x98, 0x7, 0xf8, 0x40,
    0x3c, 0x40, 0x1f, 0xa2, 0xc4, 0xb, 0x58, 0x3,
    0xff, 0x9c, 0xd8, 0x20, 0x38, 0xc0, 0x1f, 0x8c,
    0x3, 0xed, 0x50, 0xe, 0x2c, 0x70, 0x3, 0x69,
    0x0, 0x7f, 0xf4, 0xf, 0xcc, 0x1, 0x34, 0x1,
    0xe7, 0xc0, 0xf, 0xd5, 0x0, 0x12, 0xe9, 0x80,
    0xdc, 0x80, 0x7f, 0xf4, 0xc7, 0x18, 0x0, 0xba,
    0x40, 0x1, 0xb8, 0x0, 0xff, 0x3d, 0x8d, 0x50,
    0x0, 0x9e, 0x80, 0x1f, 0xfd, 0x69, 0xa0, 0x1,
    0x62, 0x23, 0xd0, 0x3, 0xff, 0x80, 0x9c, 0xa0,
    0x8, 0xb1, 0x0, 0xff, 0xec, 0x2e, 0x8, 0xd,
    0xd8, 0x40, 0x3f, 0xf8, 0x85, 0x8e, 0x1, 0xff,
    0xdb, 0x3f, 0x40, 0xf, 0xfe, 0x48, 0x80, 0x7f,
    0xf7, 0x4d, 0xc0, 0x3f, 0xf9, 0x5, 0xaa, 0x1,
    0xff, 0xdb, 0x5d, 0x30, 0xf, 0xfe, 0x2b, 0xd8,
    0x80, 0x2a, 0x0, 0x3f, 0xfb, 0x33, 0x40, 0x2,
    0xc5, 0x0, 0xff, 0xe0, 0xd, 0xc2, 0x61, 0x80,
    0x1e, 0xc4, 0x3, 0xff, 0xaa, 0x7a, 0xc0, 0x5,
    0xd3, 0xa8, 0x0, 0xff, 0x27, 0xa0, 0x0, 0xb1,
    0x80, 0x9, 0x86, 0x1, 0xff, 0xd3, 0x7c, 0x20,
    0x5, 0x50, 0x2, 0x7b, 0x0, 0xfc, 0xf6, 0x20,
    0x1d, 0x32, 0x0, 0x16, 0x28, 0x7, 0xff, 0x40,
    0x6e, 0x0, 0x7, 0xaa, 0x1, 0xc9, 0xa2, 0x1,
    0xea, 0x0, 0xfc, 0xd8, 0x20, 0xa, 0x80, 0xf,
    0xfe, 0x72, 0x7a, 0x0, 0x1f, 0x8, 0x3, 0xe2,
    0x30, 0xf, 0x18, 0x7, 0xf1, 0xfa, 0x0, 0x1f,
    0xff, 0xff, 0x9d, 0x62, 0x3, 0x70, 0x1, 0xfe,
    0x30, 0xf, 0x8, 0x7, 0xf8, 0x6d, 0xc0, 0x3f,
    0xfa, 0x49, 0xe8, 0x1, 0xff, 0xd3, 0x81, 0x0,
    0xff, 0xe8, 0xd8, 0x80, 0x7f, 0xf0, 0x4, 0x3,
    0xff, 0x90, 0x20, 0x1f, 0xfd, 0x1, 0x0, 0xff,
    0xe4, 0x8, 0x7, 0xff, 0x7c, 0xc0, 0x3f, 0xf8,
    0x22, 0x1, 0xe3, 0x0, 0xff, 0xe0, 0x88, 0x7,
    0xff, 0x44, 0x40, 0x3f, 0xf8, 0x26, 0x1, 0xe1,
    0x0, 0xff, 0xe0, 0x98, 0x7, 0xff, 0x45, 0xc0,
    0x3f, 0xf8, 0x22, 0x1, 0xe7, 0x0, 0xff, 0xe0,
    0x88, 0x7, 0xff, 0x44, 0x40, 0x3f, 0xf8, 0x2e,
    0x1, 0xe1, 0x0, 0xff, 0xe0, 0xb8, 0x7, 0xff,
    0x44, 0xc0, 0x3f, 0xf8, 0x22, 0x1, 0xe3, 0x0,
    0xff, 0xe0, 0x88, 0x7, 0xff, 0x44, 0x40, 0x3f,
    0xf8, 0x26, 0x1, 0xe1, 0x0, 0xff, 0xe0, 0x98,
    0x7, 0xff, 0x47, 0xc0, 0x3f, 0xf8, 0x22, 0x1,
    0xef, 0x0, 0xff, 0xe0, 0x88, 0x7, 0xff, 0x44,
    0x40, 0x3f, 0xf8, 0x3e, 0x1, 0xe1, 0x0, 0xff,
    0xe0, 0xf8, 0x7, 0xff, 0x44, 0xc0, 0x3f, 0xf8,
    0x22, 0x1, 0xe3, 0x0, 0xff, 0xe0, 0x88, 0x7,
    0xff, 0x44, 0x40, 0x3f, 0xf8, 0x26, 0x1, 0xe1,
    0x0, 0xff, 0xe0, 0x98, 0x7, 0xff, 0x45, 0xc0,
    0x3f, 0xf8, 0x22, 0x1, 0xe7, 0x0, 0xff, 0xe0,
    0x88, 0x7, 0xff, 0x44, 0x40, 0x3f, 0xf8, 0x2e,
    0x1, 0xe1, 0x0, 0xff, 0xe0, 0xb0, 0x7, 0xff,
    0x44, 0xc0, 0x3f, 0xf8, 0x22, 0x1, 0xe3, 0x0,
    0xff, 0xe0, 0x98, 0x7, 0xff, 0x44, 0x40, 0x3f,
    0xf8, 0x26, 0x1, 0xe1, 0x0, 0xff, 0xe0, 0x88,
    0x7, 0xff, 0x7c, 0x40, 0x3f, 0xfc, 0xa4, 0x1,
    0xff, 0xc8, 0x10, 0xf, 0xfe, 0x8, 0x80, 0x7f,
    0xf4, 0x44, 0x3, 0xff, 0x82, 0x20, 0x1e, 0x30,
    0xf, 0xfe, 0x9, 0x80, 0x7f, 0xf4, 0x5c, 0x3,
    0xff, 0x82, 0x60, 0x1e, 0x10, 0xf, 0xfe, 0x8,
    0x80, 0x7f, 0xf4, 0x44, 0x3, 0xff, 0x82, 0x20,
    0x1e, 0x70, 0xf, 0xfe, 0xb, 0x80, 0x7f, 0xf4,
    0x4c, 0x3, 0xff, 0x82, 0xe0, 0x1e, 0x10, 0xf,
    0xfe, 0x8, 0x80, 0x7f, 0xf4, 0x44, 0x3, 0xff,
    0x82, 0x20, 0x1e, 0x30, 0xf, 0xfe, 0x9, 0x80,
    0x7f, 0xf4, 0x7c, 0x3, 0xff, 0x82, 0x60, 0x1e,
    0x10, 0xf, 0xfe, 0x8, 0x80, 0x7f, 0xf4, 0x44,
    0x3, 0xff, 0x82, 0x20, 0x1e, 0xf0, 0xf, 0xfe,
    0xf, 0x80, 0x7f, 0xf4, 0x4c, 0x3, 0xff, 0x83,
    0xe0, 0x1e, 0x10, 0xf, 0xfe, 0x8, 0x80, 0x7f,
    0xf4, 0x44, 0x3, 0xff, 0x82, 0x20, 0x1e, 0x30,
    0xf, 0xfe, 0x9, 0x80, 0x7f, 0xf4, 0x5c, 0x3,
    0xff, 0x90, 0x20, 0x1f, 0xfc, 0x11, 0x0, 0xff,
    0xe8, 0x88, 0x7, 0xff, 0x4, 0xc0, 0x3c, 0xe0,
    0x1f, 0xfc, 0x17, 0x0, 0xff, 0xe8, 0x98, 0x7,
    0xff, 0x4, 0x40, 0x3c, 0x20, 0x1f, 0xfc, 0x11,
    0x0, 0xff, 0xe8, 0x88, 0x7, 0xff, 0x5, 0xc0,
    0x3c, 0x60, 0x1f, 0xfc, 0x5, 0x20, 0xf, 0xfe,
    0x89, 0x0, 0x7f, 0xf0, 0x44, 0x3, 0xc2, 0x1,
    0xff, 0x35, 0x0, 0x7f, 0xf4, 0x94, 0x3, 0xff,
    0x82, 0x60, 0x1f, 0xfc, 0x57, 0x90, 0x4, 0x7f,
    0xff, 0xf3, 0x78, 0x1, 0x60, 0x1f, 0xfc, 0x11,
    0x0, 0xff, 0xe2, 0x44, 0x0, 0x12, 0xe0, 0x1f,
    0xfc, 0xd1, 0x30, 0x31, 0x0, 0xff, 0x88, 0x3,
    0xff, 0x89, 0x2e, 0x0, 0xa6, 0x0, 0xff, 0xe7,
    0xd8, 0x1, 0xc0, 0x3f, 0xe6, 0x0, 0xf8, 0xc0,
    0x3e, 0xa6, 0x0, 0x5a, 0x80, 0x7f, 0xf4, 0x10,
    0x1, 0xa0, 0x1f, 0xf6, 0x0, 0x7c, 0xa0, 0x1e,
    0xb5, 0x0, 0x5a, 0x0, 0x7f, 0xf4, 0x4c, 0x41,
    0x0, 0x3f, 0xe5, 0x0, 0xfb, 0x40, 0x30, 0xe2,
    0x0, 0x31, 0x0, 0x3f, 0xfa, 0x6e, 0x0, 0x50,
    0xf, 0xe4, 0x20, 0xf, 0x90, 0x40, 0x3, 0x86,
    0x3, 0x86, 0x1, 0xff, 0xd4, 0xc0, 0x7, 0x80,
    0x7f, 0x78, 0x7, 0xf5, 0x81, 0x61, 0x0, 0xe1,
    0x80, 0x7f, 0xf5, 0x54, 0x0, 0xa0, 0x1f, 0x95,
    0x0, 0x3f, 0x95, 0xb0, 0x80, 0xb0, 0x80, 0x3f,
    0xfa, 0xe8, 0x0, 0x40, 0xf, 0x15, 0x80, 0x7f,
    0xd2, 0x20, 0x58, 0x40, 0x1f, 0xfd, 0x8c, 0x0,
    0x68, 0x7, 0xf, 0x88, 0x7, 0xff, 0x4, 0xf0,
    0x40, 0x3f, 0xfb, 0x2a, 0x0, 0x70, 0xc, 0x7e,
    0x40, 0x1f, 0xfc, 0x22, 0x50, 0xf, 0xfe, 0xd1,
    0x10, 0x4, 0xc0, 0x11, 0x82, 0x1, 0xff, 0xc3,
    0x1b, 0xa3, 0x0, 0xff, 0xec, 0xa0, 0x2, 0xdb,
    0x9c, 0x3, 0xff, 0x8e, 0xb9, 0x88, 0x42, 0x0,
    0xff, 0xea, 0xe8, 0x1, 0xe4, 0x40, 0x3f, 0xf8,
    0x20,

    /* U+0058 "X" */
    0x0, 0xff, 0x8d, 0xef, 0x7b, 0xff, 0xff, 0xa7,
    0xb2, 0x1, 0xfe, 0x5c, 0xc4, 0x21, 0x8, 0x7,
    0xff, 0x4c, 0xbc, 0x3, 0xf1, 0x65, 0x18, 0x7,
    0xff, 0x60, 0x58, 0x3, 0xf4, 0x18, 0x7, 0xff,
    0x69, 0x80, 0x3f, 0xa9, 0x0, 0x3f, 0xfb, 0x52,
    0x1, 0xfe, 0xb3, 0x0, 0xff, 0xec, 0x28, 0x80,
    0x7f, 0xda, 0x60, 0x1f, 0xfd, 0x7e, 0x0, 0xff,
    0xe0, 0xe, 0x90, 0x7, 0xff, 0x54, 0x90, 0x3,
    0xff, 0x82, 0x38, 0x40, 0x1f, 0xfd, 0x4b, 0x0,
    0xff, 0xe1, 0x8f, 0x88, 0x7, 0xff, 0x48, 0x58,
    0x3, 0xff, 0x88, 0x58, 0x20, 0x1f, 0xfd, 0x16,
    0x0, 0xff, 0xe3, 0x16, 0x80, 0x7f, 0xf4, 0x68,
    0x3, 0xff, 0x8e, 0x78, 0x1, 0xff, 0xcf, 0x42,
    0x0, 0xff, 0xe4, 0x1d, 0x80, 0x7f, 0xf3, 0xbc,
    0x3, 0xff, 0x94, 0x9f, 0xff, 0xfc, 0xe4, 0x0,
    0xff, 0xff, 0x80, 0x7f, 0xff, 0xc0, 0x3f, 0xff,
    0xe0, 0x1f, 0xff, 0xf0, 0xf, 0xff, 0xf8, 0x7,
    0xff, 0xfc, 0x3, 0xff, 0xfe, 0x1, 0xff, 0xff,
    0x0, 0xff, 0xff, 0x80, 0x7f, 0xff, 0xc0, 0x3f,
    0xff, 0xe0, 0x1f, 0xff, 0xf0, 0xf, 0xff, 0xf8,
    0x7, 0xff, 0xfc, 0x3, 0xff, 0xfe, 0x1, 0xff,
    0xff, 0x0, 0xff, 0xff, 0x80, 0x7f, 0xff, 0xc0,
    0x3f, 0xff, 0xe0, 0x1f, 0xff, 0xf0, 0xf, 0xff,
    0xf8, 0x7, 0xff, 0xfc, 0x3, 0xff, 0xf5, 0x3f,
    0xff, 0xfc, 0xe9, 0x0, 0xff, 0xe4, 0x16, 0xb0,
    0x7, 0xff, 0x39, 0xb0, 0x40, 0x3f, 0xf8, 0xad,
    0xa4, 0x1, 0xff, 0xd0, 0x3f, 0x30, 0xf, 0xfe,
    0x10, 0xdc, 0x80, 0x7f, 0xf4, 0xc7, 0x18, 0x3,
    0xff, 0x80, 0x9e, 0x80, 0x1f, 0xfd, 0x69, 0xa0,
    0xf, 0xf4, 0x58, 0x80, 0x7f, 0xf6, 0x17, 0x4,
    0x3, 0xc5, 0x8e, 0x1, 0xff, 0xdb, 0x3f, 0x40,
    0xf, 0x8, 0x7, 0xff, 0x74, 0xdc, 0x3, 0x8b,
    0x54, 0x3, 0xff, 0xb6, 0xba, 0x60, 0x1f, 0x54,
    0x0, 0x7f, 0xf6, 0x66, 0x80, 0x3f, 0xcf, 0x62,
    0x1, 0xff, 0xd5, 0x3d, 0x60, 0xf, 0xfe, 0x2,
    0x61, 0x80, 0x7f, 0xf4, 0xdf, 0x8, 0x3, 0xff,
    0x84, 0x58, 0xa0, 0x1f, 0xfd, 0x1, 0xb8, 0x0,
    0xff, 0xe3, 0x54, 0x0, 0x7f, 0xf3, 0x93, 0xd0,
    0x3, 0xff, 0x90, 0xff, 0xff, 0xfc, 0xeb, 0x10,
    0xf, 0xff, 0xf8, 0x7, 0xff, 0xfc, 0x3, 0xff,
    0xfe, 0x1, 0xff, 0xff, 0x0, 0xff, 0xff, 0x80,
    0x7f, 0xff, 0xc0, 0x3f, 0xff, 0xe0, 0x1f, 0xff,
    0xf0, 0xf, 0xff, 0xf8, 0x7, 0xff, 0xfc, 0x3,
    0xff, 0xfe, 0x1, 0xff, 0xff, 0x0, 0xff, 0xff,
    0x80, 0x7f, 0xff, 0xc0, 0x3f, 0xff, 0xe0, 0x1f,
    0xff, 0xf0, 0xf, 0xff, 0xf8, 0x7, 0xff, 0xfc,
    0x3, 0xff, 0xfe, 0x1, 0xff, 0xff, 0x0, 0xff,
    0xff, 0x80, 0x7f, 0xff, 0xc0, 0x3f, 0xff, 0x31,
    0xff, 0xff, 0xcd, 0xe0, 0xf, 0xfe, 0x54, 0xb8,
    0x7, 0xff, 0x34, 0x4c, 0x3, 0xff, 0x91, 0x4c,
    0x1, 0xff, 0xcf, 0xb0, 0xf, 0xfe, 0x3d, 0xa8,
    0x7, 0xff, 0x41, 0x0, 0x3f, 0xf8, 0xd6, 0x80,
    0x1f, 0xfd, 0x13, 0x10, 0xf, 0xfe, 0x26, 0x20,
    0x7, 0xff, 0x4d, 0xc0, 0x3f, 0xf8, 0x43, 0x86,
    0x1, 0xff, 0xd4, 0xc0, 0xf, 0xfe, 0x8, 0xe1,
    0x80, 0x7f, 0xf5, 0x54, 0x3, 0xff, 0x80, 0x58,
    0x40, 0x1f, 0xfd, 0x74, 0x0, 0xff, 0x16, 0x10,
    0x7, 0xff, 0x63, 0x0, 0x3f, 0x8f, 0x4, 0x3,
    0xff, 0xb2, 0xa0, 0x1f, 0xc4, 0xa0, 0x1f, 0xfd,
    0xa2, 0x20, 0x7, 0xe1, 0xba, 0x30, 0xf, 0xfe,
    0xca, 0x0, 0x7f, 0x97, 0x31, 0x8, 0x40, 0x1f,
    0xfd, 0x5d, 0x0, 0xfc,

    /* U+0059 "Y" */
    0x0, 0xff, 0xf4, 0xc3, 0x0, 0x7f, 0xfb, 0xc5,
    0xe7, 0x4c, 0x3, 0xff, 0xda, 0xc0, 0x2, 0xc5,
    0x0, 0xff, 0xf6, 0x48, 0x6, 0xa5, 0x0, 0xfe,
    0x44, 0x0, 0x7f, 0xf7, 0xd4, 0x40, 0x3a, 0x88,
    0x3, 0xe1, 0xab, 0x40, 0xf, 0xfe, 0xf4, 0x80,
    0x7d, 0xc0, 0x1f, 0x50, 0x85, 0x98, 0x7, 0xff,
    0x70, 0xcc, 0x1, 0xf1, 0xa0, 0x7, 0x1a, 0x0,
    0x5a, 0x60, 0x1f, 0xfd, 0xb9, 0x0, 0xfe, 0xe0,
    0xe, 0x80, 0xc, 0x3a, 0x40, 0x1f, 0xfd, 0x91,
    0x50, 0xf, 0xe4, 0x0, 0xe4, 0x0, 0xe1, 0xc2,
    0x0, 0xff, 0xec, 0x30, 0x7, 0xf8, 0x44, 0x1,
    0x28, 0x7, 0xc3, 0xe2, 0x1, 0xff, 0xd7, 0x90,
    0xf, 0xf8, 0x80, 0x22, 0x0, 0xfc, 0x58, 0x20,
    0x1f, 0xfd, 0x55, 0x10, 0xf, 0xf9, 0xc0, 0x2d,
    0x0, 0xfe, 0x2d, 0x10, 0xf, 0xfe, 0xa4, 0x80,
    0x7f, 0xf1, 0x4, 0x3, 0xfc, 0x7a, 0x1, 0xff,
    0xd3, 0x33, 0x0, 0x7f, 0xf1, 0x1c, 0x3, 0xfe,
    0x3b, 0x0, 0xff, 0xe9, 0x48, 0x7, 0xff, 0x5,
    0xc0, 0x21, 0x0, 0xff, 0xe0, 0x21, 0x0, 0x7f,
    0xf4, 0x50, 0x3, 0xff, 0x82, 0x20, 0x11, 0x80,
    0x7f, 0xf0, 0x4c, 0x3, 0xff, 0xa2, 0x20, 0x1f,
    0xfc, 0x13, 0x0, 0x84, 0x3, 0xff, 0x82, 0x20,
    0x1f, 0xfd, 0xf1, 0x0, 0xff, 0xf1, 0x8, 0x7,
    0xff, 0x14, 0x40, 0x3f, 0xf8, 0x22, 0x1, 0xff,
    0xd1, 0x30, 0xf, 0xfe, 0x8, 0x80, 0x46, 0x1,
    0xff, 0xc1, 0x30, 0xf, 0xfe, 0x8b, 0x0, 0x7f,
    0xf0, 0x4c, 0x2, 0x10, 0xf, 0xfe, 0x8, 0x80,
    0x7f, 0xf4, 0x44, 0x3, 0xff, 0x82, 0x20, 0x13,
    0x80, 0x7f, 0xf0, 0x5c, 0x3, 0xff, 0xa2, 0x60,
    0x1f, 0xfc, 0x17, 0x0, 0x84, 0x3, 0xff, 0x82,
    0x20, 0x1f, 0xfd, 0x11, 0x0, 0xff, 0xe0, 0x88,
    0x4, 0x60, 0x1f, 0xfc, 0x13, 0x0, 0xff, 0xe8,
    0xf8, 0x7, 0xff, 0x4, 0xc0, 0x21, 0x0, 0xff,
    0xe0, 0x88, 0x7, 0xff, 0x44, 0x40, 0x3f, 0xf8,
    0x22, 0x1, 0x78, 0x7, 0xff, 0x7, 0xc0, 0x3f,
    0xfa, 0x26, 0x1, 0xff, 0xc1, 0xf0, 0x8, 0x80,
    0x3f, 0xf8, 0x22, 0x1, 0xff, 0xd1, 0x10, 0xf,
    0xfe, 0x8, 0x80, 0x42, 0x1, 0xff, 0xc1, 0x30,
    0xf, 0xfe, 0x8b, 0x80, 0x7f, 0xf0, 0x48, 0x2,
    0x70, 0xf, 0xfe, 0x8, 0x80, 0x7f, 0xf4, 0x44,
    0x3, 0xff, 0x82, 0xe0, 0x10, 0x80, 0x7f, 0xf0,
    0x5c, 0x3, 0xff, 0xa2, 0x60, 0x1f, 0xfc, 0x11,
    0x0, 0x8c, 0x3, 0xff, 0x82, 0x20, 0x1f, 0xfd,
    0x11, 0x0, 0xff, 0xe0, 0x98, 0x4, 0x20, 0x1f,
    0xfc, 0x13, 0x0, 0xff, 0xef, 0x88, 0x7, 0xff,
    0x14, 0x40, 0x3f, 0xfa, 0x2, 0x1, 0xff, 0xc5,
    0x10, 0xf, 0xfe, 0x8, 0x80, 0x7f, 0xf4, 0x4c,
    0x3, 0xff, 0x82, 0x20, 0x11, 0x80, 0x7f, 0xf0,
    0x4c, 0x3, 0xff, 0xa2, 0xc0, 0x1f, 0xfc, 0x13,
    0x0, 0x84, 0x3, 0xff, 0x82, 0x20, 0x1f, 0xfd,
    0x11, 0x0, 0xff, 0xe0, 0x88, 0x4, 0xe0, 0x1f,
    0xfc, 0x17, 0x0, 0xff, 0xe8, 0x98, 0x7, 0xff,
    0x5, 0xc0, 0x21, 0x0, 0xff, 0xe0, 0x88, 0x7,
    0xff, 0x44, 0x40, 0x3f, 0xf8, 0x22, 0x1, 0x18,
    0x7, 0xff, 0x4, 0xc0, 0x3f, 0xfa, 0x3e, 0x1,
    0xff, 0xc1, 0x30, 0x8, 0x40, 0x3f, 0xf8, 0x22,
    0x1, 0xff, 0xd1, 0x10, 0xf, 0xfe, 0x8, 0x80,
    0x5e, 0x1, 0xff, 0xc1, 0xf0, 0xf, 0xfe, 0x89,
    0x80, 0x7f, 0xf0, 0x7c, 0x2, 0x10, 0xf, 0xfe,
    0x8, 0x80, 0x7f, 0xf4, 0x44, 0x3, 0xff, 0x82,
    0x20, 0x11, 0x80, 0x7f, 0xf0, 0x4c, 0x3, 0xff,
    0xa2, 0xe0, 0x1f, 0xfc, 0x13, 0x0, 0x84, 0x3,
    0xff, 0x82, 0x20, 0x1f, 0xfd, 0x11, 0x0, 0xff,
    0xe0, 0x88, 0x4, 0xe0, 0x1f, 0xfc, 0x17, 0x0,
    0xff, 0xe8, 0x98, 0x7, 0xff, 0x5, 0xc0, 0x21,
    0x0, 0xff, 0xe0, 0x31, 0x80, 0x7f, 0xf4, 0x60,
    0x3, 0xff, 0x82, 0x20, 0x11, 0x80, 0x7f, 0x86,
    0xe4, 0x3, 0xff, 0xa4, 0xd8, 0x20, 0x1f, 0xf1,
    0x80, 0x42, 0x1, 0xfc, 0x9e, 0x80, 0x9, 0xff,
    0xff, 0xe7, 0x48, 0x0, 0xfc, 0xc0, 0x3f, 0xc2,
    0x1, 0x10, 0x7, 0xe8, 0xb1, 0x2, 0xd6, 0x0,
    0xff, 0xe7, 0x36, 0x8, 0xe, 0x30, 0x7, 0xe3,
    0x0, 0xda, 0xa0, 0x1c, 0x58, 0xe0, 0x6, 0xd2,
    0x0, 0xff, 0xe8, 0x1f, 0x98, 0x2, 0x68, 0x3,
    0xcf, 0x80, 0x1d, 0x50, 0x1, 0x2e, 0x98, 0xd,
    0xc8, 0x7, 0xff, 0x4c, 0x71, 0x80, 0xb, 0xa4,
    0x0, 0x1b, 0x80, 0xf, 0x9e, 0xc6, 0xa8, 0x0,
    0x4f, 0x40, 0xf, 0xfe, 0xb4, 0xd0, 0x0, 0xb1,
    0x11, 0xe8, 0x1, 0xfc, 0x9c, 0xa0, 0x8, 0xb1,
    0x0, 0xff, 0xec, 0x2e, 0x8, 0xd, 0xd8, 0x40,
    0x3f, 0xf8, 0x25, 0x8e, 0x1, 0xff, 0xdb, 0x3f,
    0x40, 0xf, 0xfe, 0x30, 0x80, 0x7f, 0xf7, 0x4d,
    0xc0, 0x3f, 0xf8, 0xa5, 0xaa, 0x1, 0xff, 0xdb,
    0x5d, 0x30, 0xf, 0xfe, 0x3d, 0x40, 0x7, 0xff,
    0x66, 0x68, 0x0, 0x58, 0xa0, 0x1f, 0xfc, 0x57,
    0xb1, 0x0, 0xff, 0xea, 0x9e, 0xb0, 0x1, 0x74,
    0xea, 0x0, 0x3f, 0xf8, 0xa9, 0x86, 0x1, 0xff,
    0xd3, 0x7c, 0x20, 0x5, 0x50, 0x2, 0x7b, 0x0,
    0xff, 0xe2, 0x96, 0x28, 0x7, 0xff, 0x40, 0x6e,
    0x0, 0x7, 0xaa, 0x1, 0xc9, 0xa2, 0x1, 0xff,
    0xc5, 0xa8, 0x0, 0xff, 0xe7, 0x27, 0xa0, 0x1,
    0xf0, 0x80, 0x3e, 0x23, 0x0, 0xff, 0xe3, 0x3f,
    0xff, 0xff, 0x3a, 0xc4, 0x6, 0xe0, 0x3, 0xfc,
    0x60, 0x1f, 0xfe, 0x34, 0xf4, 0x0, 0xff, 0xf7,
    0xd8, 0x80, 0x7f, 0xf0, 0x4, 0x3, 0xff, 0xc4,
    0x20, 0x1f, 0xff, 0x13, 0x0, 0xff, 0xe0, 0x88,
    0x7, 0xff, 0x8c, 0x40, 0x3f, 0xf8, 0x26, 0x1,
    0xff, 0xe3, 0x70, 0xf, 0xfe, 0x8, 0x80, 0x7f,
    0xf8, 0xc4, 0x3, 0xff, 0x82, 0xe0, 0x1f, 0xfe,
    0x33, 0x0, 0xff, 0xe0, 0x88, 0x7, 0xff, 0x8c,
    0x40, 0x3f, 0xf8, 0x26, 0x1, 0xff, 0xe3, 0xf0,
    0xf, 0xfe, 0x8, 0x80, 0x7f, 0xf8, 0xc4, 0x3,
    0xff, 0x83, 0xe0, 0x1f, 0xfe, 0x33, 0x0, 0xff,
    0xe0, 0x88, 0x7, 0xff, 0x8c, 0x40, 0x3f, 0xf8,
    0x26, 0x1, 0xff, 0xe3, 0x70, 0xf, 0xfe, 0x8,
    0x80, 0x7f, 0xf8, 0xc4, 0x3, 0xff, 0x82, 0xe0,
    0x1f, 0xfe, 0x33, 0x0, 0xff, 0xe0, 0x88, 0x7,
    0xff, 0x8c, 0x40, 0x3f, 0xf8, 0x26, 0x1, 0xff,
    0xf1, 0x10, 0xf, 0xff, 0x11, 0x0, 0x7f, 0xfc,
    0x44, 0x3, 0xff, 0x82, 0x20, 0x1f, 0xfe, 0x37,
    0x0, 0xff, 0xe0, 0x98, 0x7, 0xff, 0x8c, 0x40,
    0x3f, 0xf8, 0x22, 0x1, 0xff, 0xe3, 0x30, 0xf,
    0xfe, 0xb, 0x80, 0x7f, 0xf8, 0xc4, 0x3, 0xff,
    0x82, 0x20, 0x1f, 0xfe, 0x3f, 0x0, 0xff, 0xe0,
    0x98, 0x7, 0xff, 0x8c, 0x40, 0x3f, 0xf8, 0x22,
    0x1, 0xff, 0xe3, 0x30, 0xf, 0xfe, 0xf, 0x80,
    0x7f, 0xf8, 0xc4, 0x3, 0xff, 0x82, 0x20, 0x1f,
    0xfe, 0x37, 0x0, 0xff, 0xf8, 0x88, 0x7, 0xff,
    0x4, 0xc0, 0x3f, 0xfc, 0x66, 0x1, 0xff, 0xc1,
    0x10, 0xf, 0xff, 0x18, 0x80, 0x7f, 0xf0, 0x5c,
    0x3, 0xff, 0xc6, 0x40, 0x1f, 0xfc, 0x11, 0x0,
    0xff, 0xf1, 0xa8, 0x7, 0xff, 0x4, 0xc0, 0x3f,
    0xf8, 0xd1, 0xff, 0xff, 0xcd, 0xe0, 0x5, 0x80,
    0x7f, 0xf0, 0x44, 0x3, 0xff, 0x8b, 0x2e, 0x1,
    0xff, 0xcd, 0x13, 0x3, 0x10, 0xf, 0xf8, 0x80,
    0x3f, 0xf8, 0xb4, 0xc0, 0x1f, 0xfc, 0xfb, 0x0,
    0x38, 0x7, 0xfc, 0xc0, 0x1f, 0xfc, 0x4b, 0x50,
    0xf, 0xfe, 0x82, 0x0, 0x34, 0x3, 0xfe, 0xc0,
    0xf, 0xfe, 0x1d, 0xa0, 0x7, 0xff, 0x44, 0xc4,
    0x10, 0x3, 0xfe, 0x50, 0xf, 0xfe, 0x16, 0x20,
    0x7, 0xff, 0x4d, 0xc0, 0xa, 0x1, 0xfc, 0x84,
    0x1, 0xff, 0xc0, 0x1c, 0x30, 0xf, 0xfe, 0xa6,
    0x0, 0x3c, 0x3, 0xfb, 0xc0, 0x3f, 0xf8, 0x3,
    0x86, 0x1, 0xff, 0xd5, 0x50, 0x2, 0x80, 0x7e,
    0x54, 0x0, 0xff, 0x8b, 0x8, 0x3, 0xff, 0xae,
    0x80, 0x4, 0x0, 0xf1, 0x58, 0x7, 0xfc, 0x58,
    0x40, 0x1f, 0xfd, 0x8c, 0x0, 0x68, 0x7, 0xf,
    0x88, 0x7, 0xf8, 0xf0, 0x40, 0x3f, 0xfb, 0x2a,
    0x0, 0x70, 0xc, 0x7e, 0x40, 0x1f, 0xf1, 0x28,
    0x7, 0xff, 0x68, 0x88, 0x2, 0x60, 0x8, 0xc1,
    0x0, 0xff, 0xe0, 0xd, 0xd1, 0x80, 0x7f, 0xf6,
    0x50, 0x1, 0x6d, 0xce, 0x1, 0xff, 0xc4, 0x5c,
    0xc4, 0x21, 0x0, 0x7f, 0xf5, 0x74, 0x0, 0xf2,
    0x20, 0x1f, 0xfc, 0x10,

    /* U+005A "Z" */
    0x0, 0xff, 0xe2, 0x1b, 0xde, 0xf7, 0xff, 0xff,
    0x4f, 0x64, 0x3, 0xff, 0x9a, 0xb9, 0x88, 0x42,
    0x10, 0xf, 0xfe, 0x99, 0x78, 0x1, 0xd4, 0x3,
    0xff, 0x8e, 0x59, 0x46, 0x1, 0xff, 0xd8, 0x16,
    0x1, 0x8a, 0xc2, 0x0, 0xff, 0xe2, 0xc1, 0x80,
    0x7f, 0xf6, 0x98, 0x0, 0xc0, 0x3, 0xd4, 0x0,
    0xff, 0xe2, 0x52, 0x0, 0x7f, 0xf6, 0xa4, 0x1,
    0x40, 0x1a, 0xd0, 0x3, 0xff, 0x89, 0x66, 0x1,
    0xff, 0xd8, 0x51, 0x4, 0x20, 0xe, 0xb2, 0x0,
    0xff, 0xe2, 0x69, 0x80, 0x7f, 0xf5, 0xf8, 0x1,
    0xe0, 0x1f, 0x48, 0x7, 0xff, 0x10, 0x74, 0x80,
    0x3f, 0xfa, 0xa4, 0x80, 0x48, 0x1, 0xf2, 0x18,
    0x7, 0xff, 0x10, 0x70, 0x80, 0x3f, 0xfa, 0x96,
    0x0, 0xb0, 0xf, 0xea, 0x0, 0xff, 0xe2, 0x8f,
    0x88, 0x7, 0xff, 0x48, 0x58, 0x0, 0xc0, 0x1f,
    0xce, 0x1, 0xff, 0xc6, 0x2c, 0x10, 0xf, 0xfe,
    0x8b, 0x0, 0x1c, 0x3, 0xfc, 0x22, 0x0, 0xff,
    0xe3, 0x16, 0x80, 0x7f, 0xf4, 0x68, 0x1, 0x40,
    0x1f, 0xf1, 0x0, 0x7f, 0xf1, 0xcf, 0x0, 0x3f,
    0xf9, 0xe8, 0x40, 0x84, 0x1, 0xff, 0x38, 0x7,
    0xff, 0x20, 0xec, 0x3, 0xff, 0x9d, 0xe0, 0xf,
    0x0, 0xff, 0xeb, 0x27, 0xff, 0xff, 0x39, 0x0,
    0x90, 0x3, 0xff, 0xe7, 0x60, 0x1f, 0xfc, 0x17,
    0x0, 0xff, 0xf3, 0x38, 0x7, 0xff, 0x4, 0x40,
    0x3f, 0xfc, 0xc2, 0x1, 0xff, 0xc1, 0x30, 0xf,
    0xff, 0xa0, 0x80, 0x7f, 0xf9, 0x44, 0x3, 0xff,
    0xe8, 0x60, 0x1f, 0xfc, 0x11, 0x0, 0xff, 0xf3,
    0x8, 0x7, 0xff, 0x4, 0xc0, 0x3f, 0xfc, 0xce,
    0x1, 0xff, 0xc1, 0x10, 0xf, 0xff, 0x31, 0x0,
    0x7f, 0xf0, 0x5c, 0x3, 0xff, 0xcc, 0x20, 0x1f,
    0xfc, 0x11, 0x0, 0xff, 0xf3, 0x78, 0x7, 0xff,
    0x4, 0xc0, 0x3f, 0xfc, 0xc2, 0x1, 0xff, 0xc1,
    0x10, 0xf, 0xff, 0x31, 0x80, 0x7f, 0xf0, 0x7c,
    0x3, 0xff, 0xcc, 0x20, 0x1f, 0xfc, 0x11, 0x0,
    0xff, 0xf3, 0x38, 0x7, 0xff, 0x4, 0xc0, 0x3f,
    0xfc, 0xc2, 0x1, 0xff, 0xc1, 0x10, 0xf, 0xff,
    0x31, 0x80, 0x7f, 0xf0, 0x58, 0x3, 0xff, 0xcc,
    0x20, 0x1f, 0xfc, 0x13, 0x0, 0xff, 0xfa, 0x8,
    0x7, 0xff, 0x94, 0x40, 0x3f, 0xfe, 0x86, 0x1,
    0xff, 0xc1, 0x10, 0xf, 0xff, 0x30, 0x80, 0x7f,
    0xf0, 0x4c, 0x3, 0xff, 0xcc, 0xc0, 0x1f, 0xfc,
    0x11, 0x0, 0xff, 0xf3, 0x18, 0x7, 0xff, 0x5,
    0xc0, 0x3f, 0xfc, 0xc2, 0x1, 0xff, 0xc1, 0x10,
    0xf, 0xff, 0x37, 0x80, 0x7f, 0xf0, 0x4c, 0x3,
    0xff, 0xcc, 0x20, 0x1f, 0xfc, 0x11, 0x0, 0xff,
    0xf3, 0x18, 0x7, 0xff, 0x7, 0xc0, 0x3f, 0xfc,
    0xc2, 0x1, 0xff, 0xc1, 0x10, 0xf, 0xff, 0x33,
    0x80, 0x7f, 0xf0, 0x4c, 0x3, 0xff, 0xcc, 0x20,
    0x1f, 0xfc, 0x11, 0x0, 0xff, 0xf3, 0x18, 0x7,
    0xff, 0x5, 0xc0, 0x3f, 0xfc, 0xd2, 0x1, 0xff,
    0xc1, 0x10, 0xf, 0xff, 0x33, 0xe0, 0x80, 0x7f,
    0xc6, 0x1, 0xff, 0xc9, 0x9f, 0xff, 0xfe, 0x74,
    0x80, 0xf, 0xcc, 0x3, 0xfc, 0x20, 0x1f, 0xfc,
    0x72, 0xd6, 0x0, 0xff, 0xe7, 0x36, 0x8, 0xe,
    0x30, 0x7, 0xe3, 0x0, 0xff, 0xe3, 0xb6, 0x90,
    0x7, 0xff, 0x40, 0xfc, 0xc0, 0x13, 0x40, 0x1e,
    0x7c, 0x0, 0xff, 0xe2, 0x8d, 0xc8, 0x7, 0xff,
    0x4c, 0x71, 0x80, 0xb, 0x84, 0x0, 0x1b, 0x80,
    0xf, 0xfe, 0x2a, 0x7a, 0x0, 0x7f, 0xf5, 0xa6,
    0x80, 0x7, 0x88, 0x8f, 0x40, 0xf, 0xfe, 0x2c,
    0x58, 0x80, 0x7f, 0xf6, 0x17, 0x4, 0x6, 0xec,
    0x20, 0x1f, 0xfc, 0x42, 0xc7, 0x0, 0xff, 0xed,
    0x9f, 0xa0, 0x7, 0xff, 0x24, 0x40, 0x3f, 0xfb,
    0xa6, 0xe0, 0x1f, 0xfc, 0x82, 0xd5, 0x0, 0xff,
    0xed, 0xae, 0x98, 0x7, 0xff, 0x15, 0xec, 0x40,
    0x15, 0x0, 0x1f, 0xfd, 0x99, 0xa0, 0xf, 0xfe,
    0x28, 0xdc, 0x26, 0x18, 0x1, 0xec, 0x40, 0x3f,
    0xfa, 0xa7, 0xac, 0x1, 0xff, 0xc5, 0x4f, 0x40,
    0x1, 0x63, 0x0, 0x13, 0xc, 0x3, 0xff, 0xa6,
    0xf8, 0x40, 0x1f, 0xfc, 0x57, 0xb1, 0x0, 0xe9,
    0x90, 0x0, 0xb1, 0x40, 0x3f, 0xfa, 0x3, 0x70,
    0x1, 0xff, 0xc7, 0xa0, 0xf, 0xcd, 0x82, 0x0,
    0xa8, 0x0, 0xff, 0xe7, 0x27, 0xa0, 0x7, 0xff,
    0x20, 0xc0, 0x3f, 0x8f, 0xd0, 0x0, 0xff, 0xff,
    0xfc, 0xeb, 0x10, 0xf, 0xfe, 0x48, 0x80, 0x7f,
    0x86, 0xdc, 0x3, 0xff, 0xe9, 0x2, 0x1, 0xff,
    0xf4, 0x10, 0xf, 0xff, 0x28, 0x80, 0x7f, 0xfd,
    0xc, 0x3, 0xff, 0x82, 0x20, 0x1f, 0xfe, 0x61,
    0x0, 0xff, 0xe0, 0x98, 0x7, 0xff, 0x99, 0xc0,
    0x3f, 0xf8, 0x22, 0x1, 0xff, 0xe6, 0x10, 0xf,
    0xfe, 0xb, 0x80, 0x7f, 0xf9, 0x8c, 0x3, 0xff,
    0x82, 0x20, 0x1f, 0xfe, 0x61, 0x0, 0xff, 0xe0,
    0x98, 0x7, 0xff, 0x9b, 0xc0, 0x3f, 0xf8, 0x22,
    0x1, 0xff, 0xe6, 0x10, 0xf, 0xfe, 0xf, 0x80,
    0x7f, 0xf9, 0x8c, 0x3, 0xff, 0x82, 0x20, 0x1f,
    0xfe, 0x61, 0x0, 0xff, 0xe0, 0x98, 0x7, 0xff,
    0x99, 0xc0, 0x3f, 0xf8, 0x22, 0x1, 0xff, 0xe6,
    0x10, 0xf, 0xfe, 0xb, 0x0, 0x7f, 0xf9, 0x8c,
    0x3, 0xff, 0x82, 0x60, 0x1f, 0xfe, 0x61, 0x0,
    0xff, 0xe0, 0x88, 0x7, 0xff, 0xfc, 0x3, 0xff,
    0xb6, 0x20, 0x1f, 0xfc, 0x11, 0x0, 0xff, 0xf3,
    0x18, 0x7, 0xff, 0x4, 0xc0, 0x3f, 0xfc, 0xc2,
    0x1, 0xff, 0xc1, 0x10, 0xf, 0xff, 0x33, 0x80,
    0x7f, 0xf0, 0x5c, 0x3, 0xff, 0xcc, 0x20, 0x1f,
    0xfc, 0x11, 0x0, 0xff, 0xf3, 0x18, 0x7, 0xff,
    0x4, 0xc0, 0x3f, 0xfc, 0xc2, 0x1, 0xff, 0xc1,
    0x10, 0xf, 0xff, 0x37, 0x80, 0x7f, 0xf0, 0x7c,
    0x3, 0xff, 0xcc, 0x20, 0x1f, 0xfc, 0x11, 0x0,
    0xff, 0xf3, 0x18, 0x7, 0xff, 0x4, 0xc0, 0x3f,
    0xfc, 0xc2, 0x1, 0xff, 0xc1, 0x10, 0xf, 0xff,
    0x33, 0x80, 0x7f, 0xf0, 0x5c, 0x3, 0xff, 0xcc,
    0x20, 0x1f, 0xfc, 0x11, 0x0, 0xff, 0xf3, 0x18,
    0x7, 0xff, 0x1, 0x48, 0x3, 0xff, 0xcc, 0x20,
    0x1f, 0xf3, 0x50, 0x7, 0xff, 0xc9, 0xe4, 0x1,
    0x1f, 0xff, 0xfc, 0xde, 0x0, 0xff, 0xea, 0xc4,
    0x0, 0x12, 0xe0, 0x1f, 0xfc, 0xd1, 0x30, 0xf,
    0xfe, 0x9c, 0xb8, 0x2, 0x98, 0x3, 0xff, 0x9f,
    0x60, 0x1f, 0xfc, 0xa3, 0x0, 0xfa, 0x98, 0x1,
    0x6a, 0x1, 0xff, 0xd0, 0x40, 0xf, 0xfe, 0x52,
    0x80, 0x7a, 0xd4, 0x1, 0x68, 0x1, 0xff, 0xd1,
    0x31, 0x0, 0xff, 0xe4, 0xe8, 0x6, 0x1c, 0x40,
    0x6, 0x20, 0x7, 0xff, 0x4d, 0xc0, 0x3f, 0xf9,
    0x28, 0x20, 0x1, 0xc3, 0x1, 0xc3, 0x0, 0xff,
    0xea, 0x60, 0x7, 0xff, 0x2a, 0xc0, 0xb0, 0x80,
    0x70, 0xc0, 0x3f, 0xfa, 0xaa, 0x1, 0xff, 0xca,
    0x56, 0xc2, 0x2, 0xc2, 0x0, 0xff, 0xeb, 0xa0,
    0x7, 0xff, 0x2a, 0x44, 0xb, 0x8, 0x3, 0xff,
    0xb1, 0x80, 0x1f, 0xfc, 0xc3, 0xc1, 0x0, 0xff,
    0xec, 0xa8, 0x7, 0xff, 0x30, 0x94, 0x3, 0xff,
    0xb4, 0x44, 0x0, 0xff, 0xe5, 0x8d, 0xd1, 0x80,
    0x7f, 0xf6, 0x50, 0x3, 0xff, 0x9a, 0xb9, 0x88,
    0x42, 0x0, 0xff, 0xea, 0xe8, 0x7, 0xff, 0x18,

    /* U+005B "[" */
    0x0, 0xff, 0xe2, 0x1b, 0xde, 0xf7, 0xff, 0xff,
    0x4f, 0x64, 0x3, 0xff, 0x84, 0xb9, 0x88, 0x42,
    0x10, 0xf, 0xfe, 0x99, 0x78, 0x7, 0xff, 0x0,
    0xb2, 0x8c, 0x3, 0xff, 0xb0, 0x2c, 0x1, 0xff,
    0xc0, 0x83, 0x0, 0xff, 0xed, 0x30, 0x7, 0xff,
    0x6, 0x90, 0x3, 0xff, 0xb5, 0x20, 0x1f, 0xe3,
    0x30, 0x2, 0xcc, 0x3, 0xff, 0xb0, 0xa2, 0x1,
    0xfc, 0x3b, 0x86, 0x0, 0xd3, 0x0, 0xff, 0xeb,
    0xf0, 0x7, 0xfa, 0xc4, 0x34, 0x80, 0x74, 0x80,
    0x3f, 0xfa, 0xa4, 0x80, 0x1f, 0xc6, 0xa0, 0x1,
    0xc2, 0x1, 0xc2, 0x0, 0xff, 0xea, 0x58, 0x7,
    0xfa, 0x40, 0x30, 0xf8, 0x80, 0xf8, 0x80, 0x7f,
    0xf4, 0x85, 0x80, 0x3f, 0xca, 0x1, 0xc5, 0x82,
    0x5, 0x82, 0x1, 0xff, 0xd1, 0x60, 0xf, 0xf2,
    0x0, 0x7c, 0x5a, 0x20, 0x5a, 0x1, 0xff, 0xd1,
    0xa0, 0xf, 0xf1, 0x80, 0x7e, 0x3d, 0x0, 0x1e,
    0x0, 0x7f, 0xf3, 0xd0, 0x80, 0x3f, 0xdc, 0x1,
    0xfc, 0x76, 0x0, 0x3b, 0x0, 0xff, 0xe7, 0x78,
    0x7, 0xfc, 0x40, 0x1f, 0xe4, 0xb0, 0x2, 0x7f,
    0xff, 0xf3, 0x90, 0x3, 0xfe, 0x70, 0xf, 0xf9,
    0x28, 0x3, 0xff, 0xb8, 0x20, 0x1f, 0xfc, 0x5,
    0x20, 0xf, 0xfe, 0xd9, 0x80, 0x7f, 0xf0, 0x4c,
    0x3, 0xff, 0xb6, 0x20, 0x1f, 0xfc, 0x11, 0x0,
    0xff, 0xff, 0x80, 0x7f, 0xf1, 0x44, 0x3, 0xff,
    0x82, 0x20, 0x1f, 0xfd, 0xb3, 0x0, 0xff, 0xe0,
    0x98, 0x7, 0xff, 0x6c, 0x40, 0x3f, 0xf8, 0x22,
    0x1, 0xff, 0xdb, 0x70, 0xf, 0xfe, 0xb, 0x80,
    0x7f, 0xf6, 0xc4, 0x3, 0xff, 0x82, 0x20, 0x1f,
    0xfd, 0xb3, 0x0, 0xff, 0xe0, 0x98, 0x7, 0xff,
    0x6c, 0x40, 0x3f, 0xf8, 0x22, 0x1, 0xff, 0xdb,
    0xf0, 0xf, 0xfe, 0xf, 0x80, 0x7f, 0xf6, 0xc4,
    0x3, 0xff, 0x82, 0x20, 0x1f, 0xfd, 0xb3, 0x0,
    0xff, 0xe0, 0x98, 0x7, 0xff, 0x6d, 0x80, 0x3f,
    0xf8, 0x22, 0x1, 0xff, 0xdb, 0x10, 0xf, 0xfe,
    0xb, 0x80, 0x7f, 0xf6, 0xcc, 0x3, 0xff, 0x82,
    0x20, 0x1f, 0xfd, 0xb1, 0x0, 0xff, 0xe0, 0x98,
    0x7, 0xff, 0xa4, 0x40, 0x3f, 0xfb, 0x42, 0x1,
    0xff, 0xc1, 0x10, 0xf, 0xfe, 0xd9, 0x80, 0x7f,
    0xf0, 0x4c, 0x3, 0xff, 0xb6, 0x20, 0x1f, 0xfc,
    0x11, 0x0, 0xff, 0xed, 0xb8, 0x7, 0xff, 0x5,
    0xc0, 0x3f, 0xfb, 0x62, 0x1, 0xff, 0xc1, 0x10,
    0xf, 0xfe, 0xd9, 0x80, 0x7f, 0xf0, 0x4c, 0x3,
    0xff, 0xb6, 0x20, 0x1f, 0xfc, 0x11, 0x0, 0xff,
    0xed, 0xf8, 0x7, 0xff, 0x7, 0xc0, 0x3f, 0xfb,
    0x62, 0x1, 0xff, 0xc1, 0x10, 0xf, 0xfe, 0xd9,
    0x80, 0x7f, 0xf0, 0x4c, 0x3, 0xff, 0xb6, 0x20,
    0x1f, 0xfc, 0x11, 0x0, 0xff, 0xed, 0xb8, 0x7,
    0xff, 0x5, 0xc0, 0x3f, 0xfb, 0x62, 0x1, 0xff,
    0xc0, 0x63, 0x0, 0xff, 0xed, 0x98, 0x7, 0xf8,
    0x6a, 0x40, 0x3f, 0xfb, 0x82, 0x1, 0xfc, 0x7e,
    0xa0, 0x1f, 0xfd, 0xd2, 0x0, 0xfd, 0x18, 0x20,
    0x1f, 0xfd, 0xed, 0x40, 0xe, 0x1c, 0x70, 0xf,
    0xff, 0xd, 0xb8, 0x4, 0xbc, 0x60, 0x1f, 0xfe,
    0x38, 0xa1, 0x9a, 0x0, 0xff, 0xf3, 0x2f, 0x30,
    0x7, 0xff, 0xfc, 0x3, 0xff, 0xfe, 0x1, 0xff,
    0xf3, 0x6b, 0x10, 0xf, 0xff, 0x28, 0xdc, 0xa6,
    0x18, 0x7, 0xff, 0x8d, 0x3d, 0x0, 0x5, 0x8a,
    0x1, 0xff, 0xe1, 0x7b, 0x10, 0xe, 0xa9, 0x0,
    0xff, 0xf0, 0x50, 0x7, 0xe6, 0xc1, 0x0, 0xff,
    0xef, 0x18, 0x7, 0xf1, 0xfa, 0x0, 0x7f, 0xf7,
    0x44, 0x3, 0xfc, 0x36, 0xe0, 0x1f, 0xfe, 0x98,
    0x10, 0xf, 0xff, 0x48, 0x80, 0x7f, 0xf6, 0x84,
    0x3, 0xff, 0xd2, 0x60, 0x1f, 0xfc, 0x11, 0x0,
    0xff, 0xed, 0x88, 0x7, 0xff, 0x4, 0xc0, 0x3f,
    0xfb, 0x6e, 0x1, 0xff, 0xc1, 0x10, 0xf, 0xfe,
    0xd8, 0x80, 0x7f, 0xf0, 0x5c, 0x3, 0xff, 0xb6,
    0x60, 0x1f, 0xfc, 0x11, 0x0, 0xff, 0xed, 0x88,
    0x7, 0xff, 0x4, 0xc0, 0x3f, 0xfb, 0x7e, 0x1,
    0xff, 0xc1, 0x10, 0xf, 0xfe, 0xd8, 0x80, 0x7f,
    0xf0, 0x7c, 0x3, 0xff, 0xb6, 0x60, 0x1f, 0xfc,
    0x11, 0x0, 0xff, 0xed, 0x88, 0x7, 0xff, 0x4,
    0xc0, 0x3f, 0xfb, 0x6e, 0x1, 0xff, 0xc1, 0x10,
    0xf, 0xfe, 0xd8, 0x80, 0x7f, 0xf0, 0x58, 0x3,
    0xff, 0xb6, 0x60, 0x1f, 0xfc, 0x13, 0x0, 0xff,
    0xed, 0x88, 0x7, 0xff, 0x4, 0x40, 0x3f, 0xff,
    0xe0, 0x1f, 0xfc, 0x51, 0x0, 0xff, 0xe0, 0x88,
    0x7, 0xff, 0x6c, 0xc0, 0x3f, 0xf8, 0x26, 0x1,
    0xff, 0xdb, 0x10, 0xf, 0xfe, 0x8, 0x80, 0x7f,
    0xf6, 0xdc, 0x3, 0xff, 0x82, 0xe0, 0x1f, 0xfd,
    0xb1, 0x0, 0xff, 0xe0, 0x88, 0x7, 0xff, 0x6c,
    0xc0, 0x3f, 0xf8, 0x26, 0x1, 0xff, 0xdb, 0x10,
    0xf, 0xfe, 0x8, 0x80, 0x7f, 0xf6, 0xfc, 0x3,
    0xff, 0x83, 0xe0, 0x1f, 0xfd, 0xb1, 0x0, 0xff,
    0xe0, 0x88, 0x7, 0xff, 0x6c, 0xc0, 0x3f, 0xf8,
    0x26, 0x1, 0xff, 0xdb, 0x10, 0xf, 0xfe, 0x8,
    0x80, 0x7f, 0xf6, 0xdc, 0x3, 0xff, 0x82, 0xe0,
    0x1f, 0xfd, 0xb1, 0x0, 0xff, 0xe0, 0x88, 0x7,
    0xff, 0x6c, 0xc0, 0x3f, 0xf8, 0xa, 0x40, 0x1f,
    0xfd, 0xb1, 0x0, 0xff, 0x9a, 0x80, 0x3f, 0xfc,
    0xef, 0x20, 0x8, 0xff, 0xff, 0xe6, 0xf0, 0x7,
    0xff, 0x2a, 0x20, 0x0, 0x97, 0x0, 0xff, 0xe6,
    0x89, 0x80, 0x7f, 0xf2, 0x25, 0xc0, 0x14, 0xc0,
    0x1f, 0xfc, 0xfb, 0x0, 0xff, 0x8c, 0x3, 0xea,
    0x60, 0x5, 0xa8, 0x7, 0xff, 0x41, 0x0, 0x3f,
    0xe5, 0x0, 0xf5, 0xa8, 0x2, 0xd0, 0x3, 0xff,
    0xa2, 0x62, 0x1, 0xfe, 0xd0, 0xc, 0x38, 0x80,
    0xc, 0x40, 0xf, 0xfe, 0x9b, 0x80, 0x7f, 0x90,
    0x40, 0x3, 0x86, 0x3, 0x86, 0x1, 0xff, 0xd4,
    0xc0, 0xf, 0xfa, 0xc0, 0xb0, 0x80, 0x70, 0xc0,
    0x3f, 0xfa, 0xaa, 0x1, 0xff, 0x2b, 0x61, 0x1,
    0x61, 0x0, 0x7f, 0xf5, 0xd0, 0x3, 0xfe, 0x91,
    0x2, 0xc2, 0x0, 0xff, 0xec, 0x60, 0x7, 0xff,
    0x4, 0xf0, 0x40, 0x3f, 0xfb, 0x2a, 0x1, 0xff,
    0xc1, 0x25, 0x0, 0xff, 0xed, 0x11, 0x0, 0x3f,
    0xf8, 0x3, 0x74, 0x60, 0x1f, 0xfd, 0x94, 0x0,
    0xff, 0xe1, 0x2e, 0x62, 0x10, 0x80, 0x3f, 0xfa,
    0xba, 0x1, 0xf0,

    /* U+005D "]" */
    0x0, 0xff, 0x8d, 0xef, 0x7b, 0xff, 0xff, 0xa7,
    0xb2, 0x1, 0xff, 0xc8, 0x5c, 0xc4, 0x21, 0x8,
    0x7, 0xff, 0x4c, 0xbc, 0x0, 0xea, 0x1, 0xff,
    0xc2, 0x2c, 0xa3, 0x0, 0xff, 0xec, 0xb, 0x0,
    0xc5, 0x61, 0x0, 0x7f, 0xf0, 0x20, 0xc0, 0x3f,
    0xfb, 0x4c, 0x0, 0x60, 0x1, 0xea, 0x0, 0x7f,
    0xd4, 0x80, 0x1f, 0xfd, 0xa9, 0x0, 0x50, 0x6,
    0xb4, 0x0, 0xff, 0xac, 0xc0, 0x3f, 0xfb, 0xa,
    0x20, 0x84, 0x1, 0xd6, 0x40, 0x1f, 0xf6, 0x98,
    0x7, 0xff, 0x5f, 0x80, 0x1e, 0x1, 0xf4, 0x80,
    0x7f, 0xc3, 0xa4, 0x1, 0xff, 0xd5, 0x24, 0x2,
    0x40, 0xf, 0x90, 0xc0, 0x3f, 0xe1, 0xc2, 0x0,
    0xff, 0xea, 0x58, 0x2, 0xc0, 0x3f, 0xa8, 0x3,
    0xff, 0x80, 0x3e, 0x20, 0x1f, 0xfd, 0x21, 0x60,
    0x3, 0x0, 0x7f, 0x38, 0x7, 0xff, 0x4, 0xb0,
    0x40, 0x3f, 0xfa, 0x2c, 0x0, 0x70, 0xf, 0xf0,
    0x88, 0x3, 0xff, 0x82, 0x5a, 0x1, 0xff, 0xd1,
    0xa0, 0x5, 0x0, 0x7f, 0xc4, 0x1, 0xff, 0xc2,
    0x3c, 0x0, 0xff, 0xe7, 0xa1, 0x2, 0x10, 0x7,
    0xfc, 0xe0, 0x1f, 0xfc, 0x33, 0xb0, 0xf, 0xfe,
    0x77, 0x80, 0x3c, 0x3, 0xff, 0xa2, 0x9f, 0xff,
    0xfc, 0xe4, 0x2, 0x40, 0xf, 0xff, 0x75, 0x80,
    0x7f, 0xf0, 0x5c, 0x3, 0xff, 0xc2, 0xe0, 0x1f,
    0xfc, 0x11, 0x0, 0xff, 0xf0, 0x88, 0x7, 0xff,
    0x4, 0xc0, 0x3f, 0xfd, 0xe2, 0x1, 0xff, 0xe0,
    0x10, 0xf, 0xff, 0x79, 0x80, 0x7f, 0xf0, 0x44,
    0x3, 0xff, 0xc2, 0x20, 0x1f, 0xfc, 0x13, 0x0,
    0xff, 0xf0, 0xb8, 0x7, 0xff, 0x4, 0x40, 0x3f,
    0xfc, 0x24, 0x1, 0xff, 0xc1, 0x70, 0xf, 0xff,
    0x8, 0x80, 0x7f, 0xf0, 0x44, 0x3, 0xff, 0xc3,
    0xe0, 0x1f, 0xfc, 0x13, 0x0, 0xff, 0xf0, 0x88,
    0x7, 0xff, 0x4, 0x40, 0x3f, 0xfc, 0x26, 0x1,
    0xff, 0xc1, 0xf0, 0xf, 0xff, 0x8, 0x80, 0x7f,
    0xf0, 0x44, 0x3, 0xff, 0xc2, 0xe0, 0x1f, 0xfc,
    0x13, 0x0, 0xff, 0xf0, 0x88, 0x7, 0xff, 0x4,
    0x40, 0x3f, 0xfc, 0x26, 0x1, 0xff, 0xc1, 0x60,
    0xf, 0xff, 0x8, 0x80, 0x7f, 0xf0, 0x4c, 0x3,
    0xff, 0xde, 0x20, 0x1f, 0xfe, 0x1, 0x0, 0xff,
    0xf7, 0x98, 0x7, 0xff, 0x4, 0x40, 0x3f, 0xfc,
    0x22, 0x1, 0xff, 0xc1, 0x30, 0xf, 0xff, 0xb,
    0x0, 0x7f, 0xf0, 0x44, 0x3, 0xff, 0xc2, 0x60,
    0x1f, 0xfc, 0x17, 0x0, 0xff, 0xf0, 0x88, 0x7,
    0xff, 0x4, 0x40, 0x3f, 0xfc, 0x3e, 0x1, 0xff,
    0xc1, 0x30, 0xf, 0xff, 0x8, 0x80, 0x7f, 0xf0,
    0x44, 0x3, 0xff, 0xc2, 0x60, 0x1f, 0xfc, 0x1f,
    0x0, 0xff, 0xf0, 0x88, 0x7, 0xff, 0x4, 0x40,
    0x3f, 0xfc, 0x2e, 0x1, 0xff, 0xc1, 0x30, 0xf,
    0xff, 0x8, 0x80, 0x7f, 0xf0, 0x44, 0x3, 0xff,
    0xc2, 0x60, 0x1f, 0xfc, 0x17, 0x0, 0xff, 0xf0,
    0xc8, 0x7, 0xff, 0x4, 0x40, 0x3f, 0xfc, 0x2f,
    0x62, 0x1, 0xff, 0x18, 0x7, 0xff, 0x89, 0x3c,
    0xc0, 0x3f, 0xc2, 0x1, 0xff, 0xe3, 0x1c, 0x60,
    0xf, 0xc6, 0x1, 0xff, 0xe6, 0x99, 0x0, 0x79,
    0xf0, 0x3, 0xff, 0xce, 0xd8, 0x40, 0x1, 0xb8,
    0x0, 0xff, 0xf4, 0x9e, 0x22, 0x3d, 0x0, 0x3f,
    0xfd, 0x63, 0x76, 0x10, 0xf, 0xff, 0xf8, 0x7,
    0xff, 0xfc, 0x3, 0xff, 0xfe, 0x1, 0xff, 0x15,
    0xa8, 0x7, 0xff, 0xb1, 0x75, 0x2a, 0x0, 0x3f,
    0xfd, 0x55, 0x40, 0x9, 0xec, 0x3, 0xff, 0xce,
    0x7a, 0xa0, 0x1c, 0x9a, 0x20, 0x1f, 0xfe, 0x47,
    0xc2, 0x0, 0xf8, 0x8c, 0x3, 0xff, 0xc4, 0x37,
    0x0, 0x1f, 0xe3, 0x0, 0xff, 0xf0, 0xa7, 0xa0,
    0x7, 0xff, 0xb6, 0xc4, 0x3, 0xff, 0x80, 0x20,
    0x1f, 0xfe, 0x1, 0x0, 0xff, 0xf7, 0x98, 0x7,
    0xff, 0x4, 0x40, 0x3f, 0xfc, 0x22, 0x1, 0xff,
    0xc1, 0x30, 0xf, 0xff, 0xb, 0x80, 0x7f, 0xf0,
    0x44, 0x3, 0xff, 0xc2, 0x20, 0x1f, 0xfc, 0x17,
    0x0, 0xff, 0xf0, 0x98, 0x7, 0xff, 0x4, 0x40,
    0x3f, 0xfc, 0x22, 0x1, 0xff, 0xc1, 0x30, 0xf,
    0xff, 0xf, 0x80, 0x7f, 0xf0, 0x44, 0x3, 0xff,
    0xc2, 0x20, 0x1f, 0xfc, 0x1f, 0x0, 0xff, 0xf0,
    0x98, 0x7, 0xff, 0x4, 0x40, 0x3f, 0xfc, 0x22,
    0x1, 0xff, 0xc1, 0x30, 0xf, 0xff, 0xb, 0x80,
    0x7f, 0xf0, 0x44, 0x3, 0xff, 0xc2, 0x20, 0x1f,
    0xfc, 0x17, 0x0, 0xff, 0xf0, 0x98, 0x7, 0xff,
    0x4, 0x40, 0x3f, 0xfc, 0x22, 0x1, 0xff, 0xc1,
    0x30, 0xf, 0xff, 0x78, 0x80, 0x7f, 0xf8, 0x8,
    0x3, 0xff, 0xde, 0x20, 0x1f, 0xfc, 0x11, 0x0,
    0xff, 0xf0, 0xb8, 0x7, 0xff, 0x4, 0xc0, 0x3f,
    0xfc, 0x22, 0x1, 0xff, 0xc1, 0x10, 0xf, 0xff,
    0x9, 0x80, 0x7f, 0xf0, 0x5c, 0x3, 0xff, 0xc2,
    0x20, 0x1f, 0xfc, 0x11, 0x0, 0xff, 0xf0, 0xf8,
    0x7, 0xff, 0x4, 0xc0, 0x3f, 0xfc, 0x22, 0x1,
    0xff, 0xc1, 0x10, 0xf, 0xff, 0x9, 0x80, 0x7f,
    0xf0, 0x7c, 0x3, 0xff, 0xc2, 0x20, 0x1f, 0xfc,
    0x11, 0x0, 0xff, 0xf0, 0xb8, 0x7, 0xff, 0xbc,
    0x40, 0x3f, 0xf8, 0x26, 0x1, 0xff, 0xe1, 0x30,
    0xf, 0xfe, 0x8, 0x80, 0x7f, 0xf8, 0x44, 0x3,
    0xff, 0x82, 0xe0, 0x1f, 0xfe, 0x12, 0x0, 0xff,
    0xe0, 0x88, 0x7, 0xff, 0x85, 0x40, 0x3f, 0xf8,
    0x26, 0x1, 0xff, 0xc4, 0x8f, 0xff, 0xfe, 0x6f,
    0x0, 0x2c, 0x3, 0xff, 0x82, 0x20, 0x1f, 0xfc,
    0x39, 0x70, 0xf, 0xfe, 0x68, 0x98, 0x18, 0x80,
    0x7f, 0xc4, 0x1, 0xff, 0xc3, 0xa6, 0x0, 0xff,
    0xe7, 0xd8, 0x1, 0xc0, 0x3f, 0xe6, 0x0, 0xff,
    0xe1, 0x5a, 0x80, 0x7f, 0xf4, 0x10, 0x1, 0xa0,
    0x1f, 0xf6, 0x0, 0x7f, 0xf0, 0x6d, 0x0, 0x3f,
    0xfa, 0x26, 0x20, 0x80, 0x1f, 0xf2, 0x80, 0x7f,
    0xf0, 0x31, 0x0, 0x3f, 0xfa, 0x6e, 0x0, 0x50,
    0xf, 0xe4, 0x20, 0xf, 0xf0, 0xe1, 0x80, 0x7f,
    0xf5, 0x30, 0x1, 0xe0, 0x1f, 0xde, 0x1, 0xfe,
    0x1c, 0x30, 0xf, 0xfe, 0xaa, 0x80, 0x14, 0x3,
    0xf2, 0xa0, 0x7, 0xf1, 0x61, 0x0, 0x7f, 0xf5,
    0xd0, 0x0, 0x80, 0x1e, 0x2b, 0x0, 0xfe, 0x2c,
    0x20, 0xf, 0xfe, 0xc6, 0x0, 0x34, 0x3, 0x87,
    0xc4, 0x3, 0xf1, 0xe0, 0x80, 0x7f, 0xf6, 0x54,
    0x0, 0xe0, 0x18, 0xfc, 0x80, 0x3f, 0x89, 0x40,
    0x3f, 0xfb, 0x44, 0x40, 0x13, 0x0, 0x46, 0x8,
    0x7, 0xf8, 0x6e, 0x8c, 0x3, 0xff, 0xb2, 0x80,
    0xb, 0x6e, 0x70, 0xf, 0xfe, 0x12, 0xe6, 0x21,
    0x8, 0x3, 0xff, 0xab, 0xa0, 0x7, 0x91, 0x0,
    0xff, 0xe0, 0x80,

    /* U+005F "_" */
    0x0, 0xff, 0xf4, 0xc7, 0xff, 0xff, 0x37, 0x80,
    0x3f, 0xf8, 0x52, 0xe0, 0x1f, 0xfc, 0xd1, 0x30,
    0xf, 0xfe, 0x5, 0x30, 0x7, 0xff, 0x3e, 0xc0,
    0x3f, 0xeb, 0x50, 0xf, 0xfe, 0x82, 0x0, 0x7f,
    0xad, 0x0, 0x3f, 0xfa, 0x26, 0x20, 0x1f, 0xb1,
    0x0, 0x3f, 0xfa, 0x6e, 0x1, 0xe1, 0xc3, 0x0,
    0xff, 0xea, 0x60, 0x7, 0xe, 0x18, 0x7, 0xff,
    0x55, 0x40, 0x31, 0x61, 0x0, 0x7f, 0xf5, 0xd0,
    0x0, 0x58, 0x40, 0x1f, 0xfd, 0x8c, 0x3, 0xc1,
    0x0, 0xff, 0xec, 0xa8, 0x12, 0x80, 0x7f, 0xf6,
    0x88, 0x83, 0x74, 0x60, 0x1f, 0xfd, 0x94, 0x0,
    0x2e, 0x62, 0x10, 0x80, 0x3f, 0xfa, 0xba,

    /* U+0060 "`" */
    0x0, 0xf2, 0xa8, 0x3, 0xff, 0x86, 0x55, 0x45,
    0x0, 0xff, 0xe1, 0x70, 0x2, 0x90, 0x3, 0xff,
    0x80, 0x86, 0x1, 0x59, 0x80, 0x7f, 0xde, 0x1,
    0xd8, 0x60, 0x1f, 0xc2, 0x80, 0x1e, 0xd2, 0x0,
    0xfc, 0x80, 0x1f, 0xe, 0x10, 0x7, 0xda, 0x1,
    0xf8, 0x70, 0x40, 0x3c, 0x40, 0x1f, 0xc3, 0x82,
    0x1, 0xc2, 0x1, 0xfe, 0x2c, 0x10, 0xc, 0xe0,
    0x1f, 0xf1, 0x68, 0x6, 0x10, 0xf, 0xfe, 0x1,
    0x90, 0x4, 0x60, 0x1f, 0xfc, 0x13, 0x0, 0x84,
    0x3, 0xff, 0x82, 0x20, 0x1f, 0xfc, 0x81, 0x0,
    0xff, 0xe0, 0x88, 0x4, 0x60, 0x1f, 0xfc, 0x13,
    0x0, 0x84, 0x3, 0xff, 0x82, 0x20, 0x13, 0x80,
    0x7f, 0xf0, 0x5c, 0x2, 0x10, 0xf, 0xfe, 0x8,
    0x80, 0x44, 0x1, 0xff, 0xc1, 0x30, 0xb, 0xc0,
    0x3f, 0xf8, 0x22, 0x1, 0x8, 0x7, 0xff, 0x7,
    0xc0, 0x23, 0x0, 0xff, 0xe0, 0x88, 0x4, 0x20,
    0x1f, 0xfc, 0x13, 0x0, 0x9c, 0x3, 0xff, 0x82,
    0x20, 0x10, 0x80, 0x7f, 0xf0, 0x5c, 0x2, 0x30,
    0xf, 0xfe, 0x9, 0x0, 0x42, 0x1, 0xff, 0xc1,
    0x10, 0xf, 0xfe, 0x40, 0x80, 0x7f, 0xf0, 0x44,
    0x2, 0x30, 0xf, 0xfe, 0x9, 0x80, 0x42, 0x1,
    0xff, 0xc1, 0x10, 0x9, 0xc0, 0x3f, 0xf8, 0x2e,
    0x1, 0x8, 0x7, 0xff, 0x4, 0x40, 0x23, 0x0,
    0xff, 0xe0, 0x98, 0x4, 0x20, 0x1f, 0xfc, 0x11,
    0x0, 0xbc, 0x3, 0xff, 0x83, 0xe0, 0x10, 0x80,
    0x7f, 0xf0, 0x44, 0x2, 0x30, 0xf, 0xfe, 0x9,
    0x80, 0x42, 0x1, 0xff, 0xc1, 0x10, 0x9, 0xc0,
    0x3f, 0xf8, 0x2e, 0x1, 0x8, 0x7, 0xff, 0x2,
    0xc, 0x2, 0x30, 0xf, 0xf0, 0xe3, 0x80, 0x61,
    0x0, 0xfe, 0x5e, 0x30, 0xe, 0x30, 0xf, 0xd3,
    0x40, 0x1f, 0x63, 0x0, 0x71, 0xeb, 0x0, 0x7f,
    0x4c, 0x80, 0x26, 0xc2, 0x0, 0xff, 0x9b, 0xa,
    0xe4, 0x3, 0xff, 0x84, 0x7a, 0x80, 0x1f, 0xf0,

    /* U+0061 "a" */
    0x0, 0xff, 0xe2, 0x1b, 0xde, 0xf7, 0xff, 0xff,
    0x4f, 0x64, 0x3, 0xff, 0x9a, 0xb9, 0x88, 0x42,
    0x10, 0xf, 0xfe, 0x99, 0x78, 0x1, 0xd4, 0x3,
    0xff, 0x8e, 0x59, 0x46, 0x1, 0xff, 0xd8, 0x16,
    0x1, 0x8a, 0xc2, 0x0, 0xff, 0xe2, 0xc1, 0x80,
    0x7f, 0xf6, 0x98, 0x0, 0xc0, 0x3, 0xd4, 0x0,
    0xff, 0xe2, 0x52, 0x0, 0x7f, 0xf6, 0xa4, 0x1,
    0x40, 0x1a, 0xd0, 0x3, 0xff, 0x89, 0x66, 0x1,
    0xff, 0xd8, 0x51, 0x4, 0x20, 0xe, 0xb2, 0x0,
    0xff, 0xe2, 0x69, 0x80, 0x7f, 0xf5, 0xf8, 0x1,
    0xe0, 0x1f, 0x48, 0x7, 0xff, 0x10, 0x74, 0x80,
    0x3f, 0xfa, 0xa4, 0x80, 0x48, 0x1, 0xf2, 0x18,
    0x7, 0xff, 0x10, 0x70, 0x80, 0x3f, 0xfa, 0x96,
    0x0, 0xb0, 0xf, 0xea, 0x0, 0xff, 0xe2, 0x8f,
    0x88, 0x7, 0xff, 0x48, 0x58, 0x0, 0xc0, 0x1f,
    0xce, 0x1, 0xff, 0xc6, 0x2c, 0x10, 0xf, 0xfe,
    0x8b, 0x0, 0x1c, 0x3, 0xfc, 0x22, 0x0, 0xff,
    0xe3, 0x16, 0x80, 0x7f, 0xf4, 0x68, 0x1, 0x40,
    0x1f, 0xf1, 0x0, 0x7f, 0xf1, 0xcf, 0x0, 0x3f,
    0xf9, 0xe8, 0x40, 0x84, 0x1, 0xff, 0x38, 0x7,
    0xff, 0x20, 0xec, 0x3, 0xff, 0x9d, 0xe0, 0xf,
    0x0, 0xff, 0xeb, 0x27, 0xff, 0xff, 0x39, 0x0,
    0x90, 0x3, 0xff, 0xe7, 0x60, 0x1f, 0xfc, 0x17,
    0x0, 0xff, 0xf3, 0x38, 0x7, 0xff, 0x4, 0x40,
    0x3f, 0xfc, 0xc2, 0x1, 0xff, 0xc1, 0x30, 0xf,
    0xff, 0xa0, 0x80, 0x7f, 0xf9, 0x44, 0x3, 0xff,
    0xe8, 0x60, 0x1f, 0xfc, 0x11, 0x0, 0xff, 0xf3,
    0x8, 0x7, 0xff, 0x4, 0xc0, 0x3f, 0xfc, 0xce,
    0x1, 0xff, 0xc1, 0x10, 0xf, 0xff, 0x31, 0x0,
    0x7f, 0xf0, 0x5c, 0x3, 0xff, 0xcc, 0x20, 0x1f,
    0xfc, 0x11, 0x0, 0xff, 0xf3, 0x78, 0x7, 0xff,
    0x4, 0xc0, 0x3f, 0xfc, 0xc2, 0x1, 0xff, 0xc1,
    0x10, 0xf, 0xff, 0x31, 0x80, 0x7f, 0xf0, 0x7c,
    0x3, 0xff, 0xcc, 0x20, 0x1f, 0xfc, 0x11, 0x0,
    0xff, 0xf3, 0x38, 0x7, 0xff, 0x4, 0xc0, 0x3f,
    0xfc, 0xc2, 0x1, 0xff, 0xc1, 0x10, 0xf, 0xff,
    0x31, 0x80, 0x7f, 0xf0, 0x58, 0x3, 0xff, 0xcc,
    0x20, 0x1f, 0xfc, 0x13, 0x0, 0xff, 0xfa, 0x8,
    0x7, 0xff, 0x94, 0x40, 0x3f, 0xfe, 0x86, 0x1,
    0xff, 0xc1, 0x10, 0xf, 0xff, 0x30, 0x80, 0x7f,
    0xf0, 0x4c, 0x3, 0xff, 0xcc, 0xc0, 0x1f, 0xfc,
    0x11, 0x0, 0xff, 0xf3, 0x18, 0x7, 0xff, 0x5,
    0xc0, 0x3f, 0xfc, 0xc2, 0x1, 0xff, 0xc1, 0x10,
    0xf, 0xff, 0x37, 0x80, 0x7f, 0xf0, 0x4c, 0x3,
    0xff, 0xcc, 0x20, 0x1f, 0xfc, 0x11, 0x0, 0xff,
    0xf3, 0x18, 0x7, 0xff, 0x7, 0xc0, 0x3f, 0xfc,
    0xc2, 0x1, 0xff, 0xc1, 0x10, 0xf, 0xff, 0x33,
    0x80, 0x7f, 0xf0, 0x4c, 0x3, 0xff, 0xcc, 0x20,
    0x1f, 0xfc, 0x11, 0x0, 0xff, 0xf3, 0x18, 0x7,
    0xff, 0x5, 0xc0, 0x3f, 0xfc, 0xd2, 0x1, 0xff,
    0xc1, 0x10, 0xf, 0xff, 0x33, 0xe0, 0x80, 0x7f,
    0xc6, 0x1, 0xff, 0xc9, 0x9f, 0xff, 0xfe, 0x74,
    0x80, 0xf, 0xcc, 0x3, 0xfc, 0x20, 0x1f, 0xfc,
    0x72, 0xd6, 0x0, 0xff, 0xe7, 0x36, 0x8, 0xe,
    0x30, 0x7, 0xe3, 0x0, 0xff, 0xe3, 0xb6, 0x90,
    0x7, 0xff, 0x40, 0xfc, 0xc0, 0x13, 0x40, 0x1e,
    0x7c, 0x0, 0xff, 0xe2, 0x8d, 0xc8, 0x7, 0xff,
    0x4c, 0x71, 0x80, 0xb, 0x84, 0x0, 0x1b, 0x80,
    0xf, 0xfe, 0x2a, 0x7a, 0x0, 0x7f, 0xf5, 0xa6,
    0x80, 0x7, 0x88, 0x8f, 0x40, 0xf, 0xfe, 0x2c,
    0x58, 0x80, 0x7f, 0xf6, 0x17, 0x4, 0x6, 0xec,
    0x20, 0x1f, 0xfc, 0x42, 0xc7, 0x0, 0xff, 0xed,
    0x9f, 0xa0, 0x7, 0xff, 0x24, 0x40, 0x3f, 0xfb,
    0xa6, 0xe0, 0x1f, 0xfc, 0x82, 0xd5, 0x0, 0xff,
    0xed, 0xae, 0x98, 0x7, 0xff, 0x15, 0xec, 0x40,
    0x15, 0x0, 0x1f, 0xfd, 0x99, 0xa0, 0x1, 0x62,
    0x80, 0x7f, 0xf0, 0x6, 0xe1, 0x30, 0xc0, 0xf,
    0x62, 0x1, 0xff, 0xd5, 0x3d, 0x60, 0x2, 0xe9,
    0xd4, 0x0, 0x7f, 0x93, 0xd0, 0x0, 0x58, 0xc0,
    0x4, 0xc3, 0x0, 0xff, 0xe9, 0xbe, 0x10, 0x2,
    0xa8, 0x1, 0x3d, 0x80, 0x7e, 0x7b, 0x10, 0xe,
    0x99, 0x0, 0xb, 0x14, 0x3, 0xff, 0xa0, 0x37,
    0x0, 0x3, 0xd5, 0x0, 0xe4, 0xd1, 0x0, 0xf5,
    0x0, 0x7e, 0x6c, 0x10, 0x5, 0x40, 0x7, 0xff,
    0x39, 0x3d, 0x0, 0xf, 0x84, 0x1, 0xf1, 0x18,
    0x7, 0x8c, 0x3, 0xf8, 0xfd, 0x0, 0xf, 0xff,
    0xff, 0xce, 0xb1, 0x1, 0xb8, 0x0, 0xff, 0x18,
    0x7, 0x84, 0x3, 0xfc, 0x36, 0xe0, 0x1f, 0xfd,
    0x24, 0xf4, 0x0, 0xff, 0xe9, 0xc0, 0x80, 0x7f,
    0xf4, 0x6c, 0x40, 0x3f, 0xf8, 0x2, 0x1, 0xff,
    0xc8, 0x10, 0xf, 0xfe, 0x80, 0x80, 0x7f, 0xf2,
    0x4, 0x3, 0xff, 0xbe, 0x60, 0x1f, 0xfc, 0x11,
    0x0, 0xf1, 0x80, 0x7f, 0xf0, 0x44, 0x3, 0xff,
    0xa2, 0x20, 0x1f, 0xfc, 0x13, 0x0, 0xf0, 0x80,
    0x7f, 0xf0, 0x4c, 0x3, 0xff, 0xa2, 0xe0, 0x1f,
    0xfc, 0x11, 0x0, 0xf3, 0x80, 0x7f, 0xf0, 0x44,
    0x3, 0xff, 0xa2, 0x20, 0x1f, 0xfc, 0x17, 0x0,
    0xf0, 0x80, 0x7f, 0xf0, 0x5c, 0x3, 0xff, 0xa2,
    0x60, 0x1f, 0xfc, 0x11, 0x0, 0xf1, 0x80, 0x7f,
    0xf0, 0x44, 0x3, 0xff, 0xa2, 0x20, 0x1f, 0xfc,
    0x13, 0x0, 0xf0, 0x80, 0x7f, 0xf0, 0x4c, 0x3,
    0xff, 0xa3, 0xe0, 0x1f, 0xfc, 0x11, 0x0, 0xf7,
    0x80, 0x7f, 0xf0, 0x44, 0x3, 0xff, 0xa2, 0x20,
    0x1f, 0xfc, 0x1f, 0x0, 0xf0, 0x80, 0x7f, 0xf0,
    0x7c, 0x3, 0xff, 0xa2, 0x60, 0x1f, 0xfc, 0x11,
    0x0, 0xf1, 0x80, 0x7f, 0xf0, 0x44, 0x3, 0xff,
    0xa2, 0x20, 0x1f, 0xfc, 0x13, 0x0, 0xf0, 0x80,
    0x7f, 0xf0, 0x4c, 0x3, 0xff, 0xa2, 0xe0, 0x1f,
    0xfc, 0x11, 0x0, 0xf3, 0x80, 0x7f, 0xf0, 0x44,
    0x3, 0xff, 0xa2, 0x20, 0x1f, 0xfc, 0x17, 0x0,
    0xf0, 0x80, 0x7f, 0xf0, 0x58, 0x3, 0xff, 0xa2,
    0x60, 0x1f, 0xfc, 0x11, 0x0, 0xf1, 0x80, 0x7f,
    0xf0, 0x4c, 0x3, 0xff, 0xa2, 0x20, 0x1f, 0xfc,
    0x13, 0x0, 0xf0, 0x80, 0x7f, 0xf0, 0x44, 0x3,
    0xff, 0xbe, 0x20, 0x1f, 0xfe, 0x52, 0x0, 0xff,
    0xe4, 0x8, 0x7, 0xff, 0x4, 0x40, 0x3f, 0xfa,
    0x22, 0x1, 0xff, 0xc1, 0x10, 0xf, 0x18, 0x7,
    0xff, 0x4, 0xc0, 0x3f, 0xfa, 0x2e, 0x1, 0xff,
    0xc1, 0x30, 0xf, 0x8, 0x7, 0xff, 0x4, 0x40,
    0x3f, 0xfa, 0x22, 0x1, 0xff, 0xc1, 0x10, 0xf,
    0x38, 0x7, 0xff, 0x5, 0xc0, 0x3f, 0xfa, 0x26,
    0x1, 0xff, 0xc1, 0x70, 0xf, 0x8, 0x7, 0xff,
    0x4, 0x40, 0x3f, 0xfa, 0x22, 0x1, 0xff, 0xc1,
    0x10, 0xf, 0x18, 0x7, 0xff, 0x4, 0xc0, 0x3f,
    0xfa, 0x3e, 0x1, 0xff, 0xc1, 0x30, 0xf, 0x8,
    0x7, 0xff, 0x4, 0x40, 0x3f, 0xfa, 0x22, 0x1,
    0xff, 0xc1, 0x10, 0xf, 0x78, 0x7, 0xff, 0x7,
    0xc0, 0x3f, 0xfa, 0x26, 0x1, 0xff, 0xc1, 0xf0,
    0xf, 0x8, 0x7, 0xff, 0x4, 0x40, 0x3f, 0xfa,
    0x22, 0x1, 0xff, 0xc1, 0x10, 0xf, 0x18, 0x7,
    0xff, 0x4, 0xc0, 0x3f, 0xfa, 0x2e, 0x1, 0xff,
    0xc8, 0x10, 0xf, 0xfe, 0x8, 0x80, 0x7f, 0xf4,
    0x44, 0x3, 0xff, 0x82, 0x60, 0x1e, 0x70, 0xf,
    0xfe, 0xb, 0x80, 0x7f, 0xf4, 0x4c, 0x3, 0xff,
    0x82, 0x20, 0x1e, 0x10, 0xf, 0xfe, 0x8, 0x80,
    0x7f, 0xf4, 0x44, 0x3, 0xff, 0x82, 0xe0, 0x1e,
    0x30, 0xf, 0xfe, 0x2, 0x90, 0x7, 0xff, 0x44,
    0x80, 0x3f, 0xf8, 0x22, 0x1, 0xe1, 0x0, 0xff,
    0x9a, 0x80, 0x3f, 0xfa, 0x4a, 0x1, 0xff, 0xc1,
    0x30, 0xf, 0xfe, 0x2b, 0xc8, 0x2, 0x3f, 0xff,
    0xf9, 0xbc, 0x0, 0xb0, 0xf, 0xfe, 0x8, 0x80,
    0x7f, 0xf1, 0x22, 0x0, 0x9, 0x70, 0xf, 0xfe,
    0x68, 0x98, 0x18, 0x80, 0x7f, 0xc4, 0x1, 0xff,
    0xc4, 0x97, 0x0, 0x53, 0x0, 0x7f, 0xf3, 0xec,
    0x0, 0xe0, 0x1f, 0xf3, 0x0, 0x7c, 0x60, 0x1f,
    0x53, 0x0, 0x2d, 0x40, 0x3f, 0xfa, 0x8, 0x0,
    0xd0, 0xf, 0xfb, 0x0, 0x3e, 0x50, 0xf, 0x5a,
    0x80, 0x2d, 0x0, 0x3f, 0xfa, 0x26, 0x20, 0x80,
    0x1f, 0xf2, 0x80, 0x7d, 0xa0, 0x18, 0x71, 0x0,
    0x18, 0x80, 0x1f, 0xfd, 0x37, 0x0, 0x28, 0x7,
    0xf2, 0x10, 0x7, 0xc8, 0x20, 0x1, 0xc3, 0x1,
    0xc3, 0x0, 0xff, 0xea, 0x60, 0x3, 0xc0, 0x3f,
    0xbc, 0x3, 0xfa, 0xc0, 0xb0, 0x80, 0x70, 0xc0,
    0x3f, 0xfa, 0xaa, 0x0, 0x50, 0xf, 0xca, 0x80,
    0x1f, 0xca, 0xd8, 0x40, 0x58, 0x40, 0x1f, 0xfd,
    0x74, 0x0, 0x20, 0x7, 0x8a, 0xc0, 0x3f, 0xe9,
    0x10, 0x2c, 0x20, 0xf, 0xfe, 0xc6, 0x0, 0x34,
    0x3, 0x87, 0xc4, 0x3, 0xff, 0x82, 0x78, 0x20,
    0x1f, 0xfd, 0x95, 0x0, 0x38, 0x6, 0x3f, 0x20,
    0xf, 0xfe, 0x11, 0x28, 0x7, 0xff, 0x68, 0x88,
    0x2, 0x60, 0x8, 0xc1, 0x0, 0xff, 0xe1, 0x8d,
    0xd1, 0x80, 0x7f, 0xf6, 0x50, 0x1, 0x6d, 0xce,
    0x1, 0xff, 0xc7, 0x5c, 0xc4, 0x21, 0x0, 0x7f,
    0xf5, 0x74, 0x0, 0xf2, 0x20, 0x1f, 0xfc, 0x10,

    /* U+0062 "b" */
    0x0, 0xfe, 0x44, 0x0, 0x7f, 0xfb, 0xc6, 0xad,
    0x0, 0x3f, 0xfd, 0xd4, 0x21, 0x66, 0x1, 0xff,
    0xec, 0x34, 0x0, 0xb4, 0xc0, 0x3f, 0xfd, 0x70,
    0x1, 0x87, 0x48, 0x3, 0xff, 0xd4, 0x80, 0x1c,
    0x38, 0x40, 0x1f, 0xfe, 0x85, 0x0, 0xf8, 0x7c,
    0x40, 0x3f, 0xfc, 0xe4, 0x1, 0xf8, 0xb0, 0x40,
    0x3f, 0xfc, 0xda, 0x1, 0xfc, 0x5a, 0x20, 0x1f,
    0xfe, 0x51, 0x0, 0xff, 0x1e, 0x80, 0x7f, 0xf9,
    0x5c, 0x3, 0xfe, 0x3b, 0x0, 0xff, 0xf2, 0x8,
    0x7, 0xff, 0x1, 0x8, 0x3, 0xff, 0xc6, 0x60,
    0x1f, 0xfc, 0x13, 0x0, 0xff, 0xf1, 0x88, 0x7,
    0xff, 0x4, 0x40, 0x3f, 0xff, 0xe0, 0x1f, 0xfd,
    0x51, 0x0, 0xff, 0xe0, 0x88, 0x7, 0xff, 0x8c,
    0xc0, 0x3f, 0xf8, 0x26, 0x1, 0xff, 0xe3, 0x10,
    0xf, 0xfe, 0x8, 0x80, 0x7f, 0xf8, 0xdc, 0x3,
    0xff, 0x82, 0xe0, 0x1f, 0xfe, 0x31, 0x0, 0xff,
    0xe0, 0x88, 0x7, 0xff, 0x8c, 0xc0, 0x3f, 0xf8,
    0x26, 0x1, 0xff, 0xe3, 0x10, 0xf, 0xfe, 0x8,
    0x80, 0x7f, 0xf8, 0xfc, 0x3, 0xff, 0x83, 0xe0,
    0x1f, 0xfe, 0x32, 0x0, 0xff, 0xe0, 0x88, 0x7,
    0xff, 0x8c, 0x40, 0x3f, 0xf8, 0x26, 0x1, 0xff,
    0xe3, 0x70, 0xf, 0xfe, 0x8, 0x80, 0x7f, 0xf8,
    0xc4, 0x3, 0xff, 0x82, 0xe0, 0x1f, 0xfe, 0x33,
    0x0, 0xff, 0xe0, 0x88, 0x7, 0xff, 0x8c, 0x40,
    0x3f, 0xf8, 0x26, 0x1, 0xff, 0xf1, 0x10, 0xf,
    0xff, 0x10, 0x80, 0x7f, 0xf0, 0x44, 0x3, 0xff,
    0xc6, 0x60, 0x1f, 0xfc, 0x13, 0x0, 0xff, 0xf1,
    0x88, 0x7, 0xff, 0x4, 0x40, 0x3f, 0xfc, 0x6e,
    0x1, 0xff, 0xc1, 0x70, 0xf, 0xff, 0x18, 0x80,
    0x7f, 0xf0, 0x44, 0x3, 0xff, 0xc6, 0x60, 0x1f,
    0xfc, 0x13, 0x0, 0xff, 0xf1, 0x88, 0x7, 0xff,
    0x4, 0x40, 0x3f, 0xfc, 0x7e, 0x1, 0xff, 0xc1,
    0xf0, 0xf, 0xff, 0x18, 0x80, 0x7f, 0xf0, 0x44,
    0x3, 0xff, 0xc6, 0x60, 0x1f, 0xfc, 0x13, 0x0,
    0xff, 0xf1, 0x88, 0x7, 0xff, 0x4, 0x40, 0x3f,
    0xfc, 0x6e, 0x1, 0xff, 0xc1, 0x70, 0xf, 0xff,
    0x18, 0x80, 0x7f, 0xf0, 0x18, 0xc0, 0x3f, 0xfc,
    0x66, 0x1, 0xfe, 0x1b, 0x90, 0xf, 0xff, 0x20,
    0x80, 0x7f, 0x27, 0xa0, 0x2, 0x7f, 0xff, 0xf9,
    0xd2, 0x1, 0xff, 0xc7, 0x20, 0xf, 0xd1, 0x62,
    0x5, 0xac, 0x1, 0xff, 0xce, 0x6c, 0x10, 0xf,
    0xfe, 0x2e, 0xa8, 0x7, 0x16, 0x38, 0x1, 0xb4,
    0x80, 0x3f, 0xfa, 0x7, 0xe6, 0x1, 0xff, 0xc5,
    0xa8, 0x0, 0x97, 0x4c, 0x6, 0xe4, 0x3, 0xff,
    0xa6, 0x38, 0xc0, 0x1f, 0xfc, 0x57, 0xb1, 0xaa,
    0x0, 0x13, 0xd0, 0x3, 0xff, 0xad, 0x34, 0x1,
    0xff, 0xc5, 0x4e, 0x50, 0x4, 0x58, 0x80, 0x7f,
    0xf6, 0x17, 0x4, 0x3, 0xff, 0x8c, 0x58, 0xe0,
    0x1f, 0xfd, 0xb3, 0xf4, 0x0, 0xff, 0xe3, 0x8,
    0x7, 0xff, 0x74, 0xdc, 0x3, 0xff, 0x8a, 0x5a,
    0xa0, 0x1f, 0xfd, 0xb5, 0xd3, 0x0, 0xff, 0xe1,
    0x3d, 0x88, 0x2, 0xa0, 0x3, 0xff, 0xb3, 0x34,
    0x0, 0x2c, 0x50, 0xf, 0xe1, 0xb8, 0x4c, 0x30,
    0x3, 0xd8, 0x80, 0x7f, 0xf5, 0x4f, 0x58, 0x0,
    0xba, 0x75, 0x0, 0x1f, 0x27, 0xa0, 0x0, 0xb1,
    0x80, 0x9, 0x86, 0x1, 0xff, 0xd3, 0x7c, 0x20,
    0x5, 0x50, 0x2, 0x7b, 0x0, 0xe7, 0xb1, 0x0,
    0xe9, 0x90, 0x0, 0xb1, 0x40, 0x3f, 0xfa, 0x3,
    0x70, 0x0, 0x3d, 0x50, 0xe, 0x4d, 0x10, 0xa,
    0x80, 0x3f, 0x36, 0x8, 0x2, 0xa0, 0x3, 0xff,
    0x9c, 0x9e, 0x80, 0x7, 0xc2, 0x0, 0xf8, 0x8c,
    0x2, 0x30, 0xf, 0xe3, 0xf4, 0x0, 0x3f, 0xff,
    0xff, 0x3a, 0xc4, 0x6, 0xe0, 0x3, 0xfc, 0x60,
    0x10, 0x80, 0x7f, 0x86, 0xdc, 0x3, 0xff, 0xa4,
    0x9e, 0x80, 0x1f, 0xfd, 0x8, 0x10, 0xf, 0xfe,
    0x8d, 0x88, 0x7, 0xff, 0x0, 0x40, 0x3f, 0xf8,
    0xa2, 0x1, 0xff, 0xd0, 0x10, 0xf, 0xfe, 0x28,
    0x80, 0x7f, 0xf7, 0xcc, 0x3, 0xff, 0x82, 0x20,
    0x11, 0x80, 0x7f, 0xf0, 0x44, 0x3, 0xff, 0xa2,
    0x20, 0x1f, 0xfc, 0x13, 0x0, 0x84, 0x3, 0xff,
    0x82, 0x60, 0x1f, 0xfd, 0x17, 0x0, 0xff, 0xe0,
    0x88, 0x4, 0xe0, 0x1f, 0xfc, 0x11, 0x0, 0xff,
    0xe8, 0x88, 0x7, 0xff, 0x5, 0xc0, 0x21, 0x0,
    0xff, 0xe0, 0xb8, 0x7, 0xff, 0x44, 0xc0, 0x3f,
    0xf8, 0x22, 0x1, 0x18, 0x7, 0xff, 0x4, 0x40,
    0x3f, 0xfa, 0x22, 0x1, 0xff, 0xc1, 0x30, 0x8,
    0x40, 0x3f, 0xf8, 0x26, 0x1, 0xff, 0xd1, 0xf0,
    0xf, 0xfe, 0x8, 0x80, 0x5e, 0x1, 0xff, 0xc1,
    0x10, 0xf, 0xfe, 0x88, 0x80, 0x7f, 0xf0, 0x7c,
    0x2, 0x10, 0xf, 0xfe, 0xf, 0x80, 0x7f, 0xf4,
    0x4c, 0x3, 0xff, 0x82, 0x20, 0x11, 0x80, 0x7f,
    0xf0, 0x44, 0x3, 0xff, 0xa2, 0x20, 0x1f, 0xfc,
    0x13, 0x0, 0x84, 0x3, 0xff, 0x82, 0x60, 0x1f,
    0xfd, 0x17, 0x0, 0xff, 0xe0, 0x88, 0x4, 0xe0,
    0x1f, 0xfc, 0x11, 0x0, 0xff, 0xe8, 0x88, 0x7,
    0xff, 0x5, 0xc0, 0x21, 0x0, 0xff, 0xe0, 0xb0,
    0x7, 0xff, 0x44, 0xc0, 0x3f, 0xf8, 0x22, 0x1,
    0x18, 0x7, 0xff, 0x4, 0xc0, 0x3f, 0xfa, 0x22,
    0x1, 0xff, 0xc1, 0x30, 0x8, 0x40, 0x3f, 0xf8,
    0x22, 0x1, 0xff, 0xdf, 0x10, 0xf, 0xff, 0x11,
    0x0, 0x7f, 0xf1, 0x44, 0x3, 0xff, 0x82, 0x20,
    0x1f, 0xfd, 0x11, 0x0, 0xff, 0xe0, 0x88, 0x4,
    0x60, 0x1f, 0xfc, 0x13, 0x0, 0xff, 0xe8, 0xb8,
    0x7, 0xff, 0x4, 0xc0, 0x21, 0x0, 0xff, 0xe0,
    0x88, 0x7, 0xff, 0x44, 0x40, 0x3f, 0xf8, 0x22,
    0x1, 0x38, 0x7, 0xff, 0x5, 0xc0, 0x3f, 0xfa,
    0x26, 0x1, 0xff, 0xc1, 0x70, 0x8, 0x40, 0x3f,
    0xf8, 0x22, 0x1, 0xff, 0xd1, 0x10, 0xf, 0xfe,
    0x8, 0x80, 0x46, 0x1, 0xff, 0xc1, 0x30, 0xf,
    0xfe, 0x8f, 0x80, 0x7f, 0xf0, 0x4c, 0x2, 0x10,
    0xf, 0xfe, 0x8, 0x80, 0x7f, 0xf4, 0x44, 0x3,
    0xff, 0x82, 0x20, 0x17, 0x80, 0x7f, 0xf0, 0x7c,
    0x3, 0xff, 0xa2, 0x60, 0x1f, 0xfc, 0x1f, 0x0,
    0x84, 0x3, 0xff, 0x82, 0x20, 0x1f, 0xfd, 0x11,
    0x0, 0xff, 0xe0, 0x88, 0x4, 0x60, 0x1f, 0xfc,
    0x13, 0x0, 0xff, 0xe8, 0xb8, 0x7, 0xff, 0x14,
    0x40, 0x3f, 0xf8, 0x22, 0x1, 0xff, 0xd1, 0x10,
    0xf, 0xfe, 0x9, 0x80, 0x4e, 0x1, 0xff, 0xc1,
    0x70, 0xf, 0xfe, 0x89, 0x80, 0x7f, 0xf0, 0x44,
    0x2, 0x10, 0xf, 0xfe, 0x8, 0x80, 0x7f, 0xf4,
    0x44, 0x3, 0xff, 0x82, 0xe0, 0x11, 0x80, 0x7f,
    0xf0, 0x14, 0x80, 0x3f, 0xfa, 0x24, 0x1, 0xff,
    0xc1, 0x10, 0x8, 0x40, 0x3f, 0xe6, 0xa0, 0xf,
    0xfe, 0x92, 0x80, 0x7f, 0xf0, 0x4c, 0x3, 0xff,
    0x84, 0xf2, 0x0, 0x8f, 0xff, 0xfe, 0x6f, 0x0,
    0x2c, 0x3, 0xff, 0x82, 0x20, 0x1f, 0xfc, 0x18,
    0x80, 0x2, 0x5c, 0x3, 0xff, 0x9a, 0x26, 0x6,
    0x20, 0x1f, 0xf1, 0x0, 0x7f, 0xf0, 0x65, 0xc0,
    0x14, 0xc0, 0x1f, 0xfc, 0xfb, 0x0, 0x38, 0x7,
    0xfc, 0xc0, 0x18, 0xc0, 0x3e, 0xa6, 0x0, 0x5a,
    0x80, 0x7f, 0xf4, 0x10, 0x1, 0xa0, 0x1f, 0xf6,
    0x0, 0x65, 0x0, 0xf5, 0xa8, 0x2, 0xd0, 0x3,
    0xff, 0xa2, 0x62, 0x8, 0x1, 0xff, 0x28, 0x6,
    0xd0, 0xc, 0x38, 0x80, 0xc, 0x40, 0xf, 0xfe,
    0x9b, 0x80, 0x14, 0x3, 0xf9, 0x8, 0x3, 0x20,
    0x80, 0x7, 0xc, 0x7, 0xc, 0x3, 0xff, 0xa9,
    0x80, 0xf, 0x0, 0xfe, 0xf0, 0xf, 0x58, 0x16,
    0x10, 0xe, 0x18, 0x7, 0xff, 0x55, 0x40, 0xa,
    0x1, 0xf9, 0x50, 0x3, 0xca, 0xd8, 0x40, 0x58,
    0x40, 0x1f, 0xfd, 0x74, 0x0, 0x20, 0x7, 0x8a,
    0xc0, 0x3f, 0x48, 0x81, 0x61, 0x0, 0x7f, 0xf6,
    0x30, 0x1, 0xa0, 0x1c, 0x3e, 0x20, 0x1f, 0xe3,
    0xc1, 0x0, 0xff, 0xec, 0xa8, 0x1, 0xc0, 0x31,
    0xf9, 0x0, 0x7f, 0xc4, 0xa0, 0x1f, 0xfd, 0xa2,
    0x20, 0x9, 0x80, 0x23, 0x4, 0x3, 0xff, 0x80,
    0x37, 0x46, 0x1, 0xff, 0xd9, 0x40, 0x5, 0xb7,
    0x38, 0x7, 0xff, 0x11, 0x73, 0x10, 0x84, 0x1,
    0xff, 0xd5, 0xd0, 0x3, 0xc8, 0x80, 0x7f, 0x80,

    /* U+0063 "c" */
    0x0, 0xff, 0xff, 0x4f, 0xff, 0xff, 0x3a, 0x40,
    0x3f, 0xf9, 0xa5, 0xac, 0x1, 0xff, 0xce, 0x6c,
    0x10, 0xf, 0xfe, 0x53, 0x69, 0x0, 0x7f, 0xf4,
    0xf, 0xcc, 0x3, 0xff, 0x8e, 0x37, 0x20, 0x1f,
    0xfd, 0x31, 0xc6, 0x0, 0xff, 0xe2, 0xa7, 0xa0,
    0x7, 0xff, 0x5a, 0x68, 0x3, 0xff, 0x87, 0x16,
    0x20, 0x1f, 0xfd, 0x85, 0xc1, 0x0, 0xff, 0x8b,
    0x1c, 0x3, 0xff, 0xb6, 0x7e, 0x80, 0x1f, 0xf0,
    0x80, 0x7f, 0xf7, 0x4d, 0xc0, 0x3f, 0xc5, 0xaa,
    0x1, 0xff, 0xdb, 0x5d, 0x30, 0xf, 0x9e, 0xc4,
    0x1, 0x50, 0x1, 0xff, 0xd9, 0x9a, 0x0, 0xf8,
    0x6e, 0x13, 0xc, 0x0, 0xf6, 0x20, 0x1f, 0xfd,
    0x53, 0xd6, 0x0, 0xf9, 0x3d, 0x0, 0x5, 0x8c,
    0x0, 0x4c, 0x30, 0xf, 0xfe, 0x9b, 0xe1, 0x0,
    0x7c, 0xf6, 0x20, 0x1d, 0x32, 0x0, 0x16, 0x28,
    0x7, 0xff, 0x40, 0x6e, 0x0, 0x3f, 0xa8, 0x3,
    0xf3, 0x60, 0x80, 0x2a, 0x0, 0x3f, 0xf9, 0xc9,
    0xe8, 0x1, 0xfe, 0x30, 0xf, 0xe3, 0xf4, 0x0,
    0x3f, 0xff, 0xff, 0x3a, 0xc4, 0x3, 0xfe, 0x10,
    0xf, 0xf0, 0xdb, 0x80, 0x7f, 0xfa, 0xa0, 0x40,
    0x3f, 0xfd, 0x42, 0x1, 0xff, 0xdb, 0x10, 0xf,
    0xff, 0x51, 0x80, 0x7f, 0xf0, 0x44, 0x3, 0xff,
    0xb8, 0x20, 0x1f, 0xfc, 0x13, 0x0, 0xff, 0xee,
    0x38, 0x7, 0xff, 0x4, 0x40, 0x3f, 0xfb, 0x82,
    0x1, 0xff, 0xc1, 0x70, 0xf, 0xfe, 0xe1, 0x80,
    0x7f, 0xf0, 0x44, 0x3, 0xff, 0xb8, 0x20, 0x1f,
    0xfc, 0x13, 0x0, 0xff, 0xee, 0x78, 0x7, 0xff,
    0x4, 0x40, 0x3f, 0xfb, 0x82, 0x1, 0xff, 0xc1,
    0xf0, 0xf, 0xfe, 0xe1, 0x80, 0x7f, 0xf0, 0x44,
    0x3, 0xff, 0xb8, 0x20, 0x1f, 0xfc, 0x13, 0x0,
    0xff, 0xee, 0x38, 0x7, 0xff, 0x4, 0x40, 0x3f,
    0xfb, 0x82, 0x1, 0xff, 0xc1, 0x60, 0xf, 0xfe,
    0xe1, 0x80, 0x7f, 0xf0, 0x4c, 0x3, 0xff, 0xb8,
    0x20, 0x1f, 0xfc, 0x11, 0x0, 0xff, 0xff, 0x80,
    0x7f, 0xf1, 0xc4, 0x3, 0xff, 0x82, 0x20, 0x1f,
    0xfd, 0xc3, 0x0, 0xff, 0xe0, 0x98, 0x7, 0xff,
    0x70, 0x40, 0x3f, 0xf8, 0x22, 0x1, 0xff, 0xdc,
    0x70, 0xf, 0xfe, 0xb, 0x80, 0x7f, 0xf7, 0x4,
    0x3, 0xff, 0x82, 0x20, 0x1f, 0xfd, 0xc3, 0x0,
    0xff, 0xe0, 0x98, 0x7, 0xff, 0x70, 0x40, 0x3f,
    0xf8, 0x22, 0x1, 0xff, 0xdc, 0xf0, 0xf, 0xfe,
    0xf, 0x80, 0x7f, 0xf7, 0x4, 0x3, 0xff, 0x82,
    0x20, 0x1f, 0xfd, 0xc3, 0x0, 0xff, 0xe0, 0x98,
    0x7, 0xff, 0x70, 0x40, 0x3f, 0xf8, 0x22, 0x1,
    0xff, 0xdc, 0x70, 0xf, 0xfe, 0xb, 0x80, 0x7f,
    0xf7, 0x4, 0x3, 0xff, 0x82, 0x20, 0x1f, 0xfd,
    0xc3, 0x0, 0xff, 0xe0, 0x29, 0x0, 0x7f, 0xf7,
    0x4, 0x3, 0xfe, 0x6a, 0x0, 0xff, 0xf4, 0x3c,
    0x80, 0x23, 0xff, 0xff, 0x9b, 0xc0, 0x1f, 0xfc,
    0xb8, 0x80, 0x2, 0x5c, 0x3, 0xff, 0x9a, 0x26,
    0x1, 0xff, 0xc9, 0x97, 0x0, 0x53, 0x0, 0x7f,
    0xf3, 0xec, 0x3, 0xff, 0x80, 0x60, 0x1f, 0x53,
    0x0, 0x2d, 0x40, 0x3f, 0xfa, 0x8, 0x1, 0xff,
    0xc0, 0x50, 0xf, 0x5a, 0x80, 0x2d, 0x0, 0x3f,
    0xfa, 0x26, 0x20, 0x1f, 0xf6, 0x80, 0x61, 0xc4,
    0x0, 0x62, 0x0, 0x7f, 0xf4, 0xdc, 0x3, 0xfe,
    0x41, 0x0, 0xe, 0x18, 0xe, 0x18, 0x7, 0xff,
    0x53, 0x0, 0x3f, 0xf8, 0x16, 0x5, 0x84, 0x3,
    0x86, 0x1, 0xff, 0xd5, 0x50, 0xf, 0xfe, 0x2,
    0xb6, 0x10, 0x16, 0x10, 0x7, 0xff, 0x5d, 0x0,
    0x3f, 0xf8, 0x12, 0x20, 0x58, 0x40, 0x1f, 0xfd,
    0x8c, 0x0, 0xff, 0xe1, 0x1e, 0x8, 0x7, 0xff,
    0x65, 0x40, 0x3f, 0xf8, 0x44, 0xa0, 0x1f, 0xfd,
    0xa2, 0x20, 0x7, 0xff, 0x4, 0x6e, 0x8c, 0x3,
    0xff, 0xb2, 0x80, 0x1f, 0xfc, 0x35, 0xcc, 0x42,
    0x10, 0x7, 0xff, 0x57, 0x40, 0x3f, 0x0,

    /* U+0064 "d" */
    0x0, 0xff, 0xf6, 0x43, 0x0, 0x7f, 0xfc, 0x85,
    0xe7, 0x4c, 0x3, 0xff, 0xe0, 0xc0, 0x2, 0xc5,
    0x0, 0xff, 0xf7, 0xc8, 0x6, 0xa5, 0x0, 0xff,
    0xf6, 0xa8, 0x80, 0x75, 0x10, 0x7, 0xff, 0xb2,
    0x40, 0x3e, 0xe0, 0xf, 0xff, 0x59, 0x98, 0x3,
    0xe3, 0x40, 0xf, 0xff, 0x54, 0x80, 0x7f, 0x70,
    0x7, 0xff, 0xa4, 0x54, 0x3, 0xf9, 0x0, 0x3f,
    0xfd, 0x2c, 0x1, 0xfe, 0x11, 0x0, 0x7f, 0xfa,
    0x24, 0x3, 0xfe, 0x20, 0xf, 0xff, 0x3a, 0x88,
    0x7, 0xfc, 0xe0, 0x1f, 0xfe, 0x79, 0x0, 0xff,
    0xf9, 0x99, 0x80, 0x3f, 0xfe, 0x72, 0x1, 0xff,
    0xc1, 0x70, 0xf, 0xff, 0x32, 0x0, 0x7f, 0xf0,
    0x44, 0x3, 0xff, 0xcc, 0x20, 0x1f, 0xfc, 0x13,
    0x0, 0xff, 0xfa, 0x8, 0x7, 0xff, 0x94, 0x40,
    0x3f, 0xfe, 0x86, 0x1, 0xff, 0xc1, 0x10, 0xf,
    0xff, 0x33, 0x0, 0x7f, 0xf0, 0x4c, 0x3, 0xff,
    0xcc, 0x20, 0x1f, 0xfc, 0x11, 0x0, 0xff, 0xf3,
    0x18, 0x7, 0xff, 0x5, 0xc0, 0x3f, 0xfc, 0xc2,
    0x1, 0xff, 0xc1, 0x10, 0xf, 0xff, 0x37, 0x80,
    0x7f, 0xf0, 0x4c, 0x3, 0xff, 0xcc, 0x20, 0x1f,
    0xfc, 0x11, 0x0, 0xff, 0xf3, 0x18, 0x7, 0xff,
    0x7, 0xc0, 0x3f, 0xfc, 0xc2, 0x1, 0xff, 0xc1,
    0x10, 0xf, 0xff, 0x33, 0x80, 0x7f, 0xf0, 0x48,
    0x3, 0xff, 0xcc, 0x20, 0x1f, 0xfc, 0x17, 0x0,
    0xff, 0xf3, 0x18, 0x7, 0xff, 0x4, 0x40, 0x3f,
    0xfc, 0xc2, 0x1, 0xff, 0xc1, 0x30, 0xf, 0xff,
    0xa0, 0x80, 0x7f, 0xf9, 0x44, 0x3, 0xff, 0xe8,
    0x60, 0x1f, 0xfc, 0x11, 0x0, 0xff, 0xf3, 0x30,
    0x7, 0xff, 0x4, 0xc0, 0x3f, 0xfc, 0xc2, 0x1,
    0xff, 0xc1, 0x10, 0xf, 0xff, 0x31, 0x80, 0x7f,
    0xf0, 0x5c, 0x3, 0xff, 0xcc, 0x20, 0x1f, 0xfc,
    0x11, 0x0, 0xff, 0xf3, 0x78, 0x7, 0xff, 0x4,
    0xc0, 0x3f, 0xfc, 0xc2, 0x1, 0xff, 0xc1, 0x10,
    0xf, 0xff, 0x31, 0x80, 0x7f, 0xf0, 0x7c, 0x3,
    0xff, 0xcc, 0x20, 0x1f, 0xfc, 0x11, 0x0, 0xff,
    0xf3, 0x38, 0x7, 0xff, 0x4, 0xc0, 0x3f, 0xfc,
    0xc2, 0x1, 0xff, 0xc1, 0x10, 0xf, 0xff, 0x31,
    0x80, 0x7f, 0xf0, 0x5c, 0x3, 0xff, 0xcd, 0x0,
    0x1f, 0xfc, 0x11, 0x0, 0xff, 0xf3, 0x36, 0x8,
    0x7, 0xfc, 0x60, 0x1f, 0xfc, 0x99, 0xff, 0xff,
    0xe7, 0x48, 0x0, 0xfc, 0xc0, 0x3f, 0xc2, 0x1,
    0xff, 0xc7, 0x2d, 0x60, 0xf, 0xfe, 0x73, 0x60,
    0x80, 0xe3, 0x0, 0x7e, 0x30, 0xf, 0xfe, 0x3b,
    0x69, 0x0, 0x7f, 0xf4, 0xf, 0xcc, 0x1, 0x34,
    0x1, 0xe7, 0xc0, 0xf, 0xfe, 0x28, 0xdc, 0x80,
    0x7f, 0xf4, 0xc7, 0x18, 0x0, 0xba, 0x40, 0x1,
    0xb8, 0x0, 0xff, 0xe2, 0xa7, 0xa0, 0x7, 0xff,
    0x5a, 0x68, 0x0, 0x58, 0x88, 0xf4, 0x0, 0xff,
    0xe2, 0xc5, 0x88, 0x7, 0xff, 0x61, 0x70, 0x40,
    0x6e, 0xc2, 0x1, 0xff, 0xc4, 0x2c, 0x70, 0xf,
    0xfe, 0xd9, 0xfa, 0x0, 0x7f, 0xf2, 0x44, 0x3,
    0xff, 0xba, 0x6e, 0x1, 0xff, 0xc8, 0x2d, 0x50,
    0xf, 0xfe, 0xda, 0xe9, 0x80, 0x7f, 0xf1, 0x5e,
    0xc4, 0x1, 0x50, 0x1, 0xff, 0xd9, 0x9a, 0x0,
    0x16, 0x28, 0x7, 0xff, 0x0, 0x6e, 0x13, 0xc,
    0x0, 0xf6, 0x20, 0x1f, 0xfd, 0x53, 0xd6, 0x0,
    0x2e, 0x9d, 0x40, 0x7, 0xf9, 0x3d, 0x0, 0x5,
    0x8c, 0x0, 0x4c, 0x30, 0xf, 0xfe, 0x9b, 0xe1,
    0x0, 0x2a, 0x80, 0x13, 0xd8, 0x7, 0xe7, 0xb1,
    0x0, 0xe9, 0x90, 0x0, 0xb1, 0x40, 0x3f, 0xfa,
    0x3, 0x70, 0x0, 0x3d, 0x50, 0xe, 0x4d, 0x10,
    0xf, 0x50, 0x7, 0xe6, 0xc1, 0x0, 0x54, 0x0,
    0x7f, 0xf3, 0x93, 0xd0, 0x0, 0xf8, 0x40, 0x1f,
    0x11, 0x80, 0x78, 0xc0, 0x3f, 0x8f, 0xd0, 0x0,
    0xff, 0xff, 0xfc, 0xeb, 0x10, 0x1b, 0x80, 0xf,
    0xf1, 0x80, 0x78, 0x40, 0x3f, 0xc3, 0x6e, 0x1,
    0xff, 0xd2, 0x4f, 0x40, 0xf, 0xfe, 0x9c, 0x8,
    0x7, 0xff, 0x46, 0xc4, 0x3, 0xff, 0x80, 0x20,
    0x1f, 0xfc, 0x81, 0x0, 0xff, 0xe8, 0x8, 0x7,
    0xff, 0x20, 0x40, 0x3f, 0xfb, 0xe6, 0x1, 0xff,
    0xc1, 0x10, 0xf, 0x18, 0x7, 0xff, 0x4, 0x40,
    0x3f, 0xfa, 0x22, 0x1, 0xff, 0xc1, 0x30, 0xf,
    0x8, 0x7, 0xff, 0x4, 0xc0, 0x3f, 0xfa, 0x2e,
    0x1, 0xff, 0xc1, 0x10, 0xf, 0x38, 0x7, 0xff,
    0x4, 0x40, 0x3f, 0xfa, 0x22, 0x1, 0xff, 0xc1,
    0x70, 0xf, 0x8, 0x7, 0xff, 0x5, 0xc0, 0x3f,
    0xfa, 0x26, 0x1, 0xff, 0xc1, 0x10, 0xf, 0x18,
    0x7, 0xff, 0x4, 0x40, 0x3f, 0xfa, 0x22, 0x1,
    0xff, 0xc1, 0x30, 0xf, 0x8, 0x7, 0xff, 0x4,
    0xc0, 0x3f, 0xfa, 0x3e, 0x1, 0xff, 0xc1, 0x10,
    0xf, 0x78, 0x7, 0xff, 0x4, 0x40, 0x3f, 0xfa,
    0x22, 0x1, 0xff, 0xc1, 0xf0, 0xf, 0x8, 0x7,
    0xff, 0x7, 0xc0, 0x3f, 0xfa, 0x26, 0x1, 0xff,
    0xc1, 0x10, 0xf, 0x18, 0x7, 0xff, 0x4, 0x40,
    0x3f, 0xfa, 0x22, 0x1, 0xff, 0xc1, 0x30, 0xf,
    0x8, 0x7, 0xff, 0x4, 0xc0, 0x3f, 0xfa, 0x2e,
    0x1, 0xff, 0xc1, 0x10, 0xf, 0x38, 0x7, 0xff,
    0x4, 0x40, 0x3f, 0xfa, 0x22, 0x1, 0xff, 0xc1,
    0x70, 0xf, 0x8, 0x7, 0xff, 0x5, 0x80, 0x3f,
    0xfa, 0x26, 0x1, 0xff, 0xc1, 0x10, 0xf, 0x18,
    0x7, 0xff, 0x4, 0xc0, 0x3f, 0xfa, 0x22, 0x1,
    0xff, 0xc1, 0x30, 0xf, 0x8, 0x7, 0xff, 0x4,
    0x40, 0x3f, 0xfb, 0xe2, 0x1, 0xff, 0xe5, 0x20,
    0xf, 0xfe, 0x40, 0x80, 0x7f, 0xf0, 0x44, 0x3,
    0xff, 0xa2, 0x20, 0x1f, 0xfc, 0x11, 0x0, 0xf1,
    0x80, 0x7f, 0xf0, 0x4c, 0x3, 0xff, 0xa2, 0xe0,
    0x1f, 0xfc, 0x13, 0x0, 0xf0, 0x80, 0x7f, 0xf0,
    0x44, 0x3, 0xff, 0xa2, 0x20, 0x1f, 0xfc, 0x11,
    0x0, 0xf3, 0x80, 0x7f, 0xf0, 0x5c, 0x3, 0xff,
    0xa2, 0x60, 0x1f, 0xfc, 0x17, 0x0, 0xf0, 0x80,
    0x7f, 0xf0, 0x44, 0x3, 0xff, 0xa2, 0x20, 0x1f,
    0xfc, 0x11, 0x0, 0xf1, 0x80, 0x7f, 0xf0, 0x4c,
    0x3, 0xff, 0xa3, 0xe0, 0x1f, 0xfc, 0x13, 0x0,
    0xf0, 0x80, 0x7f, 0xf0, 0x44, 0x3, 0xff, 0xa2,
    0x20, 0x1f, 0xfc, 0x11, 0x0, 0xf7, 0x80, 0x7f,
    0xf0, 0x7c, 0x3, 0xff, 0xa2, 0x60, 0x1f, 0xfc,
    0x1f, 0x0, 0xf0, 0x80, 0x7f, 0xf0, 0x44, 0x3,
    0xff, 0xa2, 0x20, 0x1f, 0xfc, 0x11, 0x0, 0xf1,
    0x80, 0x7f, 0xf0, 0x4c, 0x3, 0xff, 0xa2, 0xe0,
    0x1f, 0xfc, 0x81, 0x0, 0xff, 0xe0, 0x88, 0x7,
    0xff, 0x44, 0x40, 0x3f, 0xf8, 0x26, 0x1, 0xe7,
    0x0, 0xff, 0xe0, 0xb8, 0x7, 0xff, 0x44, 0xc0,
    0x3f, 0xf8, 0x22, 0x1, 0xe1, 0x0, 0xff, 0xe0,
    0x88, 0x7, 0xff, 0x44, 0x40, 0x3f, 0xf8, 0x2e,
    0x1, 0xe3, 0x0, 0xff, 0xe0, 0x29, 0x0, 0x7f,
    0xf4, 0x48, 0x3, 0xff, 0x82, 0x20, 0x1e, 0x10,
    0xf, 0xf9, 0xa8, 0x3, 0xff, 0xa4, 0xa0, 0x1f,
    0xfc, 0x13, 0x0, 0xff, 0xe2, 0xbc, 0x80, 0x23,
    0xff, 0xff, 0x9b, 0xc0, 0xb, 0x0, 0xff, 0xe0,
    0x88, 0x7, 0xff, 0x12, 0x20, 0x0, 0x97, 0x0,
    0xff, 0xe6, 0x89, 0x81, 0x88, 0x7, 0xfc, 0x40,
    0x1f, 0xfc, 0x49, 0x70, 0x5, 0x30, 0x7, 0xff,
    0x3e, 0xc0, 0xe, 0x1, 0xff, 0x30, 0x7, 0xc6,
    0x1, 0xf5, 0x30, 0x2, 0xd4, 0x3, 0xff, 0xa0,
    0x80, 0xd, 0x0, 0xff, 0xb0, 0x3, 0xe5, 0x0,
    0xf5, 0xa8, 0x2, 0xd0, 0x3, 0xff, 0xa2, 0x62,
    0x8, 0x1, 0xff, 0x28, 0x7, 0xda, 0x1, 0x87,
    0x10, 0x1, 0x88, 0x1, 0xff, 0xd3, 0x70, 0x2,
    0x80, 0x7f, 0x21, 0x0, 0x7c, 0x82, 0x0, 0x1c,
    0x30, 0x1c, 0x30, 0xf, 0xfe, 0xa6, 0x0, 0x3c,
    0x3, 0xfb, 0xc0, 0x3f, 0xac, 0xb, 0x8, 0x7,
    0xc, 0x3, 0xff, 0xaa, 0xa0, 0x5, 0x0, 0xfc,
    0xa8, 0x1, 0xfc, 0xad, 0x84, 0x5, 0x84, 0x1,
    0xff, 0xd7, 0x40, 0x2, 0x0, 0x78, 0xac, 0x3,
    0xfe, 0x91, 0x2, 0xc2, 0x0, 0xff, 0xec, 0x60,
    0x3, 0x40, 0x38, 0x7c, 0x40, 0x3f, 0xf8, 0x27,
    0x82, 0x1, 0xff, 0xd9, 0x50, 0x3, 0x80, 0x63,
    0xf2, 0x0, 0xff, 0xe1, 0x12, 0x80, 0x7f, 0xf6,
    0x88, 0x80, 0x26, 0x0, 0x8c, 0x10, 0xf, 0xfe,
    0x18, 0xdd, 0x18, 0x7, 0xff, 0x65, 0x0, 0x16,
    0xdc, 0xe0, 0x1f, 0xfc, 0x75, 0xcc, 0x42, 0x10,
    0x7, 0xff, 0x57, 0x40, 0xf, 0x22, 0x1, 0xff,
    0xc1,

    /* U+0065 "e" */
    0x0, 0xff, 0xe2, 0x1b, 0xde, 0xf7, 0xff, 0xff,
    0x4f, 0x64, 0x3, 0xff, 0x9a, 0xb9, 0x88, 0x42,
    0x10, 0xf, 0xfe, 0x99, 0x78, 0x1, 0xd4, 0x3,
    0xff, 0x8e, 0x59, 0x46, 0x1, 0xff, 0xd8, 0x16,
    0x1, 0x8a, 0xc2, 0x0, 0xff, 0xe2, 0xc1, 0x80,
    0x7f, 0xf6, 0x98, 0x0, 0xc0, 0x3, 0xd4, 0x0,
    0xff, 0xe2, 0x52, 0x0, 0x7f, 0xf6, 0xa4, 0x1,
    0x40, 0x1a, 0xd0, 0x3, 0xff, 0x80, 0x66, 0x0,
    0x59, 0x80, 0x7f, 0xf6, 0x14, 0x41, 0x8, 0x3,
    0xac, 0x80, 0x3f, 0xc3, 0xb8, 0x60, 0xd, 0x30,
    0xf, 0xfe, 0xbf, 0x0, 0x3c, 0x3, 0xe9, 0x0,
    0xff, 0x58, 0x86, 0x90, 0xe, 0x90, 0x7, 0xff,
    0x54, 0x90, 0x9, 0x0, 0x3e, 0x43, 0x0, 0xfc,
    0x6a, 0x0, 0x1c, 0x20, 0x1c, 0x20, 0xf, 0xfe,
    0xa5, 0x80, 0x2c, 0x3, 0xfa, 0x80, 0x3f, 0x48,
    0x6, 0x1f, 0x10, 0x1f, 0x10, 0xf, 0xfe, 0x90,
    0xb0, 0x1, 0x80, 0x3f, 0x9c, 0x3, 0xf2, 0x80,
    0x71, 0x60, 0x81, 0x60, 0x80, 0x7f, 0xf4, 0x58,
    0x0, 0xe0, 0x1f, 0xe1, 0x10, 0x7, 0x90, 0x3,
    0xe2, 0xc1, 0x2, 0xd0, 0xf, 0xfe, 0x8d, 0x0,
    0x28, 0x3, 0xfe, 0x20, 0xf, 0x18, 0x7, 0xe2,
    0xd0, 0x1, 0xe0, 0x7, 0xff, 0x3d, 0x8, 0x10,
    0x80, 0x3f, 0xe7, 0x0, 0xf7, 0x0, 0x7f, 0x1d,
    0x80, 0xe, 0xc0, 0x3f, 0xf9, 0xde, 0x0, 0xf0,
    0xf, 0xfe, 0x39, 0x0, 0x7f, 0x92, 0xc0, 0x9,
    0xff, 0xff, 0xce, 0x40, 0x24, 0x0, 0xff, 0xe3,
    0xb8, 0x7, 0xfc, 0x94, 0x1, 0xff, 0xd2, 0xb0,
    0xf, 0xfe, 0xb, 0x80, 0x78, 0x40, 0x3f, 0xf8,
    0xa, 0x60, 0x1f, 0xfd, 0x17, 0x0, 0xff, 0xe0,
    0x88, 0x7, 0x8c, 0x3, 0xff, 0x82, 0x40, 0x1f,
    0xfd, 0x11, 0x0, 0xff, 0xe0, 0x98, 0x7, 0x84,
    0x3, 0xff, 0x82, 0x20, 0x1f, 0xfd, 0xf1, 0x0,
    0xff, 0xf2, 0x88, 0x7, 0xff, 0x20, 0x40, 0x3f,
    0xf8, 0x22, 0x1, 0xff, 0xd1, 0x30, 0xf, 0xfe,
    0x8, 0x80, 0x78, 0xc0, 0x3f, 0xf8, 0x26, 0x1,
    0xff, 0xd1, 0x10, 0xf, 0xfe, 0x9, 0x80, 0x78,
    0x40, 0x3f, 0xf8, 0x22, 0x1, 0xff, 0xd1, 0x70,
    0xf, 0xfe, 0x8, 0x80, 0x79, 0xc0, 0x3f, 0xf8,
    0x2e, 0x1, 0xff, 0xd1, 0x20, 0xf, 0xfe, 0xb,
    0x80, 0x78, 0x40, 0x3f, 0xf8, 0x22, 0x1, 0xff,
    0xd1, 0x10, 0xf, 0xfe, 0x8, 0x80, 0x78, 0xc0,
    0x3f, 0xf8, 0x26, 0x1, 0xff, 0xd1, 0xf0, 0xf,
    0xfe, 0x9, 0x80, 0x78, 0x40, 0x3f, 0xf8, 0x22,
    0x1, 0xff, 0xd1, 0x10, 0xf, 0xfe, 0x8, 0x80,
    0x7b, 0xc0, 0x3f, 0xf8, 0x3e, 0x1, 0xff, 0xd1,
    0x30, 0xf, 0xfe, 0xf, 0x80, 0x78, 0x40, 0x3f,
    0xf8, 0x22, 0x1, 0xff, 0xd1, 0x10, 0xf, 0xfe,
    0x8, 0x80, 0x78, 0xc0, 0x3f, 0xf8, 0x26, 0x1,
    0xff, 0xd1, 0x70, 0xf, 0xfe, 0x9, 0x80, 0x79,
    0x80, 0x3f, 0xf8, 0x22, 0x1, 0xff, 0xd1, 0x10,
    0xf, 0xfe, 0x8, 0x80, 0x78, 0x40, 0x3f, 0xf8,
    0x2e, 0x1, 0xff, 0xd1, 0x30, 0xf, 0xfe, 0xb,
    0x0, 0x78, 0xc0, 0x3f, 0xf8, 0x22, 0x1, 0xff,
    0xd1, 0x10, 0xf, 0xfe, 0x9, 0x80, 0x78, 0x40,
    0x3f, 0xf8, 0x26, 0x1, 0xff, 0xdf, 0x10, 0xf,
    0xfe, 0x40, 0x80, 0x7f, 0xf4, 0x4, 0x3, 0xff,
    0x90, 0x20, 0x1f, 0xfc, 0x11, 0x0, 0xff, 0xe8,
    0x98, 0x7, 0xff, 0x4, 0x40, 0x3c, 0x60, 0x1f,
    0xfc, 0x13, 0x0, 0xff, 0xe8, 0x88, 0x7, 0xff,
    0x4, 0xc0, 0x3c, 0x20, 0x1f, 0xfc, 0x11, 0x0,
    0xff, 0xe8, 0xb0, 0x7, 0xff, 0x4, 0x40, 0x3c,
    0xe0, 0x1f, 0xfc, 0x17, 0x0, 0xff, 0xe8, 0x98,
    0x7, 0xff, 0x5, 0xc0, 0x3c, 0x20, 0x1f, 0xfc,
    0x11, 0x0, 0xff, 0xe8, 0x88, 0x7, 0xff, 0x4,
    0x40, 0x3c, 0x60, 0x1f, 0xfc, 0x13, 0x0, 0xff,
    0xe8, 0xf8, 0x7, 0xff, 0x4, 0xc0, 0x3c, 0x20,
    0x1f, 0xfc, 0x11, 0x0, 0xff, 0xe8, 0x88, 0x7,
    0xff, 0x4, 0x40, 0x3d, 0xe0, 0x1f, 0xfc, 0x1f,
    0x0, 0xff, 0xe8, 0x98, 0x7, 0xff, 0x7, 0xc0,
    0x3c, 0x20, 0x1f, 0xfc, 0x11, 0x0, 0xff, 0xe8,
    0x88, 0x7, 0xff, 0x4, 0x40, 0x3c, 0x60, 0x1f,
    0xfc, 0x13, 0x0, 0xff, 0xe8, 0xb8, 0x7, 0xff,
    0x4, 0xc0, 0x3c, 0x20, 0x1f, 0xfc, 0x11, 0x0,
    0xff, 0xe8, 0x88, 0x7, 0xff, 0x4, 0x40, 0x3c,
    0xe0, 0x1f, 0xfc, 0x17, 0x0, 0xff, 0xe8, 0x98,
    0x7, 0xff, 0x5, 0xc0, 0x3c, 0x20, 0x1f, 0xfc,
    0x6, 0x30, 0xf, 0xfe, 0x8c, 0x80, 0x7f, 0xf0,
    0x44, 0x3, 0xc6, 0x1, 0xfe, 0x1b, 0x90, 0xf,
    0xfe, 0x93, 0xe0, 0x80, 0x7f, 0xc6, 0x1, 0xe1,
    0x0, 0xfe, 0x4f, 0x40, 0x4, 0xff, 0xff, 0xf3,
    0xa4, 0x0, 0x7e, 0x60, 0x1f, 0xe1, 0x0, 0xf1,
    0x0, 0x7e, 0x8b, 0x10, 0x2d, 0x60, 0xf, 0xfe,
    0x73, 0x60, 0x80, 0xe3, 0x0, 0x7e, 0x30, 0xf,
    0xb5, 0x40, 0x38, 0xb1, 0xc0, 0xd, 0xa4, 0x1,
    0xff, 0xd0, 0x3f, 0x30, 0x4, 0xd0, 0x7, 0x9f,
    0x0, 0x3f, 0x54, 0x0, 0x4b, 0xa6, 0x3, 0x72,
    0x1, 0xff, 0xd3, 0x1c, 0x60, 0x2, 0xe1, 0x0,
    0x6, 0xe0, 0x3, 0xfc, 0xf6, 0x35, 0x40, 0x2,
    0x7a, 0x0, 0x7f, 0xf5, 0xa6, 0x80, 0x7, 0x88,
    0x8f, 0x40, 0xf, 0xfe, 0x2, 0x72, 0x80, 0x22,
    0xc4, 0x3, 0xff, 0xb0, 0xb8, 0x20, 0x37, 0x61,
    0x0, 0xff, 0xe2, 0x16, 0x38, 0x7, 0xff, 0x6c,
    0xfd, 0x0, 0x3f, 0xf9, 0x22, 0x1, 0xff, 0xdd,
    0x37, 0x0, 0xff, 0xe4, 0x16, 0xa8, 0x7, 0xff,
    0x6d, 0x74, 0xc0, 0x3f, 0xf8, 0xaf, 0x62, 0x0,
    0xa8, 0x0, 0xff, 0xec, 0xcd, 0x0, 0x7f, 0xf1,
    0x46, 0xe1, 0x30, 0xc0, 0xf, 0x62, 0x1, 0xff,
    0xd5, 0x3d, 0x60, 0xf, 0xfe, 0x2a, 0x7a, 0x0,
    0xb, 0x18, 0x0, 0x98, 0x60, 0x1f, 0xfd, 0x37,
    0xc2, 0x0, 0xff, 0xe2, 0xbd, 0x88, 0x7, 0x4c,
    0x80, 0x5, 0x8a, 0x1, 0xff, 0xd0, 0x1b, 0x80,
    0xf, 0xfe, 0x3d, 0x0, 0x7e, 0x6c, 0x10, 0x5,
    0x40, 0x7, 0xff, 0x39, 0x3d, 0x0, 0x3f, 0xf9,
    0x6, 0x1, 0xfc, 0x7e, 0x80, 0x7, 0xff, 0xff,
    0xe7, 0x58, 0x80, 0x7f, 0xf2, 0x44, 0x3, 0xfc,
    0x36, 0xe0, 0x1f, 0xff, 0x48, 0x10, 0xf, 0xff,
    0xa0, 0x80, 0x7f, 0xf9, 0x44, 0x3, 0xff, 0xe8,
    0x60, 0x1f, 0xfc, 0x11, 0x0, 0xff, 0xf3, 0x8,
    0x7, 0xff, 0x4, 0xc0, 0x3f, 0xfc, 0xce, 0x1,
    0xff, 0xc1, 0x10, 0xf, 0xff, 0x30, 0x80, 0x7f,
    0xf0, 0x5c, 0x3, 0xff, 0xcc, 0x60, 0x1f, 0xfc,
    0x11, 0x0, 0xff, 0xf3, 0x8, 0x7, 0xff, 0x4,
    0xc0, 0x3f, 0xfc, 0xde, 0x1, 0xff, 0xc1, 0x10,
    0xf, 0xff, 0x30, 0x80, 0x7f, 0xf0, 0x7c, 0x3,
    0xff, 0xcc, 0x60, 0x1f, 0xfc, 0x11, 0x0, 0xff,
    0xf3, 0x8, 0x7, 0xff, 0x4, 0xc0, 0x3f, 0xfc,
    0xce, 0x1, 0xff, 0xc1, 0x10, 0xf, 0xff, 0x30,
    0x80, 0x7f, 0xf0, 0x58, 0x3, 0xff, 0xcc, 0x60,
    0x1f, 0xfc, 0x13, 0x0, 0xff, 0xf3, 0x8, 0x7,
    0xff, 0x4, 0x40, 0x3f, 0xff, 0xe0, 0x1f, 0xfd,
    0xb1, 0x0, 0xff, 0xe0, 0x88, 0x7, 0xff, 0x98,
    0xc0, 0x3f, 0xf8, 0x26, 0x1, 0xff, 0xe6, 0x10,
    0xf, 0xfe, 0x8, 0x80, 0x7f, 0xf9, 0x9c, 0x3,
    0xff, 0x82, 0xe0, 0x1f, 0xfe, 0x61, 0x0, 0xff,
    0xe0, 0x88, 0x7, 0xff, 0x98, 0xc0, 0x3f, 0xf8,
    0x26, 0x1, 0xff, 0xe6, 0x10, 0xf, 0xfe, 0x8,
    0x80, 0x7f, 0xf9, 0xbc, 0x3, 0xff, 0x83, 0xe0,
    0x1f, 0xfe, 0x61, 0x0, 0xff, 0xe0, 0x88, 0x7,
    0xff, 0x98, 0xc0, 0x3f, 0xf8, 0x26, 0x1, 0xff,
    0xe6, 0x10, 0xf, 0xfe, 0x8, 0x80, 0x7f, 0xf9,
    0x9c, 0x3, 0xff, 0x82, 0xe0, 0x1f, 0xfe, 0x61,
    0x0, 0xff, 0xe0, 0x88, 0x7, 0xff, 0x98, 0xc0,
    0x3f, 0xf8, 0xa, 0x40, 0x1f, 0xfe, 0x61, 0x0,
    0xff, 0x9a, 0x80, 0x3f, 0xfe, 0x4f, 0x20, 0x8,
    0xff, 0xff, 0xe6, 0xf0, 0x7, 0xff, 0x56, 0x20,
    0x0, 0x97, 0x0, 0xff, 0xe6, 0x89, 0x80, 0x7f,
    0xf4, 0xe5, 0xc0, 0x14, 0xc0, 0x1f, 0xfc, 0xfb,
    0x0, 0xff, 0xe5, 0x18, 0x7, 0xd4, 0xc0, 0xb,
    0x50, 0xf, 0xfe, 0x82, 0x0, 0x7f, 0xf2, 0x94,
    0x3, 0xd6, 0xa0, 0xb, 0x40, 0xf, 0xfe, 0x89,
    0x88, 0x7, 0xff, 0x27, 0x40, 0x30, 0xe2, 0x0,
    0x31, 0x0, 0x3f, 0xfa, 0x6e, 0x1, 0xff, 0xc9,
    0x41, 0x0, 0xe, 0x18, 0xe, 0x18, 0x7, 0xff,
    0x53, 0x0, 0x3f, 0xf9, 0x56, 0x5, 0x84, 0x3,
    0x86, 0x1, 0xff, 0xd5, 0x50, 0xf, 0xfe, 0x52,
    0xb6, 0x10, 0x16, 0x10, 0x7, 0xff, 0x5d, 0x0,
    0x3f, 0xf9, 0x52, 0x20, 0x58, 0x40, 0x1f, 0xfd,
    0x8c, 0x0, 0xff, 0xe6, 0x1e, 0x8, 0x7, 0xff,
    0x65, 0x40, 0x3f, 0xf9, 0x84, 0xa0, 0x1f, 0xfd,
    0xa2, 0x20, 0x7, 0xff, 0x2c, 0x6e, 0x8c, 0x3,
    0xff, 0xb2, 0x80, 0x1f, 0xfc, 0xd5, 0xcc, 0x42,
    0x10, 0x7, 0xff, 0x57, 0x40, 0x3f, 0xf8, 0xc0,

    /* U+0066 "f" */
    0x0, 0xff, 0xe2, 0x1b, 0xde, 0xf7, 0xff, 0xff,
    0x4f, 0x64, 0x3, 0xff, 0x86, 0xb9, 0x88, 0x42,
    0x10, 0xf, 0xfe, 0x99, 0x78, 0x7, 0xff, 0x4,
    0xb2, 0x8c, 0x3, 0xff, 0xb0, 0x2c, 0x1, 0xff,
    0xc1, 0x83, 0x0, 0xff, 0xed, 0x30, 0x7, 0xff,
    0xa, 0x90, 0x3, 0xff, 0xb5, 0x20, 0x1f, 0xf1,
    0x98, 0x1, 0x66, 0x1, 0xff, 0xd8, 0x51, 0x0,
    0xff, 0xe, 0xe1, 0x80, 0x34, 0xc0, 0x3f, 0xfa,
    0xfc, 0x1, 0xff, 0x58, 0x86, 0x90, 0xe, 0x90,
    0x7, 0xff, 0x54, 0x90, 0x3, 0xfc, 0x6a, 0x0,
    0x1c, 0x20, 0x1c, 0x20, 0xf, 0xfe, 0xa5, 0x80,
    0x7f, 0xd2, 0x1, 0x87, 0xc4, 0x7, 0xc4, 0x3,
    0xff, 0xa4, 0x2c, 0x1, 0xff, 0x28, 0x7, 0x16,
    0x8, 0x16, 0x8, 0x7, 0xff, 0x45, 0x80, 0x3f,
    0xe4, 0x0, 0xf8, 0xb4, 0x40, 0xb4, 0x3, 0xff,
    0xa3, 0x40, 0x1f, 0xf1, 0x80, 0x7e, 0x3d, 0x0,
    0x1e, 0x0, 0x7f, 0xf3, 0xd0, 0x80, 0x3f, 0xee,
    0x0, 0xfe, 0x3b, 0x0, 0x1d, 0x80, 0x7f, 0xf3,
    0xbc, 0x3, 0xff, 0x80, 0x40, 0x1f, 0xe4, 0xb0,
    0x2, 0x7f, 0xff, 0xf3, 0x90, 0x3, 0xff, 0x80,
    0xe0, 0x1f, 0xf2, 0x50, 0x7, 0xff, 0x74, 0x40,
    0x3f, 0xf8, 0xa, 0x40, 0x1f, 0xfd, 0xc3, 0x0,
    0xff, 0xe0, 0x98, 0x7, 0xff, 0x70, 0x40, 0x3f,
    0xf8, 0x22, 0x1, 0xff, 0xff, 0x0, 0xff, 0xe3,
    0x88, 0x7, 0xff, 0x4, 0x40, 0x3f, 0xfb, 0x86,
    0x1, 0xff, 0xc1, 0x30, 0xf, 0xfe, 0xe0, 0x80,
    0x7f, 0xf0, 0x44, 0x3, 0xff, 0xb8, 0xe0, 0x1f,
    0xfc, 0x17, 0x0, 0xff, 0xee, 0x8, 0x7, 0xff,
    0x4, 0x40, 0x3f, 0xfb, 0x86, 0x1, 0xff, 0xc1,
    0x30, 0xf, 0xfe, 0xe0, 0x80, 0x7f, 0xf0, 0x44,
    0x3, 0xff, 0xb9, 0xe0, 0x1f, 0xfc, 0x1f, 0x0,
    0xff, 0xee, 0x8, 0x7, 0xff, 0x4, 0x40, 0x3f,
    0xfb, 0x86, 0x1, 0xff, 0xc1, 0x30, 0xf, 0xfe,
    0xe3, 0x0, 0x7f, 0xf0, 0x44, 0x3, 0xff, 0xb8,
    0x20, 0x1f, 0xfc, 0x17, 0x0, 0xff, 0xee, 0x18,
    0x7, 0xff, 0x4, 0x40, 0x3f, 0xfb, 0x82, 0x1,
    0xff, 0xc1, 0x30, 0xf, 0xff, 0x50, 0x80, 0x7f,
    0xf6, 0xc4, 0x3, 0xff, 0x82, 0x20, 0x1f, 0xfd,
    0xc3, 0x0, 0xff, 0xe0, 0x98, 0x7, 0xff, 0x70,
    0x40, 0x3f, 0xf8, 0x22, 0x1, 0xff, 0xdc, 0x70,
    0xf, 0xfe, 0xb, 0x80, 0x7f, 0xf7, 0x4, 0x3,
    0xff, 0x82, 0x20, 0x1f, 0xfd, 0xc3, 0x0, 0xff,
    0xe0, 0x98, 0x7, 0xff, 0x70, 0x40, 0x3f, 0xf8,
    0x22, 0x1, 0xff, 0xdc, 0xf0, 0xf, 0xfe, 0xf,
    0x80, 0x7f, 0xf7, 0x4, 0x3, 0xff, 0x82, 0x20,
    0x1f, 0xfd, 0xc3, 0x0, 0xff, 0xe0, 0x98, 0x7,
    0xff, 0x70, 0x40, 0x3f, 0xf8, 0x22, 0x1, 0xff,
    0xdc, 0x70, 0xf, 0xfe, 0xb, 0x80, 0x7f, 0xf7,
    0x4, 0x3, 0xff, 0x80, 0xc6, 0x1, 0xff, 0xdc,
    0x30, 0xf, 0xf0, 0xd4, 0x80, 0x7f, 0xf7, 0x44,
    0x3, 0xf8, 0xfd, 0x40, 0x13, 0xff, 0xff, 0xce,
    0x90, 0xf, 0xfe, 0x1, 0x0, 0x7e, 0x8c, 0x10,
    0x2d, 0x60, 0xf, 0xfe, 0x73, 0x60, 0x80, 0x7f,
    0xb5, 0x40, 0x38, 0x71, 0xc0, 0xd, 0xa4, 0x1,
    0xff, 0xd0, 0x3f, 0x30, 0xf, 0xf5, 0x40, 0x4,
    0xbc, 0x60, 0x35, 0x20, 0x1f, 0xfd, 0x31, 0xc6,
    0x0, 0xff, 0x3d, 0x8c, 0xd0, 0x0, 0xfd, 0x40,
    0x3f, 0xfa, 0xd3, 0x20, 0xf, 0xf2, 0x73, 0x0,
    0x23, 0x4, 0x3, 0xff, 0xb0, 0xd8, 0x20, 0x1f,
    0xf0, 0xe3, 0x80, 0x7f, 0xf6, 0xcf, 0xd0, 0x3,
    0xfc, 0x62, 0x1, 0xff, 0xde, 0x70, 0xf, 0xf1,
    0x6a, 0x80, 0x7f, 0xf6, 0xd7, 0xcc, 0x3, 0xe6,
    0xa1, 0x0, 0x54, 0x0, 0x7f, 0xf6, 0x66, 0x84,
    0x3, 0xc3, 0x72, 0xb8, 0x40, 0x7, 0xb1, 0x0,
    0xff, 0xea, 0x96, 0xb0, 0x7, 0xc7, 0xe8, 0x0,
    0x2d, 0x50, 0x2, 0x61, 0x0, 0x7f, 0xf4, 0xdb,
    0x48, 0x3, 0xe7, 0xc1, 0x0, 0xea, 0x90, 0x1,
    0x6a, 0x80, 0x7f, 0xf4, 0x6, 0xe4, 0x3, 0xfa,
    0x80, 0x3f, 0x36, 0x8, 0x2, 0xa0, 0x3, 0xff,
    0x9c, 0x9e, 0x80, 0x1f, 0xe3, 0x0, 0xfe, 0x3f,
    0x30, 0x3, 0xff, 0xff, 0xf3, 0xac, 0x40, 0x3f,
    0xe1, 0x0, 0xff, 0xe, 0x38, 0x7, 0xff, 0xaa,
    0x4, 0x3, 0xff, 0xd4, 0x20, 0x1f, 0xfd, 0xb1,
    0x0, 0xff, 0xf5, 0x18, 0x7, 0xff, 0x4, 0x40,
    0x3f, 0xfb, 0x82, 0x1, 0xff, 0xc1, 0x30, 0xf,
    0xfe, 0xe3, 0x80, 0x7f, 0xf0, 0x44, 0x3, 0xff,
    0xb8, 0x20, 0x1f, 0xfc, 0x17, 0x0, 0xff, 0xee,
    0x18, 0x7, 0xff, 0x4, 0x40, 0x3f, 0xfb, 0x82,
    0x1, 0xff, 0xc1, 0x30, 0xf, 0xfe, 0xe7, 0x80,
    0x7f, 0xf0, 0x44, 0x3, 0xff, 0xb8, 0x20, 0x1f,
    0xfc, 0x1f, 0x0, 0xff, 0xee, 0x18, 0x7, 0xff,
    0x4, 0x40, 0x3f, 0xfb, 0x82, 0x1, 0xff, 0xc1,
    0x30, 0xf, 0xfe, 0xe3, 0x80, 0x7f, 0xf0, 0x44,
    0x3, 0xff, 0xb8, 0x20, 0x1f, 0xfc, 0x17, 0x0,
    0xff, 0xee, 0x18, 0x7, 0xff, 0x4, 0x80, 0x3f,
    0xfb, 0x82, 0x1, 0xff, 0xc1, 0x10, 0xf, 0xff,
    0xf8, 0x7, 0xff, 0x1c, 0x40, 0x3f, 0xf8, 0x22,
    0x1, 0xff, 0xdc, 0x30, 0xf, 0xfe, 0x9, 0x80,
    0x7f, 0xf7, 0x4, 0x3, 0xff, 0x82, 0x20, 0x1f,
    0xfd, 0xc7, 0x0, 0xff, 0xe0, 0xb8, 0x7, 0xff,
    0x70, 0x40, 0x3f, 0xf8, 0x22, 0x1, 0xff, 0xdc,
    0x30, 0xf, 0xfe, 0x9, 0x80, 0x7f, 0xf7, 0x4,
    0x3, 0xff, 0x82, 0x20, 0x1f, 0xfd, 0xcf, 0x0,
    0xff, 0xe0, 0xf8, 0x7, 0xff, 0x70, 0x40, 0x3f,
    0xf8, 0x22, 0x1, 0xff, 0xdc, 0x30, 0xf, 0xfe,
    0x9, 0x80, 0x7f, 0xf7, 0x4, 0x3, 0xff, 0x82,
    0x20, 0x1f, 0xfd, 0xc7, 0x0, 0xff, 0xe0, 0xb8,
    0x7, 0xff, 0x70, 0x40, 0x3f, 0xf8, 0x22, 0x1,
    0xff, 0xdc, 0x30, 0xf, 0xfe, 0x2, 0x10, 0x7,
    0xff, 0xa1, 0x6c, 0x3, 0xff, 0xba, 0x20, 0x1f,
    0xe6, 0xa0, 0xf, 0xff, 0x43, 0xc8, 0x7, 0xff,
    0xa2, 0x20, 0x1, 0xff, 0xe0, 0x20, 0xf, 0xa5,
    0xc0, 0x3f, 0xfc, 0x2e, 0x1, 0xea, 0x60, 0xf,
    0xff, 0x17, 0x80, 0x75, 0xa8, 0x7, 0xff, 0x8d,
    0x44, 0x2, 0xc4, 0x0, 0xff, 0xf2, 0xc0, 0xe,
    0x18, 0x7, 0xff, 0x99, 0x97, 0xc, 0x3, 0xff,
    0xca,

    /* U+0067 "g" */
    0x0, 0xff, 0xe0, 0x9b, 0xde, 0xf7, 0xff, 0xff,
    0x4f, 0x64, 0x3, 0xff, 0x94, 0xb9, 0x88, 0x42,
    0x10, 0xf, 0xfe, 0x99, 0x78, 0x1, 0xd4, 0x3,
    0xff, 0x88, 0x59, 0x46, 0x1, 0xff, 0xd8, 0x16,
    0x1, 0x8a, 0xc2, 0x0, 0xff, 0xe1, 0x41, 0x80,
    0x7f, 0xf6, 0x98, 0x0, 0xc0, 0x3, 0xd4, 0x0,
    0xff, 0xe0, 0xd2, 0x0, 0x7f, 0xf6, 0xa4, 0x1,
    0x40, 0x1a, 0xd0, 0x3, 0xf8, 0xcc, 0x0, 0xb3,
    0x0, 0xff, 0xec, 0x28, 0x82, 0x10, 0x7, 0x59,
    0x0, 0x7c, 0x3b, 0x86, 0x0, 0xd3, 0x0, 0xff,
    0xeb, 0xf0, 0x3, 0xc0, 0x3e, 0x90, 0xf, 0xac,
    0x43, 0x48, 0x7, 0x48, 0x3, 0xff, 0xaa, 0x48,
    0x4, 0x80, 0x1f, 0x21, 0x80, 0x71, 0xa8, 0x0,
    0x70, 0x80, 0x70, 0x80, 0x3f, 0xfa, 0x96, 0x0,
    0xb0, 0xf, 0xea, 0x0, 0xe9, 0x0, 0xc3, 0xe2,
    0x3, 0xe2, 0x1, 0xff, 0xd2, 0x16, 0x0, 0x30,
    0x7, 0xf3, 0x80, 0x72, 0x80, 0x71, 0x60, 0x81,
    0x60, 0x80, 0x7f, 0xf4, 0x58, 0x0, 0xe0, 0x1f,
    0xe1, 0x10, 0x4, 0x80, 0x1f, 0x16, 0x8, 0x16,
    0x80, 0x7f, 0xf4, 0x68, 0x1, 0x40, 0x1f, 0xf1,
    0x0, 0x46, 0x1, 0xf8, 0xb4, 0x0, 0x78, 0x1,
    0xff, 0xcf, 0x42, 0x4, 0x20, 0xf, 0xf9, 0xc0,
    0x2e, 0x0, 0xfe, 0x3b, 0x0, 0x1d, 0x80, 0x7f,
    0xf3, 0xbc, 0x1, 0xe0, 0x1f, 0xfc, 0x42, 0x0,
    0xff, 0x25, 0x80, 0x13, 0xff, 0xff, 0x9c, 0x80,
    0x48, 0x1, 0xff, 0xc4, 0x70, 0xf, 0xf9, 0x28,
    0x3, 0xff, 0xa5, 0x60, 0x1f, 0xfc, 0x17, 0x0,
    0x84, 0x3, 0xff, 0x80, 0xa6, 0x1, 0xff, 0xd1,
    0x70, 0xf, 0xfe, 0x8, 0x80, 0x46, 0x1, 0xff,
    0xc1, 0x20, 0xf, 0xfe, 0x88, 0x80, 0x7f, 0xf0,
    0x4c, 0x2, 0x10, 0xf, 0xfe, 0x8, 0x80, 0x7f,
    0xf7, 0xc4, 0x3, 0xff, 0xc4, 0x20, 0x1f, 0xfc,
    0x51, 0x0, 0xff, 0xe0, 0x88, 0x7, 0xff, 0x44,
    0xc0, 0x3f, 0xf8, 0x22, 0x1, 0x18, 0x7, 0xff,
    0x4, 0xc0, 0x3f, 0xfa, 0x22, 0x1, 0xff, 0xc1,
    0x30, 0x8, 0x40, 0x3f, 0xf8, 0x22, 0x1, 0xff,
    0xd1, 0x70, 0xf, 0xfe, 0x8, 0x80, 0x4e, 0x1,
    0xff, 0xc1, 0x70, 0xf, 0xfe, 0x89, 0x0, 0x7f,
    0xf0, 0x5c, 0x2, 0x10, 0xf, 0xfe, 0x8, 0x80,
    0x7f, 0xf4, 0x44, 0x3, 0xff, 0x82, 0x20, 0x11,
    0x80, 0x7f, 0xf0, 0x4c, 0x3, 0xff, 0xa3, 0xe0,
    0x1f, 0xfc, 0x13, 0x0, 0x84, 0x3, 0xff, 0x82,
    0x20, 0x1f, 0xfd, 0x11, 0x0, 0xff, 0xe0, 0x88,
    0x5, 0xe0, 0x1f, 0xfc, 0x1f, 0x0, 0xff, 0xe8,
    0x98, 0x7, 0xff, 0x7, 0xc0, 0x21, 0x0, 0xff,
    0xe0, 0x88, 0x7, 0xff, 0x44, 0x40, 0x3f, 0xf8,
    0x22, 0x1, 0x18, 0x7, 0xff, 0x4, 0xc0, 0x3f,
    0xfa, 0x2e, 0x1, 0xff, 0xc1, 0x30, 0x9, 0x80,
    0x3f, 0xf8, 0x22, 0x1, 0xff, 0xd1, 0x10, 0xf,
    0xfe, 0x8, 0x80, 0x42, 0x1, 0xff, 0xc1, 0x70,
    0xf, 0xfe, 0x89, 0x80, 0x7f, 0xf0, 0x58, 0x2,
    0x30, 0xf, 0xfe, 0x8, 0x80, 0x7f, 0xf4, 0x44,
    0x3, 0xff, 0x82, 0x60, 0x10, 0x80, 0x7f, 0xf0,
    0x4c, 0x3, 0xff, 0xbe, 0x20, 0x1f, 0xfc, 0x51,
    0x0, 0xff, 0xe8, 0x8, 0x7, 0xff, 0x14, 0x40,
    0x3f, 0xf8, 0x22, 0x1, 0xff, 0xd1, 0x30, 0xf,
    0xfe, 0x8, 0x80, 0x46, 0x1, 0xff, 0xc1, 0x30,
    0xf, 0xfe, 0x88, 0x80, 0x7f, 0xf0, 0x4c, 0x2,
    0x10, 0xf, 0xfe, 0x8, 0x80, 0x7f, 0xf4, 0x58,
    0x3, 0xff, 0x82, 0x20, 0x13, 0x80, 0x7f, 0xf0,
    0x5c, 0x3, 0xff, 0xa2, 0x60, 0x1f, 0xfc, 0x17,
    0x0, 0x84, 0x3, 0xff, 0x82, 0x20, 0x1f, 0xfd,
    0x11, 0x0, 0xff, 0xe0, 0x88, 0x4, 0x60, 0x1f,
    0xfc, 0x13, 0x0, 0xff, 0xe8, 0xf8, 0x7, 0xff,
    0x4, 0xc0, 0x21, 0x0, 0xff, 0xe0, 0x88, 0x7,
    0xff, 0x44, 0x40, 0x3f, 0xf8, 0x22, 0x1, 0x78,
    0x7, 0xff, 0x7, 0xc0, 0x3f, 0xfa, 0x26, 0x1,
    0xff, 0xc1, 0xf0, 0x8, 0x40, 0x3f, 0xf8, 0x22,
    0x1, 0xff, 0xd1, 0x10, 0xf, 0xfe, 0x8, 0x80,
    0x46, 0x1, 0xff, 0xc1, 0x30, 0xf, 0xfe, 0x8b,
    0x80, 0x7f, 0xf0, 0x4c, 0x2, 0x10, 0xf, 0xfe,
    0x8, 0x80, 0x7f, 0xf4, 0x44, 0x3, 0xff, 0x82,
    0x20, 0x13, 0x80, 0x7f, 0xf0, 0x5c, 0x3, 0xff,
    0xa2, 0x60, 0x1f, 0xfc, 0x17, 0x0, 0x84, 0x3,
    0xff, 0x80, 0xc6, 0x1, 0xff, 0xd1, 0x90, 0xf,
    0xfe, 0x8, 0x80, 0x46, 0x1, 0xfe, 0x1b, 0x90,
    0xf, 0xfe, 0x93, 0xe0, 0x80, 0x7f, 0xc6, 0x1,
    0x8, 0x7, 0xf2, 0x7a, 0x0, 0x27, 0xff, 0xff,
    0x9d, 0x20, 0x3, 0xf3, 0x0, 0xff, 0x8, 0x4,
    0x40, 0x1f, 0xa2, 0xc4, 0xb, 0x58, 0x3, 0xff,
    0x9c, 0xd8, 0x20, 0x38, 0xc0, 0x1f, 0x8c, 0x3,
    0x6a, 0x80, 0x71, 0x63, 0x80, 0x1b, 0x48, 0x3,
    0xff, 0xa0, 0x7e, 0x60, 0x9, 0xa0, 0xf, 0x3e,
    0x0, 0x75, 0x40, 0x4, 0xba, 0x60, 0x37, 0x20,
    0x1f, 0xfd, 0x31, 0xc6, 0x0, 0x2e, 0x10, 0x0,
    0x6e, 0x0, 0x3e, 0x7b, 0x1a, 0xa0, 0x1, 0x3d,
    0x0, 0x3f, 0xfa, 0xd3, 0x40, 0x3, 0xc4, 0x47,
    0xa0, 0x7, 0xf2, 0x72, 0x80, 0x22, 0xc4, 0x3,
    0xff, 0xb0, 0xb8, 0x20, 0x37, 0x61, 0x0, 0xff,
    0xe0, 0x96, 0x38, 0x7, 0xff, 0x6c, 0xfd, 0x0,
    0x3f, 0xf8, 0xc2, 0x1, 0xff, 0xdd, 0x37, 0x0,
    0xff, 0xe2, 0x96, 0xa8, 0x7, 0xff, 0x6d, 0x74,
    0xc0, 0x3f, 0xf8, 0xf5, 0x0, 0x1f, 0xfd, 0x99,
    0xa0, 0x1, 0x62, 0x80, 0x7f, 0xf1, 0x5e, 0xc4,
    0x3, 0xff, 0xaa, 0x7a, 0xc0, 0x5, 0xd3, 0xa8,
    0x0, 0xff, 0xe2, 0xa6, 0x18, 0x7, 0xff, 0x4d,
    0xf0, 0x80, 0x15, 0x40, 0x9, 0xec, 0x3, 0xff,
    0x8a, 0x58, 0xa0, 0x1f, 0xfd, 0x1, 0xb8, 0x0,
    0x1e, 0xa8, 0x7, 0x26, 0x88, 0x7, 0xff, 0x16,
    0xa0, 0x3, 0xff, 0x9c, 0x9e, 0x80, 0x7, 0xc2,
    0x0, 0xf8, 0x8c, 0x3, 0xff, 0x8c, 0xff, 0xff,
    0xfc, 0xeb, 0x10, 0x1b, 0x80, 0xf, 0xf1, 0x80,
    0x7f, 0xf8, 0xd3, 0xd0, 0x3, 0xff, 0xdf, 0x62,
    0x1, 0xff, 0xc0, 0x10, 0xf, 0xff, 0x10, 0x80,
    0x7f, 0xfc, 0x4c, 0x3, 0xff, 0x82, 0x20, 0x1f,
    0xfe, 0x31, 0x0, 0xff, 0xe0, 0x98, 0x7, 0xff,
    0x8d, 0xc0, 0x3f, 0xf8, 0x22, 0x1, 0xff, 0xe3,
    0x10, 0xf, 0xfe, 0xb, 0x80, 0x7f, 0xf8, 0xcc,
    0x3, 0xff, 0x82, 0x20, 0x1f, 0xfe, 0x31, 0x0,
    0xff, 0xe0, 0x98, 0x7, 0xff, 0x8f, 0xc0, 0x3f,
    0xf8, 0x22, 0x1, 0xff, 0xe3, 0x10, 0xf, 0xfe,
    0xf, 0x80, 0x7f, 0xf8, 0xcc, 0x3, 0xff, 0x82,
    0x20, 0x1f, 0xfe, 0x31, 0x0, 0xff, 0xe0, 0x98,
    0x7, 0xff, 0x8d, 0xc0, 0x3f, 0xf8, 0x22, 0x1,
    0xff, 0xe3, 0x10, 0xf, 0xfe, 0xb, 0x80, 0x7f,
    0xf8, 0xcc, 0x3, 0xff, 0x82, 0x20, 0x1f, 0xfe,
    0x31, 0x0, 0xff, 0xe0, 0x98, 0x7, 0xff, 0xc4,
    0x40, 0x3f, 0xfc, 0x44, 0x1, 0xff, 0xf1, 0x10,
    0xf, 0xfe, 0x8, 0x80, 0x7f, 0xf8, 0xdc, 0x3,
    0xff, 0x82, 0x60, 0x1f, 0xfe, 0x31, 0x0, 0xff,
    0xe0, 0x88, 0x7, 0xff, 0x8c, 0xc0, 0x3f, 0xf8,
    0x2e, 0x1, 0xff, 0xe3, 0x10, 0xf, 0xfe, 0x8,
    0x80, 0x7f, 0xf8, 0xfc, 0x3, 0xff, 0x82, 0x60,
    0x1f, 0xfe, 0x31, 0x0, 0xff, 0xe0, 0x88, 0x7,
    0xff, 0x8c, 0xc0, 0x3f, 0xf8, 0x3e, 0x1, 0xff,
    0xe3, 0x10, 0xf, 0xfe, 0x8, 0x80, 0x7f, 0xf8,
    0xdc, 0x3, 0xff, 0xe2, 0x20, 0x1f, 0xfc, 0x13,
    0x0, 0xff, 0xf1, 0x98, 0x7, 0xff, 0x4, 0x40,
    0x3f, 0xfc, 0x62, 0x1, 0xff, 0xc1, 0x70, 0xf,
    0xff, 0x19, 0x0, 0x7f, 0xf0, 0x44, 0x3, 0xff,
    0xc6, 0xa0, 0x1f, 0xfc, 0x13, 0x0, 0xff, 0xe3,
    0x47, 0xff, 0xff, 0x37, 0x80, 0x16, 0x1, 0xff,
    0xc1, 0x10, 0xf, 0xfe, 0x2c, 0xb8, 0x7, 0xff,
    0x34, 0x4c, 0xc, 0x40, 0x3f, 0xe2, 0x0, 0xff,
    0xe2, 0xd3, 0x0, 0x7f, 0xf3, 0xec, 0x0, 0xe0,
    0x1f, 0xf3, 0x0, 0x7f, 0xf1, 0x2d, 0x40, 0x3f,
    0xfa, 0x8, 0x0, 0xd0, 0xf, 0xfb, 0x0, 0x3f,
    0xf8, 0x76, 0x80, 0x1f, 0xfd, 0x13, 0x10, 0x40,
    0xf, 0xf9, 0x40, 0x3f, 0xf8, 0x58, 0x80, 0x1f,
    0xfd, 0x37, 0x0, 0x28, 0x7, 0xf2, 0x10, 0x7,
    0xff, 0x0, 0x70, 0xc0, 0x3f, 0xfa, 0x98, 0x0,
    0xf0, 0xf, 0xef, 0x0, 0xff, 0xe0, 0xe, 0x18,
    0x7, 0xff, 0x55, 0x40, 0xa, 0x1, 0xf9, 0x50,
    0x3, 0xfe, 0x2c, 0x20, 0xf, 0xfe, 0xba, 0x0,
    0x10, 0x3, 0xc5, 0x60, 0x1f, 0xf1, 0x61, 0x0,
    0x7f, 0xf6, 0x30, 0x1, 0xa0, 0x1c, 0x3e, 0x20,
    0x1f, 0xe3, 0xc1, 0x0, 0xff, 0xec, 0xa8, 0x1,
    0xc0, 0x31, 0xf9, 0x0, 0x7f, 0xc4, 0xa0, 0x1f,
    0xfd, 0xa2, 0x20, 0x9, 0x80, 0x23, 0x4, 0x3,
    0xff, 0x80, 0x37, 0x46, 0x1, 0xff, 0xd9, 0x40,
    0x5, 0xb7, 0x38, 0x7, 0xff, 0x11, 0x73, 0x10,
    0x84, 0x1, 0xff, 0xd5, 0xd0, 0x3, 0xc8, 0x80,
    0x7f, 0xf0, 0x40,

    /* U+0068 "h" */
    0x0, 0xfe, 0x44, 0x0, 0x7f, 0xfb, 0xc6, 0xad,
    0x0, 0x3f, 0xfd, 0xd4, 0x21, 0x66, 0x1, 0xff,
    0xec, 0x34, 0x0, 0xb4, 0xc0, 0x3f, 0xfd, 0x70,
    0x1, 0x87, 0x48, 0x3, 0xff, 0xd4, 0x80, 0x1c,
    0x38, 0x40, 0x1f, 0xfe, 0x85, 0x0, 0xf8, 0x7c,
    0x40, 0x3f, 0xfc, 0xe4, 0x1, 0xf8, 0xb0, 0x40,
    0x3f, 0xfc, 0xda, 0x1, 0xfc, 0x5a, 0x20, 0x1f,
    0xfe, 0x51, 0x0, 0xff, 0x1e, 0x80, 0x7f, 0xf9,
    0x5c, 0x3, 0xfe, 0x3b, 0x0, 0xff, 0xf2, 0x8,
    0x7, 0xff, 0x1, 0x8, 0x3, 0xff, 0xc6, 0x60,
    0x1f, 0xfc, 0x13, 0x0, 0xff, 0xf1, 0x88, 0x7,
    0xff, 0x4, 0x40, 0x3f, 0xff, 0xe0, 0x1f, 0xfd,
    0x51, 0x0, 0xff, 0xe0, 0x88, 0x7, 0xff, 0x8c,
    0xc0, 0x3f, 0xf8, 0x26, 0x1, 0xff, 0xe3, 0x10,
    0xf, 0xfe, 0x8, 0x80, 0x7f, 0xf8, 0xdc, 0x3,
    0xff, 0x82, 0xe0, 0x1f, 0xfe, 0x31, 0x0, 0xff,
    0xe0, 0x88, 0x7, 0xff, 0x8c, 0xc0, 0x3f, 0xf8,
    0x26, 0x1, 0xff, 0xe3, 0x10, 0xf, 0xfe, 0x8,
    0x80, 0x7f, 0xf8, 0xfc, 0x3, 0xff, 0x83, 0xe0,
    0x1f, 0xfe, 0x32, 0x0, 0xff, 0xe0, 0x88, 0x7,
    0xff, 0x8c, 0x40, 0x3f, 0xf8, 0x26, 0x1, 0xff,
    0xe3, 0x70, 0xf, 0xfe, 0x8, 0x80, 0x7f, 0xf8,
    0xc4, 0x3, 0xff, 0x82, 0xe0, 0x1f, 0xfe, 0x33,
    0x0, 0xff, 0xe0, 0x88, 0x7, 0xff, 0x8c, 0x40,
    0x3f, 0xf8, 0x26, 0x1, 0xff, 0xf1, 0x10, 0xf,
    0xff, 0x10, 0x80, 0x7f, 0xf0, 0x44, 0x3, 0xff,
    0xc6, 0x60, 0x1f, 0xfc, 0x13, 0x0, 0xff, 0xf1,
    0x88, 0x7, 0xff, 0x4, 0x40, 0x3f, 0xfc, 0x6e,
    0x1, 0xff, 0xc1, 0x70, 0xf, 0xff, 0x18, 0x80,
    0x7f, 0xf0, 0x44, 0x3, 0xff, 0xc6, 0x60, 0x1f,
    0xfc, 0x13, 0x0, 0xff, 0xf1, 0x88, 0x7, 0xff,
    0x4, 0x40, 0x3f, 0xfc, 0x7e, 0x1, 0xff, 0xc1,
    0xf0, 0xf, 0xff, 0x18, 0x80, 0x7f, 0xf0, 0x44,
    0x3, 0xff, 0xc6, 0x60, 0x1f, 0xfc, 0x13, 0x0,
    0xff, 0xf1, 0x88, 0x7, 0xff, 0x4, 0x40, 0x3f,
    0xfc, 0x6e, 0x1, 0xff, 0xc1, 0x70, 0xf, 0xff,
    0x18, 0x80, 0x7f, 0xf0, 0x18, 0xc0, 0x3f, 0xfc,
    0x66, 0x1, 0xfe, 0x1b, 0x90, 0xf, 0xff, 0x20,
    0x80, 0x7f, 0x27, 0xa0, 0x2, 0x7f, 0xff, 0xf9,
    0xd2, 0x1, 0xff, 0xc7, 0x20, 0xf, 0xd1, 0x62,
    0x5, 0xac, 0x1, 0xff, 0xce, 0x6c, 0x10, 0xf,
    0xfe, 0x2e, 0xa8, 0x7, 0x16, 0x38, 0x1, 0xb4,
    0x80, 0x3f, 0xfa, 0x7, 0xe6, 0x1, 0xff, 0xc5,
    0xa8, 0x0, 0x97, 0x4c, 0x6, 0xe4, 0x3, 0xff,
    0xa6, 0x38, 0xc0, 0x1f, 0xfc, 0x57, 0xb1, 0xaa,
    0x0, 0x13, 0xd0, 0x3, 0xff, 0xad, 0x34, 0x1,
    0xff, 0xc5, 0x4e, 0x50, 0x4, 0x58, 0x80, 0x7f,
    0xf6, 0x17, 0x4, 0x3, 0xff, 0x8c, 0x58, 0xe0,
    0x1f, 0xfd, 0xb3, 0xf4, 0x0, 0xff, 0xe3, 0x8,
    0x7, 0xff, 0x74, 0xdc, 0x3, 0xff, 0x8a, 0x5a,
    0xa0, 0x1f, 0xfd, 0xb5, 0xd3, 0x0, 0xff, 0xe1,
    0x3d, 0x88, 0x2, 0xa0, 0x3, 0xff, 0xb3, 0x34,
    0x0, 0x2c, 0x50, 0xf, 0xe1, 0xb8, 0x4c, 0x30,
    0x3, 0xd8, 0x80, 0x7f, 0xf5, 0x4f, 0x58, 0x0,
    0xba, 0x75, 0x0, 0x1f, 0x27, 0xa0, 0x0, 0xb1,
    0x80, 0x9, 0x86, 0x1, 0xff, 0xd3, 0x7c, 0x20,
    0x5, 0x50, 0x2, 0x7b, 0x0, 0xe7, 0xb1, 0x0,
    0xe9, 0x90, 0x0, 0xb1, 0x40, 0x3f, 0xfa, 0x3,
    0x70, 0x0, 0x3d, 0x50, 0xe, 0x4d, 0x10, 0xa,
    0x80, 0x3f, 0x36, 0x8, 0x2, 0xa0, 0x3, 0xff,
    0x9c, 0x9e, 0x80, 0x7, 0xc2, 0x0, 0xf8, 0x8c,
    0x2, 0x30, 0xf, 0xe3, 0xf4, 0x0, 0x3f, 0xff,
    0xff, 0x3a, 0xc4, 0x6, 0xe0, 0x3, 0xfc, 0x60,
    0x10, 0x80, 0x7f, 0x86, 0xdc, 0x3, 0xff, 0xa4,
    0x9e, 0x80, 0x1f, 0xfd, 0x8, 0x10, 0xf, 0xfe,
    0x8d, 0x88, 0x7, 0xff, 0x0, 0x40, 0x3f, 0xf8,
    0xa2, 0x1, 0xff, 0xd0, 0x10, 0xf, 0xfe, 0x28,
    0x80, 0x7f, 0xf7, 0xcc, 0x3, 0xff, 0x82, 0x20,
    0x11, 0x80, 0x7f, 0xf0, 0x44, 0x3, 0xff, 0xa2,
    0x20, 0x1f, 0xfc, 0x13, 0x0, 0x84, 0x3, 0xff,
    0x82, 0x60, 0x1f, 0xfd, 0x17, 0x0, 0xff, 0xe0,
    0x88, 0x4, 0xe0, 0x1f, 0xfc, 0x11, 0x0, 0xff,
    0xe8, 0x88, 0x7, 0xff, 0x5, 0xc0, 0x21, 0x0,
    0xff, 0xe0, 0xb8, 0x7, 0xff, 0x44, 0xc0, 0x3f,
    0xf8, 0x22, 0x1, 0x18, 0x7, 0xff, 0x4, 0x40,
    0x3f, 0xfa, 0x22, 0x1, 0xff, 0xc1, 0x30, 0x8,
    0x40, 0x3f, 0xf8, 0x26, 0x1, 0xff, 0xd1, 0xf0,
    0xf, 0xfe, 0x8, 0x80, 0x5e, 0x1, 0xff, 0xc1,
    0x10, 0xf, 0xfe, 0x88, 0x80, 0x7f, 0xf0, 0x7c,
    0x2, 0x10, 0xf, 0xfe, 0xf, 0x80, 0x7f, 0xf4,
    0x4c, 0x3, 0xff, 0x82, 0x20, 0x11, 0x80, 0x7f,
    0xf0, 0x44, 0x3, 0xff, 0xa2, 0x20, 0x1f, 0xfc,
    0x13, 0x0, 0x84, 0x3, 0xff, 0x82, 0x60, 0x1f,
    0xfd, 0x17, 0x0, 0xff, 0xe0, 0x88, 0x4, 0xe0,
    0x1f, 0xfc, 0x11, 0x0, 0xff, 0xe8, 0x88, 0x7,
    0xff, 0x5, 0xc0, 0x21, 0x0, 0xff, 0xe0, 0xb8,
    0x7, 0xff, 0x44, 0xc0, 0x3f, 0xf8, 0x22, 0x1,
    0x18, 0x7, 0xff, 0x4, 0x80, 0x3f, 0xfa, 0x22,
    0x1, 0xff, 0xc1, 0x30, 0x8, 0x40, 0x3f, 0xf8,
    0x22, 0x1, 0xff, 0xdf, 0x10, 0xf, 0xff, 0x10,
    0x80, 0x7f, 0xf1, 0x44, 0x3, 0xff, 0x82, 0x20,
    0x1f, 0xfd, 0x12, 0x0, 0xff, 0xe0, 0x88, 0x4,
    0x60, 0x1f, 0xfc, 0x13, 0x0, 0xff, 0xe8, 0xb8,
    0x7, 0xff, 0x4, 0xc0, 0x21, 0x0, 0xff, 0xe0,
    0x88, 0x7, 0xff, 0x44, 0x40, 0x3f, 0xf8, 0x22,
    0x1, 0x38, 0x7, 0xff, 0x5, 0xc0, 0x3f, 0xfa,
    0x26, 0x1, 0xff, 0xc1, 0x70, 0x8, 0x40, 0x3f,
    0xf8, 0x22, 0x1, 0xff, 0xd1, 0x10, 0xf, 0xfe,
    0x8, 0x80, 0x46, 0x1, 0xff, 0xc1, 0x30, 0xf,
    0xfe, 0x8f, 0x80, 0x7f, 0xf0, 0x4c, 0x2, 0x10,
    0xf, 0xfe, 0x8, 0x80, 0x7f, 0xf4, 0x44, 0x3,
    0xff, 0x82, 0x20, 0x17, 0x80, 0x7f, 0xf0, 0x7c,
    0x3, 0xff, 0xa2, 0x60, 0x1f, 0xfc, 0x51, 0x0,
    0xff, 0xe0, 0x88, 0x7, 0xff, 0x44, 0x40, 0x3f,
    0xf8, 0x3e, 0x1, 0x18, 0x7, 0xff, 0x4, 0xc0,
    0x3f, 0xfa, 0x2e, 0x1, 0xff, 0xc1, 0x10, 0x8,
    0x40, 0x3f, 0xf8, 0x22, 0x1, 0xff, 0xd1, 0x10,
    0xf, 0xfe, 0x9, 0x80, 0x4e, 0x1, 0xff, 0xc1,
    0x70, 0xf, 0xfe, 0x89, 0x80, 0x7f, 0xf0, 0x44,
    0x2, 0x10, 0xf, 0xfe, 0x8, 0x80, 0x7f, 0xf4,
    0x44, 0x3, 0xff, 0x82, 0xe0, 0x11, 0x80, 0x7f,
    0xf0, 0x10, 0x80, 0x3f, 0xfa, 0x24, 0x1, 0xff,
    0xc1, 0x10, 0x8, 0x40, 0x3f, 0xe5, 0xb0, 0xf,
    0xfe, 0x92, 0x80, 0x7f, 0xf0, 0x4c, 0x3, 0xff,
    0x84, 0xd4, 0x1, 0xff, 0xd3, 0xb0, 0xf, 0xfe,
    0x8, 0x80, 0x7f, 0xf0, 0x5e, 0x40, 0x3f, 0xfa,
    0x86, 0x20, 0x1f, 0xf1, 0x0, 0x7f, 0xf0, 0x62,
    0x0, 0x1f, 0xfd, 0x67, 0x0, 0xff, 0x98, 0x3,
    0x18, 0x7, 0xd2, 0xe0, 0x1f, 0xfd, 0x7d, 0x0,
    0xff, 0xb0, 0x3, 0x30, 0x7, 0xa9, 0x80, 0x3f,
    0xfb, 0x8, 0x1, 0xff, 0x28, 0x6, 0xf0, 0xe,
    0xb5, 0x0, 0xff, 0xed, 0x28, 0x7, 0xf1, 0x90,
    0x6, 0x51, 0x0, 0xe, 0x20, 0x7, 0xff, 0x6f,
    0x0, 0x3f, 0xa0, 0x3, 0xd0, 0x3, 0x86, 0x1,
    0xff, 0xdc, 0x70, 0xf, 0xc8, 0x80, 0xf, 0x32,
    0xe1, 0x0, 0x7f, 0xf7, 0x44, 0xc0, 0x3c, 0x34,
    0x1, 0xfa, 0x88, 0x3, 0xff, 0xbf, 0x60, 0x1c,
    0x38, 0x20, 0x1f, 0xfe, 0x95, 0x0, 0xc5, 0x84,
    0x1, 0xff, 0xea, 0x22, 0x0, 0x1b, 0x48, 0x3,
    0xff, 0xd9, 0x4b, 0xb2, 0x1, 0xff, 0xee, 0x7a,
    0x20, 0xf, 0xf0,

    /* U+0069 "i" */
    0x0, 0xff, 0xe8, 0x9e, 0xb0, 0x7, 0xff, 0x9,
    0xf0, 0xa6, 0x40, 0x1f, 0xf0, 0xdc, 0x0, 0x4d,
    0x82, 0x1, 0xf9, 0x3d, 0x0, 0x38, 0xfc, 0x40,
    0x3d, 0x16, 0x20, 0x1f, 0x9, 0x80, 0x62, 0xc7,
    0x0, 0xff, 0x18, 0x4, 0xba, 0x60, 0x1f, 0xf0,
    0x80, 0x54, 0x1, 0xff, 0xc4, 0x10, 0xf, 0xfe,
    0x29, 0x80, 0x7f, 0xf0, 0x44, 0x2, 0x10, 0xf,
    0xfe, 0x9, 0x80, 0x4e, 0x1, 0xff, 0xc1, 0x10,
    0x8, 0x40, 0x3f, 0xf8, 0x2e, 0x1, 0x18, 0x7,
    0xff, 0x4, 0x40, 0x21, 0x0, 0xff, 0xe0, 0x98,
    0x5, 0xe0, 0x1f, 0xfc, 0x11, 0x0, 0x84, 0x3,
    0xff, 0x83, 0xe0, 0x11, 0x80, 0x7f, 0xf0, 0x44,
    0x2, 0x10, 0xf, 0xfe, 0x9, 0x80, 0x4e, 0x1,
    0xff, 0xc1, 0x10, 0x8, 0x40, 0x3f, 0xf8, 0x2e,
    0x1, 0x18, 0x7, 0xff, 0x4, 0x40, 0x21, 0x0,
    0xff, 0xe0, 0x98, 0x0, 0x40, 0x3f, 0xf8, 0x42,
    0x0, 0x30, 0xf, 0xfe, 0x28, 0x80, 0x7f, 0xf0,
    0x44, 0x2, 0x70, 0xf, 0xfe, 0x9, 0x80, 0x42,
    0x1, 0xff, 0xc1, 0x10, 0x8, 0xc0, 0x3f, 0xf8,
    0x2e, 0x1, 0x8, 0x7, 0xff, 0x4, 0x40, 0x2f,
    0x0, 0xff, 0xe0, 0x98, 0x4, 0x20, 0x1f, 0xfc,
    0x11, 0x0, 0x8c, 0x3, 0xff, 0x83, 0xe0, 0x10,
    0x80, 0x7f, 0xf0, 0x44, 0x2, 0x70, 0xf, 0xfe,
    0x28, 0x80, 0x7f, 0xf0, 0x4c, 0x2, 0x30, 0xf,
    0xfe, 0x8, 0x80, 0x42, 0x1, 0xff, 0xc1, 0x70,
    0x8, 0x80, 0x3f, 0xf8, 0x22, 0x1, 0x28, 0x7,
    0xff, 0x4, 0xc0, 0x2b, 0x0, 0xff, 0xe0, 0x88,
    0x4, 0x62, 0x1, 0xff, 0x10, 0x7, 0x38, 0x7,
    0xfc, 0xc0, 0x1d, 0xa0, 0x1f, 0xf6, 0x0, 0x72,
    0x0, 0x7f, 0xca, 0x1, 0xe5, 0x0, 0xfe, 0x42,
    0x0, 0xf7, 0x80, 0x7f, 0x78, 0x7, 0xca, 0x1,
    0xf9, 0x50, 0x3, 0xf2, 0x0, 0x78, 0xac, 0x3,
    0xfb, 0x40, 0x38, 0x7c, 0x40, 0x3f, 0x9c, 0x3,
    0x1f, 0x90, 0x7, 0xf8, 0x4c, 0x1, 0x18, 0x20,
    0x1f, 0xfc, 0xb, 0x6e, 0x70, 0xf, 0xe0,

    /* U+006A "j" */
    0x0, 0xff, 0xf3, 0xcb, 0x80, 0x7f, 0xfb, 0x45,
    0xa3, 0x90, 0x3, 0xff, 0xd7, 0x20, 0x1, 0xb6,
    0x0, 0xff, 0xf5, 0x30, 0x6, 0x96, 0x0, 0xff,
    0xf4, 0x30, 0x80, 0x74, 0x98, 0x7, 0xff, 0x9e,
    0x80, 0x3e, 0xf0, 0xf, 0xff, 0x31, 0x98, 0x3,
    0xe3, 0x40, 0xf, 0xff, 0x2c, 0x80, 0x7f, 0x70,
    0x7, 0xff, 0x90, 0x54, 0x3, 0xf9, 0x0, 0x3f,
    0xfc, 0x92, 0x1, 0xfe, 0x11, 0x0, 0x7f, 0xf8,
    0xd8, 0x3, 0xfe, 0x50, 0xf, 0xff, 0x13, 0x8,
    0x7, 0xff, 0xba, 0x80, 0x3f, 0xfd, 0xc6, 0x60,
    0xf, 0xff, 0x74, 0x80, 0x7f, 0xf0, 0x5c, 0x3,
    0xff, 0xc2, 0x80, 0x1f, 0xfc, 0x11, 0x0, 0xff,
    0xf0, 0x88, 0x7, 0xff, 0x4, 0xc0, 0x3f, 0xfd,
    0xe2, 0x1, 0xff, 0xe0, 0x10, 0xf, 0xff, 0x79,
    0x0, 0x7f, 0xf0, 0x44, 0x3, 0xff, 0xc2, 0xe0,
    0x1f, 0xfc, 0x13, 0x0, 0xff, 0xf0, 0x88, 0x7,
    0xff, 0x4, 0x40, 0x3f, 0xfc, 0x26, 0x1, 0xff,
    0xc1, 0x70, 0xf, 0xff, 0x8, 0x80, 0x7f, 0xf0,
    0x44, 0x3, 0xff, 0xc3, 0xe0, 0x1f, 0xfc, 0x13,
    0x0, 0xff, 0xf0, 0x88, 0x7, 0xff, 0x7, 0x80,
    0x3f, 0xfc, 0x26, 0x1, 0xff, 0xc1, 0x10, 0xf,
    0xff, 0x8, 0x80, 0x7f, 0xf0, 0x4c, 0x3, 0xff,
    0xc2, 0xe0, 0x1f, 0xfc, 0x11, 0x0, 0xff, 0xf0,
    0x88, 0x7, 0xff, 0x5, 0xc0, 0x3f, 0xfc, 0x26,
    0x1, 0xff, 0xc1, 0x10, 0xf, 0xff, 0x8, 0x80,
    0x7f, 0xf0, 0x4c, 0x3, 0xff, 0xde, 0x20, 0x1f,
    0xfe, 0x1, 0x0, 0xff, 0xf7, 0x90, 0x7, 0xff,
    0x4, 0x40, 0x3f, 0xfc, 0x2e, 0x1, 0xff, 0xc1,
    0x30, 0xf, 0xff, 0x8, 0x80, 0x7f, 0xf0, 0x44,
    0x3, 0xff, 0xc2, 0x60, 0x1f, 0xfc, 0x17, 0x0,
    0xff, 0xf0, 0x88, 0x7, 0xff, 0x4, 0x40, 0x3f,
    0xfc, 0x3e, 0x1, 0xff, 0xc1, 0x30, 0xf, 0xff,
    0x8, 0x80, 0x7f, 0xf0, 0x44, 0x3, 0xff, 0xc2,
    0x60, 0x1f, 0xfc, 0x1f, 0x0, 0xff, 0xf0, 0x88,
    0x7, 0xff, 0x4, 0x40, 0x3f, 0xfc, 0x2e, 0x1,
    0xff, 0xc1, 0x30, 0xf, 0xff, 0x8, 0x80, 0x7f,
    0xf0, 0x44, 0x3, 0xff, 0xc2, 0x60, 0x1f, 0xfc,
    0x17, 0x0, 0xff, 0xf0, 0xd8, 0x7, 0xff, 0x4,
    0x40, 0x3f, 0xfc, 0x2b, 0xa4, 0x1, 0xff, 0x18,
    0x7, 0xff, 0x88, 0xb1, 0x0, 0x3f, 0xc2, 0x1,
    0xff, 0xe3, 0x1b, 0x80, 0xf, 0xc8, 0x1, 0xff,
    0xe6, 0x7b, 0x10, 0xe, 0x8b, 0x0, 0xff, 0xf3,
    0xa6, 0x10, 0x0, 0xb1, 0xc0, 0x3f, 0xfd, 0x25,
    0xaa, 0xad, 0x30, 0xf, 0xff, 0x65, 0x50, 0x3,
    0xff, 0xfe, 0x1, 0xff, 0xff, 0x0, 0xff, 0xff,
    0x80, 0x7f, 0xf0, 0xf, 0x58, 0x3, 0xff, 0xd8,
    0xf8, 0x53, 0x20, 0xf, 0xff, 0x48, 0xdc, 0x0,
    0x4d, 0x82, 0x1, 0xff, 0xe6, 0x4f, 0x40, 0xe,
    0x3f, 0x10, 0xf, 0xff, 0x24, 0x58, 0x80, 0x7c,
    0x26, 0x1, 0xff, 0xe2, 0x2c, 0x70, 0xf, 0xf1,
    0x80, 0x7f, 0xf8, 0x57, 0x4c, 0x3, 0xfe, 0x10,
    0xf, 0xff, 0xd, 0x0, 0x7f, 0xfb, 0x84, 0x3,
    0xff, 0xde, 0x60, 0x1f, 0xfc, 0x11, 0x0, 0xff,
    0xf0, 0x88, 0x7, 0xff, 0x4, 0xc0, 0x3f, 0xfc,
    0x2e, 0x1, 0xff, 0xc1, 0x10, 0xf, 0xff, 0x8,
    0x80, 0x7f, 0xf0, 0x5c, 0x3, 0xff, 0xc2, 0x60,
    0x1f, 0xfc, 0x11, 0x0, 0xff, 0xf0, 0x88, 0x7,
    0xff, 0x4, 0xc0, 0x3f, 0xfc, 0x3e, 0x1, 0xff,
    0xc1, 0x10, 0xf, 0xff, 0x8, 0x80, 0x7f, 0xf0,
    0x7c, 0x3, 0xff, 0xc2, 0x60, 0x1f, 0xfc, 0x11,
    0x0, 0xff, 0xf0, 0x88, 0x7, 0xff, 0x4, 0xc0,
    0x3f, 0xfc, 0x2e, 0x1, 0xff, 0xc1, 0x10, 0xf,
    0xff, 0x8, 0x80, 0x7f, 0xf0, 0x5c, 0x3, 0xff,
    0xc2, 0x60, 0x1f, 0xfc, 0x11, 0x0, 0xff, 0xf0,
    0x88, 0x7, 0xff, 0x4, 0xc0, 0x3f, 0xfc, 0x2,
    0x1, 0xff, 0xc2, 0x10, 0xf, 0xff, 0x1, 0x80,
    0x7f, 0xfb, 0xc4, 0x3, 0xff, 0x82, 0x20, 0x1f,
    0xfe, 0x17, 0x0, 0xff, 0xe0, 0x98, 0x7, 0xff,
    0x84, 0x40, 0x3f, 0xf8, 0x22, 0x1, 0xff, 0xe1,
    0x30, 0xf, 0xfe, 0xb, 0x80, 0x7f, 0xf8, 0x44,
    0x3, 0xff, 0x82, 0x20, 0x1f, 0xfe, 0x1f, 0x0,
    0xff, 0xe0, 0x98, 0x7, 0xff, 0x84, 0x40, 0x3f,
    0xf8, 0x22, 0x1, 0xff, 0xe1, 0x30, 0xf, 0xfe,
    0xf, 0x80, 0x7f, 0xf8, 0x44, 0x3, 0xff, 0x82,
    0x20, 0x1f, 0xfe, 0x17, 0x0, 0xff, 0xf7, 0x88,
    0x7, 0xff, 0x4, 0xc0, 0x3f, 0xfc, 0x26, 0x1,
    0xff, 0xc1, 0x10, 0xf, 0xff, 0x8, 0x80, 0x7f,
    0xf0, 0x5c, 0x3, 0xff, 0xc2, 0x40, 0x1f, 0xfc,
    0x11, 0x0, 0xff, 0xf0, 0xa8, 0x7, 0xff, 0x4,
    0xc0, 0x3f, 0xf8, 0x91, 0xff, 0xff, 0xcd, 0xe0,
    0x5, 0x80, 0x7f, 0xf0, 0x44, 0x3, 0xff, 0x87,
    0x2e, 0x1, 0xff, 0xcd, 0x13, 0x3, 0x10, 0xf,
    0xf8, 0x80, 0x3f, 0xf8, 0x74, 0xc0, 0x1f, 0xfc,
    0xfb, 0x0, 0x38, 0x7, 0xfc, 0xc0, 0x1f, 0xfc,
    0x2b, 0x50, 0xf, 0xfe, 0x82, 0x0, 0x34, 0x3,
    0xfe, 0xc0, 0xf, 0xfe, 0xd, 0xa0, 0x7, 0xff,
    0x44, 0xc4, 0x10, 0x3, 0xfe, 0x50, 0xf, 0xfe,
    0x6, 0x20, 0x7, 0xff, 0x4d, 0xc0, 0xa, 0x1,
    0xfc, 0x84, 0x1, 0xfe, 0x1c, 0x30, 0xf, 0xfe,
    0xa6, 0x0, 0x3c, 0x3, 0xfb, 0xc0, 0x3f, 0xc3,
    0x86, 0x1, 0xff, 0xd5, 0x50, 0x2, 0x80, 0x7e,
    0x54, 0x0, 0xfe, 0x2c, 0x20, 0xf, 0xfe, 0xba,
    0x0, 0x10, 0x3, 0xc5, 0x60, 0x1f, 0xc5, 0x84,
    0x1, 0xff, 0xd8, 0xc0, 0x6, 0x80, 0x70, 0xf8,
    0x80, 0x7e, 0x3c, 0x10, 0xf, 0xfe, 0xca, 0x80,
    0x1c, 0x3, 0x1f, 0x90, 0x7, 0xf1, 0x28, 0x7,
    0xff, 0x68, 0x88, 0x2, 0x60, 0x8, 0xc1, 0x0,
    0xff, 0xd, 0xd1, 0x80, 0x7f, 0xf6, 0x50, 0x1,
    0x6d, 0xce, 0x1, 0xff, 0xc2, 0x5c, 0xc4, 0x21,
    0x0, 0x7f, 0xf5, 0x74, 0x0, 0xf2, 0x20, 0x1f,
    0xfc, 0x10,

    /* U+006B "k" */
    0x0, 0xff, 0xe2, 0x1b, 0xde, 0xf7, 0xff, 0xff,
    0x4f, 0x64, 0x3, 0xff, 0x94, 0xb9, 0x88, 0x42,
    0x10, 0xf, 0xfe, 0x99, 0x78, 0x7, 0xff, 0x20,
    0xb2, 0x8c, 0x3, 0xff, 0xb0, 0x2c, 0x1, 0xff,
    0xc8, 0x83, 0x0, 0xff, 0xed, 0x30, 0x7, 0xff,
    0x26, 0x90, 0x3, 0xff, 0xb5, 0x20, 0x1f, 0xfc,
    0x63, 0x30, 0x2, 0xcc, 0x3, 0xff, 0xb0, 0xa2,
    0x1, 0xff, 0xc5, 0x1d, 0xc3, 0x0, 0x69, 0x80,
    0x7f, 0xf5, 0xf8, 0x3, 0xff, 0x8d, 0x62, 0x1a,
    0x40, 0x3a, 0x40, 0x1f, 0xfd, 0x52, 0x40, 0xf,
    0xfe, 0x29, 0xa8, 0x0, 0x70, 0x80, 0x70, 0x80,
    0x3f, 0xfa, 0x96, 0x1, 0xff, 0xc6, 0x90, 0xc,
    0x3e, 0x20, 0x3e, 0x20, 0x1f, 0xfd, 0x21, 0x60,
    0xf, 0xfe, 0x32, 0x80, 0x71, 0x60, 0x81, 0x60,
    0x80, 0x7f, 0xf4, 0x58, 0x3, 0xff, 0x8c, 0x80,
    0x1f, 0x16, 0x88, 0x16, 0x80, 0x7f, 0xf4, 0x68,
    0x3, 0xff, 0x8c, 0x60, 0x1f, 0x8f, 0x40, 0x7,
    0x80, 0x1f, 0xfc, 0xf4, 0x20, 0xf, 0xfe, 0x37,
    0x0, 0x7f, 0x1d, 0x80, 0xe, 0xc0, 0x3f, 0xf9,
    0xde, 0x1, 0xff, 0xc7, 0x20, 0xf, 0xf2, 0x58,
    0x1, 0x3f, 0xff, 0xf9, 0xc8, 0x1, 0xff, 0xc7,
    0x70, 0xf, 0xf9, 0x28, 0x3, 0xff, 0xc8, 0x20,
    0x1f, 0xfc, 0x5, 0x20, 0xf, 0xff, 0x19, 0x80,
    0x7f, 0xf0, 0x4c, 0x3, 0xff, 0xc6, 0x20, 0x1f,
    0xfc, 0x11, 0x0, 0xff, 0xff, 0x80, 0x7f, 0xf5,
    0x44, 0x3, 0xff, 0x82, 0x20, 0x1f, 0xfe, 0x33,
    0x0, 0xff, 0xe0, 0x98, 0x7, 0xff, 0x8c, 0x40,
    0x3f, 0xf8, 0x22, 0x1, 0xff, 0xe3, 0x70, 0xf,
    0xfe, 0xb, 0x80, 0x7f, 0xf8, 0xc4, 0x3, 0xff,
    0x82, 0x20, 0x1f, 0xfe, 0x33, 0x0, 0xff, 0xe0,
    0x98, 0x7, 0xff, 0x8c, 0x40, 0x3f, 0xf8, 0x22,
    0x1, 0xff, 0xe3, 0xf0, 0xf, 0xfe, 0xf, 0x80,
    0x7f, 0xf8, 0xc4, 0x3, 0xff, 0x82, 0x20, 0x1f,
    0xfe, 0x33, 0x0, 0xff, 0xe0, 0x98, 0x7, 0xff,
    0x8d, 0x80, 0x3f, 0xf8, 0x22, 0x1, 0xff, 0xe3,
    0x10, 0xf, 0xfe, 0xb, 0x80, 0x7f, 0xf8, 0xcc,
    0x3, 0xff, 0x82, 0x20, 0x1f, 0xfe, 0x31, 0x0,
    0xff, 0xe0, 0x98, 0x7, 0xff, 0xc4, 0x40, 0x3f,
    0xfc, 0x42, 0x1, 0xff, 0xc1, 0x10, 0xf, 0xff,
    0x19, 0x80, 0x7f, 0xf0, 0x4c, 0x3, 0xff, 0xc6,
    0x20, 0x1f, 0xfc, 0x11, 0x0, 0xff, 0xf1, 0xb8,
    0x7, 0xff, 0x5, 0xc0, 0x3f, 0xfc, 0x62, 0x1,
    0xff, 0xc1, 0x10, 0xf, 0xff, 0x19, 0x80, 0x7f,
    0xf0, 0x4c, 0x3, 0xff, 0xc6, 0x20, 0x1f, 0xfc,
    0x11, 0x0, 0xff, 0xf1, 0xf8, 0x7, 0xff, 0x7,
    0xc0, 0x3f, 0xfc, 0x62, 0x1, 0xff, 0xc1, 0x10,
    0xf, 0xff, 0x19, 0x80, 0x7f, 0xf0, 0x4c, 0x3,
    0xff, 0xc6, 0x20, 0x1f, 0xfc, 0x11, 0x0, 0xff,
    0xf1, 0xb8, 0x7, 0xff, 0x5, 0xc0, 0x3f, 0xfc,
    0x62, 0x1, 0xff, 0xc0, 0x63, 0x0, 0xff, 0xf1,
    0x98, 0x7, 0xf8, 0x6a, 0x40, 0x3f, 0xfc, 0x82,
    0x1, 0xfc, 0x7e, 0xa0, 0x9, 0xff, 0xff, 0xe7,
    0x48, 0x7, 0xff, 0x1c, 0x80, 0x3f, 0x46, 0x8,
    0x16, 0xb0, 0x7, 0xff, 0x39, 0xb0, 0x40, 0x3f,
    0xf8, 0xba, 0xa0, 0x1c, 0x38, 0xe0, 0x6, 0xd2,
    0x0, 0xff, 0xe8, 0x1f, 0x98, 0x7, 0xff, 0x16,
    0xa0, 0x2, 0x5e, 0x30, 0x1a, 0x90, 0xf, 0xfe,
    0x98, 0xe3, 0x0, 0x7f, 0xf1, 0x5e, 0xc6, 0x68,
    0x0, 0x7e, 0xa0, 0x1f, 0xfd, 0x69, 0x90, 0x7,
    0xff, 0x15, 0x39, 0x80, 0x11, 0x82, 0x1, 0xff,
    0xd8, 0x6c, 0x10, 0xf, 0xfe, 0x30, 0xe3, 0x80,
    0x7f, 0xf6, 0xcf, 0xd0, 0x3, 0xff, 0x8a, 0x62,
    0x1, 0xff, 0xde, 0x70, 0xf, 0xfe, 0x29, 0x6a,
    0x80, 0x7f, 0xf6, 0xd7, 0xcc, 0x3, 0xff, 0x84,
    0xd4, 0x20, 0xa, 0x80, 0xf, 0xfe, 0xcc, 0xd0,
    0x81, 0x5a, 0x80, 0x7f, 0xd, 0xca, 0xe1, 0x0,
    0x1e, 0xc4, 0x3, 0xff, 0xaa, 0x5a, 0xc0, 0x5,
    0xd4, 0xa8, 0x0, 0xf8, 0xfd, 0x0, 0x5, 0xaa,
    0x0, 0x4c, 0x20, 0xf, 0xfe, 0x9b, 0x69, 0x0,
    0x2a, 0x80, 0x13, 0xd8, 0x7, 0x3e, 0x8, 0x7,
    0x54, 0x80, 0xb, 0x54, 0x3, 0xff, 0xa0, 0x37,
    0x20, 0x3, 0xd5, 0x0, 0xe4, 0xd1, 0x0, 0xa8,
    0x3, 0xf3, 0x60, 0x80, 0x2a, 0x0, 0x3f, 0xf9,
    0xc9, 0xe8, 0x0, 0x7c, 0x20, 0xf, 0x88, 0xc0,
    0x23, 0x0, 0xfe, 0x3f, 0x30, 0x3, 0xff, 0xff,
    0xf3, 0xac, 0x40, 0x6e, 0x0, 0x3f, 0xf8, 0x42,
    0x1, 0xfe, 0x1c, 0x70, 0xf, 0xfe, 0x92, 0x7a,
    0x0, 0x7f, 0xc6, 0x1, 0xff, 0xc4, 0x81, 0x0,
    0xff, 0xe8, 0xd8, 0x80, 0x7f, 0xf0, 0x4, 0x3,
    0xff, 0x8a, 0x20, 0x1f, 0xfd, 0x1, 0x0, 0xff,
    0xe2, 0x88, 0x7, 0xff, 0x7c, 0xc0, 0x3f, 0xf8,
    0x22, 0x1, 0x18, 0x7, 0xff, 0x4, 0x40, 0x3f,
    0xfa, 0x22, 0x1, 0xff, 0xc1, 0x30, 0x8, 0x40,
    0x3f, 0xf8, 0x26, 0x1, 0xff, 0xd1, 0x70, 0xf,
    0xfe, 0x8, 0x80, 0x4e, 0x1, 0xff, 0xc1, 0x10,
    0xf, 0xfe, 0x88, 0x80, 0x7f, 0xf0, 0x5c, 0x2,
    0x10, 0xf, 0xfe, 0xb, 0x80, 0x7f, 0xf4, 0x4c,
    0x3, 0xff, 0x82, 0x20, 0x11, 0x80, 0x7f, 0xf0,
    0x44, 0x3, 0xff, 0xa2, 0x20, 0x1f, 0xfc, 0x13,
    0x0, 0x84, 0x3, 0xff, 0x82, 0x60, 0x1f, 0xfd,
    0x1f, 0x0, 0xff, 0xe0, 0x88, 0x5, 0xe0, 0x1f,
    0xfc, 0x11, 0x0, 0xff, 0xe8, 0x88, 0x7, 0xff,
    0x7, 0xc0, 0x21, 0x0, 0xff, 0xe0, 0xf8, 0x7,
    0xff, 0x44, 0xc0, 0x3f, 0xf8, 0x22, 0x1, 0x18,
    0x7, 0xff, 0x4, 0x40, 0x3f, 0xfa, 0x22, 0x1,
    0xff, 0xc1, 0x30, 0x8, 0x40, 0x3f, 0xf8, 0x26,
    0x1, 0xff, 0xd1, 0x70, 0xf, 0xfe, 0x8, 0x80,
    0x4e, 0x1, 0xff, 0xc1, 0x10, 0xf, 0xfe, 0x88,
    0x80, 0x7f, 0xf0, 0x5c, 0x2, 0x10, 0xf, 0xfe,
    0xb, 0x80, 0x7f, 0xf4, 0x4c, 0x3, 0xff, 0x82,
    0x20, 0x11, 0x80, 0x7f, 0xf0, 0x48, 0x3, 0xff,
    0xa2, 0x20, 0x1f, 0xfc, 0x13, 0x0, 0x84, 0x3,
    0xff, 0x82, 0x20, 0x1f, 0xfd, 0xf1, 0x0, 0xff,
    0xf1, 0x8, 0x7, 0xff, 0x14, 0x40, 0x3f, 0xf8,
    0x22, 0x1, 0xff, 0xd1, 0x20, 0xf, 0xfe, 0x8,
    0x80, 0x46, 0x1, 0xff, 0xc1, 0x30, 0xf, 0xfe,
    0x8b, 0x80, 0x7f, 0xf0, 0x4c, 0x2, 0x10, 0xf,
    0xfe, 0x8, 0x80, 0x7f, 0xf4, 0x44, 0x3, 0xff,
    0x82, 0x20, 0x13, 0x80, 0x7f, 0xf0, 0x5c, 0x3,
    0xff, 0xa2, 0x60, 0x1f, 0xfc, 0x17, 0x0, 0x84,
    0x3, 0xff, 0x82, 0x20, 0x1f, 0xfd, 0x11, 0x0,
    0xff, 0xe0, 0x88, 0x4, 0x60, 0x1f, 0xfc, 0x13,
    0x0, 0xff, 0xe8, 0xf8, 0x7, 0xff, 0x4, 0xc0,
    0x21, 0x0, 0xff, 0xe0, 0x88, 0x7, 0xff, 0x44,
    0x40, 0x3f, 0xf8, 0x22, 0x1, 0x78, 0x7, 0xff,
    0x7, 0xc0, 0x3f, 0xfa, 0x26, 0x1, 0xff, 0xc5,
    0x10, 0xf, 0xfe, 0x8, 0x80, 0x7f, 0xf4, 0x44,
    0x3, 0xff, 0x83, 0xe0, 0x11, 0x80, 0x7f, 0xf0,
    0x4c, 0x3, 0xff, 0xa2, 0xe0, 0x1f, 0xfc, 0x11,
    0x0, 0x84, 0x3, 0xff, 0x82, 0x20, 0x1f, 0xfd,
    0x11, 0x0, 0xff, 0xe0, 0x98, 0x4, 0xe0, 0x1f,
    0xfc, 0x17, 0x0, 0xff, 0xe8, 0x98, 0x7, 0xff,
    0x4, 0x40, 0x21, 0x0, 0xff, 0xe0, 0x88, 0x7,
    0xff, 0x44, 0x40, 0x3f, 0xf8, 0x2e, 0x1, 0x18,
    0x7, 0xff, 0x1, 0x8, 0x3, 0xff, 0xa2, 0x40,
    0x1f, 0xfc, 0x11, 0x0, 0xff, 0xe1, 0xad, 0x80,
    0x7f, 0xf4, 0x94, 0x3, 0xff, 0x82, 0x60, 0x10,
    0x80, 0x7f, 0x9a, 0x80, 0x3f, 0xfa, 0x76, 0x1,
    0xff, 0xc1, 0x10, 0xf, 0xfe, 0xb, 0xc8, 0x7,
    0xff, 0x50, 0xc4, 0x3, 0xfe, 0x20, 0xf, 0xfe,
    0xc, 0x40, 0x3, 0xff, 0xac, 0x80, 0x1f, 0xf3,
    0x0, 0x62, 0x0, 0xfa, 0x5c, 0x3, 0xff, 0xaf,
    0xe0, 0x1f, 0xf6, 0x0, 0x67, 0x0, 0xf5, 0x30,
    0x7, 0xff, 0x61, 0x40, 0x3f, 0xe5, 0x0, 0xde,
    0x1, 0xd6, 0xa0, 0x1f, 0xfd, 0xa4, 0x0, 0xfe,
    0x32, 0x0, 0xca, 0x20, 0x16, 0x20, 0x7, 0xff,
    0x6f, 0x40, 0x3f, 0xa0, 0x3, 0xd0, 0x3, 0x86,
    0x1, 0xff, 0xdc, 0x70, 0xf, 0xc8, 0x80, 0xf,
    0x32, 0xe1, 0x80, 0x7f, 0xf7, 0x44, 0xc0, 0x3c,
    0x34, 0x1, 0xfa, 0x88, 0x3, 0xff, 0xbf, 0x60,
    0x1c, 0x38, 0x20, 0x1f, 0xfe, 0x95, 0x0, 0xc5,
    0x84, 0x1, 0xff, 0xea, 0x22, 0x0, 0x1b, 0x48,
    0x3, 0xff, 0xd8, 0xaa, 0xc9, 0x0, 0xff, 0xf7,
    0x45, 0x18, 0x7, 0xf8,

    /* U+006C "l" */
    0x0, 0xfe, 0x55, 0x0, 0x7f, 0xf8, 0xa, 0xa8,
    0xa0, 0x1f, 0xfd, 0xfe, 0x0, 0x52, 0x0, 0x7f,
    0xf7, 0x50, 0xc0, 0x2b, 0x30, 0xf, 0xfe, 0xe7,
    0x80, 0x76, 0x18, 0x7, 0xff, 0x68, 0x50, 0x3,
    0xda, 0x40, 0x1f, 0xfd, 0x94, 0x0, 0xf8, 0x70,
    0x80, 0x3f, 0xfb, 0x1a, 0x1, 0xf8, 0x70, 0x40,
    0x3f, 0xfa, 0xe4, 0x1, 0xfc, 0x38, 0x20, 0x1f,
    0xfd, 0x61, 0x0, 0xff, 0x16, 0x8, 0x7, 0xff,
    0x55, 0xc0, 0x3f, 0xe2, 0xd0, 0xf, 0xfe, 0xa8,
    0x80, 0x7f, 0xf0, 0xc, 0x80, 0x3f, 0xfa, 0x86,
    0x1, 0xff, 0xc1, 0x30, 0xf, 0xfe, 0xa0, 0x80,
    0x7f, 0xf0, 0x44, 0x3, 0xff, 0xfe, 0x1, 0x8,
    0x7, 0xff, 0x4, 0x40, 0x3f, 0xfa, 0x86, 0x1,
    0xff, 0xc1, 0x30, 0xf, 0xfe, 0xa0, 0x80, 0x7f,
    0xf0, 0x44, 0x3, 0xff, 0xa8, 0xe0, 0x1f, 0xfc,
    0x17, 0x0, 0xff, 0xea, 0x8, 0x7, 0xff, 0x4,
    0x40, 0x3f, 0xfa, 0x84, 0x1, 0xff, 0xc1, 0x30,
    0xf, 0xfe, 0xa7, 0x80, 0x7f, 0xf0, 0x44, 0x3,
    0xff, 0xa8, 0x20, 0x1f, 0xfc, 0x1f, 0x0, 0xff,
    0xea, 0x18, 0x7, 0xff, 0x4, 0x40, 0x3f, 0xfa,
    0x82, 0x1, 0xff, 0xc1, 0x30, 0xf, 0xfe, 0xa3,
    0x80, 0x7f, 0xf0, 0x44, 0x3, 0xff, 0xa8, 0x20,
    0x1f, 0xfc, 0x17, 0x0, 0xff, 0xea, 0x18, 0x7,
    0xff, 0x4, 0x80, 0x3f, 0xfa, 0x82, 0x1, 0xff,
    0xc1, 0x10, 0xf, 0xff, 0xf8, 0x4, 0x20, 0x1f,
    0xfc, 0x11, 0x0, 0xff, 0xea, 0x18, 0x7, 0xff,
    0x4, 0xc0, 0x3f, 0xfa, 0x82, 0x1, 0xff, 0xc1,
    0x10, 0xf, 0xfe, 0xa3, 0x80, 0x7f, 0xf0, 0x5c,
    0x3, 0xff, 0xa8, 0x20, 0x1f, 0xfc, 0x11, 0x0,
    0xff, 0xea, 0x18, 0x7, 0xff, 0x4, 0xc0, 0x3f,
    0xfa, 0x82, 0x1, 0xff, 0xc1, 0x10, 0xf, 0xfe,
    0xa7, 0x80, 0x7f, 0xf0, 0x7c, 0x3, 0xff, 0xa8,
    0x20, 0x1f, 0xfc, 0x11, 0x0, 0xff, 0xea, 0x18,
    0x7, 0xff, 0x4, 0xc0, 0x3f, 0xfa, 0x82, 0x1,
    0xff, 0xc1, 0x10, 0xf, 0xfe, 0xa3, 0x80, 0x7f,
    0xf0, 0x5c, 0x3, 0xff, 0xa8, 0x20, 0x1f, 0xfc,
    0x8, 0x30, 0xf, 0xfe, 0xa1, 0x80, 0x7f, 0x87,
    0x1c, 0x3, 0xff, 0xaa, 0x20, 0x1f, 0xcb, 0xc6,
    0x1, 0xff, 0xd6, 0x30, 0xf, 0xd3, 0x40, 0x1f,
    0xfd, 0x8c, 0x60, 0xe, 0x3d, 0x60, 0xf, 0xfe,
    0xd4, 0xc8, 0x2, 0x6c, 0x20, 0xf, 0xfe, 0xe3,
    0x61, 0x5c, 0x80, 0x7f, 0xf7, 0xcf, 0x50, 0x3,
    0xff, 0xfe, 0x1, 0xff, 0xff, 0x0, 0xff, 0xeb,
    0xc6, 0x8, 0x7, 0xff, 0x78, 0x71, 0xcf, 0xd0,
    0x3, 0xff, 0xb8, 0xbe, 0x60, 0x1, 0xb7, 0x0,
    0xff, 0xed, 0x45, 0x8, 0x7, 0x45, 0x0, 0x7f,
    0xf6, 0x54, 0x3, 0xf2, 0xe9, 0x0, 0x7f, 0xf5,
    0xcc, 0x3, 0xf8, 0xb5, 0x40, 0x3f, 0xfa, 0xc2,
    0x1, 0xff, 0x54, 0x0, 0x7f, 0xf8, 0x9c, 0x40,
    0x3f, 0xfa, 0x62, 0x1, 0xff, 0xc2, 0x10, 0xf,
    0xfe, 0x99, 0x80, 0x7f, 0xfc, 0x4, 0x3, 0xff,
    0xa8, 0x20, 0x1f, 0xfc, 0x13, 0x0, 0xff, 0xea,
    0x38, 0x7, 0xff, 0x4, 0x40, 0x3f, 0xfa, 0x82,
    0x1, 0xff, 0xc1, 0x70, 0xf, 0xfe, 0xa1, 0x80,
    0x7f, 0xf0, 0x44, 0x3, 0xff, 0xa8, 0x20, 0x1f,
    0xfc, 0x13, 0x0, 0xff, 0xea, 0x78, 0x7, 0xff,
    0x4, 0x40, 0x3f, 0xfa, 0x82, 0x1, 0xff, 0xc1,
    0xf0, 0xf, 0xfe, 0xa1, 0x80, 0x7f, 0xf0, 0x44,
    0x3, 0xff, 0xa8, 0x20, 0x1f, 0xfc, 0x13, 0x0,
    0xff, 0xea, 0x38, 0x7, 0xff, 0x5, 0x80, 0x3f,
    0xfa, 0x82, 0x1, 0xff, 0xc1, 0x10, 0xf, 0xfe,
    0xa1, 0x80, 0x7f, 0xf0, 0x4c, 0x3, 0xff, 0xa8,
    0x20, 0x1f, 0xfc, 0x11, 0x0, 0xff, 0xff, 0x80,
    0x42, 0x1, 0xff, 0xc1, 0x10, 0xf, 0xfe, 0xa1,
    0x80, 0x7f, 0xf0, 0x4c, 0x3, 0xff, 0xa8, 0x20,
    0x1f, 0xfc, 0x11, 0x0, 0xff, 0xea, 0x38, 0x7,
    0xff, 0x5, 0xc0, 0x3f, 0xfa, 0x82, 0x1, 0xff,
    0xc1, 0x10, 0xf, 0xfe, 0xa1, 0x80, 0x7f, 0xf0,
    0x4c, 0x3, 0xff, 0xa8, 0x20, 0x1f, 0xfc, 0x11,
    0x0, 0xff, 0xea, 0x78, 0x7, 0xff, 0x7, 0xc0,
    0x3f, 0xfa, 0x82, 0x1, 0xff, 0xc1, 0x10, 0xf,
    0xfe, 0xa1, 0x80, 0x7f, 0xf0, 0x4c, 0x3, 0xff,
    0xa8, 0x20, 0x1f, 0xfc, 0x11, 0x0, 0xff, 0xea,
    0x38, 0x7, 0xff, 0x5, 0xc0, 0x3f, 0xfa, 0x82,
    0x1, 0xff, 0xc1, 0x10, 0xf, 0xfe, 0xa1, 0x80,
    0x7f, 0xf0, 0x14, 0x80, 0x3f, 0xfa, 0x82, 0x1,
    0xff, 0x35, 0x0, 0x7f, 0xf8, 0x1e, 0x40, 0x11,
    0xff, 0xff, 0xcd, 0xe0, 0xf, 0xfe, 0x1c, 0xc0,
    0x2, 0x5c, 0x3, 0xff, 0x9a, 0x26, 0x1, 0xff,
    0xc1, 0xa6, 0x0, 0x53, 0x0, 0x7f, 0xf3, 0xec,
    0x3, 0x18, 0x7, 0xd4, 0xa0, 0xb, 0x50, 0xf,
    0xfe, 0x82, 0x0, 0x65, 0x0, 0xf5, 0xa8, 0x2,
    0xd0, 0x3, 0xff, 0xa2, 0x62, 0x1, 0x68, 0x6,
    0x1c, 0x40, 0x6, 0x20, 0x7, 0xff, 0x4d, 0xc0,
    0x24, 0x10, 0x0, 0xe1, 0x80, 0xe1, 0x80, 0x7f,
    0xf5, 0x30, 0x3, 0x58, 0x16, 0x10, 0xe, 0x18,
    0x7, 0xff, 0x55, 0x40, 0x32, 0xb6, 0x10, 0x16,
    0x10, 0x7, 0xff, 0x5d, 0x0, 0x34, 0x88, 0x16,
    0x10, 0x7, 0xff, 0x63, 0x0, 0x3c, 0x78, 0x20,
    0x1f, 0xfd, 0x95, 0x0, 0xf1, 0x28, 0x7, 0xff,
    0x68, 0x88, 0x1, 0xc3, 0x74, 0x60, 0x1f, 0xfd,
    0x94, 0x0, 0xf9, 0x73, 0x10, 0x84, 0x1, 0xff,
    0xd5, 0xd0,

    /* U+006D "m" */
    0x0, 0xff, 0xe2, 0x1b, 0xde, 0xf7, 0xff, 0xff,
    0x4f, 0x64, 0x3, 0xff, 0x94, 0xb9, 0x88, 0x42,
    0x10, 0xf, 0xfe, 0x99, 0x78, 0x7, 0xff, 0x20,
    0xb2, 0x8c, 0x3, 0xff, 0xb0, 0x2c, 0x1, 0xff,
    0xc8, 0x83, 0x0, 0xff, 0xed, 0x30, 0x7, 0xff,
    0x26, 0x90, 0x3, 0xff, 0xb5, 0x20, 0x1f, 0xfc,
    0xab, 0x30, 0xf, 0xfe, 0xc2, 0x88, 0x7, 0xff,
    0x2f, 0x4c, 0x3, 0xff, 0xaf, 0xc0, 0x1f, 0xfc,
    0xc1, 0xd2, 0x0, 0xff, 0xea, 0x92, 0x0, 0x7f,
    0xf3, 0x47, 0x8, 0x3, 0xff, 0xa9, 0x60, 0x1f,
    0xfc, 0xf1, 0xf1, 0x0, 0xff, 0xe9, 0xb, 0x0,
    0x7f, 0xf4, 0xb, 0x4, 0x3, 0xff, 0xa2, 0xc0,
    0x1f, 0xfd, 0x22, 0xd0, 0xf, 0xfe, 0x8d, 0x0,
    0x7f, 0xf4, 0xcf, 0x0, 0x3f, 0xf9, 0xe8, 0x40,
    0x1f, 0xfd, 0x43, 0xb0, 0xf, 0xfe, 0x77, 0x80,
    0x7f, 0xf5, 0x93, 0xff, 0xff, 0x9c, 0x80, 0x1f,
    0xff, 0xf0, 0xf, 0xff, 0xf8, 0x7, 0xff, 0xfc,
    0x3, 0xff, 0xfe, 0x1, 0xff, 0xff, 0x0, 0xff,
    0xff, 0x80, 0x7f, 0xff, 0xc0, 0x3f, 0xff, 0xe0,
    0x1f, 0xff, 0xf0, 0xf, 0xff, 0xf8, 0x7, 0xff,
    0xfc, 0x3, 0xff, 0xfe, 0x1, 0xff, 0xff, 0x0,
    0xff, 0xff, 0x80, 0x7f, 0xff, 0xc0, 0x3f, 0xff,
    0xe0, 0x1f, 0xff, 0xf0, 0xf, 0xff, 0xf8, 0x7,
    0xff, 0xfc, 0x3, 0xff, 0xfe, 0x1, 0xff, 0xff,
    0x0, 0xff, 0xff, 0x80, 0x7f, 0xff, 0xc0, 0x3f,
    0xff, 0xe0, 0x1f, 0xff, 0xf0, 0xf, 0xff, 0xf8,
    0x7, 0xff, 0xfc, 0x3, 0xff, 0xfe, 0x1, 0xff,
    0xdc, 0x9f, 0xff, 0xfe, 0x74, 0x80, 0x7f, 0xf5,
    0xb, 0x58, 0x3, 0xff, 0x9c, 0xd8, 0x20, 0x1f,
    0xfd, 0x16, 0xd2, 0x0, 0xff, 0xe8, 0x1f, 0x98,
    0x7, 0xff, 0x38, 0x6a, 0x40, 0x3f, 0xfa, 0x63,
    0x8c, 0x1, 0xff, 0xcc, 0x3f, 0x50, 0xf, 0xfe,
    0xb4, 0xc8, 0x3, 0xff, 0x95, 0x18, 0x20, 0x1f,
    0xfd, 0x86, 0xc1, 0x0, 0xff, 0xe3, 0xe, 0x38,
    0x7, 0xff, 0x6c, 0xfd, 0x0, 0x3f, 0xf8, 0xa6,
    0x20, 0x1f, 0xfd, 0xe7, 0x0, 0xff, 0xe2, 0x96,
    0xa8, 0x7, 0xff, 0x6d, 0x7c, 0xc0, 0x3f, 0xf8,
    0x4d, 0x42, 0x0, 0xa8, 0x0, 0xff, 0xec, 0xcd,
    0x8, 0x15, 0xa8, 0x7, 0xf0, 0xdc, 0xae, 0x10,
    0x1, 0xec, 0x40, 0x3f, 0xfa, 0xa5, 0xac, 0x0,
    0x5d, 0x4a, 0x80, 0xf, 0x8f, 0xd0, 0x0, 0x5a,
    0xa0, 0x4, 0xc2, 0x0, 0xff, 0xe9, 0xb6, 0x90,
    0x2, 0xa8, 0x1, 0x3d, 0x80, 0x73, 0xe0, 0x80,
    0x75, 0x48, 0x0, 0xb5, 0x40, 0x3f, 0xfa, 0x3,
    0x72, 0x0, 0x3d, 0x50, 0xe, 0x4d, 0x10, 0xa,
    0x80, 0x3f, 0x36, 0x8, 0x2, 0xa0, 0x3, 0xff,
    0x9c, 0x9e, 0x80, 0x7, 0xc2, 0x0, 0xf8, 0x8c,
    0x2, 0x30, 0xf, 0xe3, 0xf3, 0x0, 0x3f, 0xff,
    0xff, 0x3a, 0xc4, 0x6, 0xe0, 0x3, 0xff, 0x84,
    0x20, 0x1f, 0xe1, 0xc7, 0x0, 0xff, 0xe9, 0x27,
    0xa0, 0x7, 0xfc, 0x60, 0x1f, 0xfc, 0x48, 0x10,
    0xf, 0xfe, 0x8d, 0x88, 0x7, 0xff, 0x0, 0x40,
    0x3f, 0xf8, 0xa2, 0x1, 0xff, 0xd0, 0x10, 0xf,
    0xfe, 0x28, 0x80, 0x7f, 0xf7, 0xcc, 0x3, 0xff,
    0x82, 0x20, 0x11, 0x80, 0x7f, 0xf0, 0x44, 0x3,
    0xff, 0xa2, 0x20, 0x1f, 0xfc, 0x13, 0x0, 0x84,
    0x3, 0xff, 0x82, 0x60, 0x1f, 0xfd, 0x17, 0x0,
    0xff, 0xe0, 0x88, 0x4, 0xe0, 0x1f, 0xfc, 0x11,
    0x0, 0xff, 0xe8, 0x88, 0x7, 0xff, 0x5, 0xc0,
    0x21, 0x0, 0xff, 0xe0, 0xb8, 0x7, 0xff, 0x44,
    0xc0, 0x3f, 0xf8, 0x22, 0x1, 0x18, 0x7, 0xff,
    0x4, 0x40, 0x3f, 0xfa, 0x22, 0x1, 0xff, 0xc1,
    0x30, 0x8, 0x40, 0x3f, 0xf8, 0x26, 0x1, 0xff,
    0xd1, 0xf0, 0xf, 0xfe, 0x8, 0x80, 0x5e, 0x1,
    0xff, 0xc1, 0x10, 0xf, 0xfe, 0x88, 0x80, 0x7f,
    0xf0, 0x7c, 0x2, 0x10, 0xf, 0xfe, 0xf, 0x80,
    0x7f, 0xf4, 0x4c, 0x3, 0xff, 0x82, 0x20, 0x11,
    0x80, 0x7f, 0xf0, 0x44, 0x3, 0xff, 0xa2, 0x20,
    0x1f, 0xfc, 0x13, 0x0, 0x84, 0x3, 0xff, 0x82,
    0x60, 0x1f, 0xfd, 0x17, 0x0, 0xff, 0xe0, 0x88,
    0x4, 0xe0, 0x1f, 0xfc, 0x11, 0x0, 0xff, 0xe8,
    0x88, 0x7, 0xff, 0x5, 0xc0, 0x21, 0x0, 0xff,
    0xe0, 0xb8, 0x7, 0xff, 0x44, 0xc0, 0x3f, 0xf8,
    0x22, 0x1, 0x18, 0x7, 0xff, 0x4, 0x80, 0x3f,
    0xfa, 0x22, 0x1, 0xff, 0xc1, 0x30, 0x8, 0x40,
    0x3f, 0xf8, 0x22, 0x1, 0xff, 0xdf, 0x10, 0xf,
    0xff, 0x10, 0x80, 0x7f, 0xf1, 0x44, 0x3, 0xff,
    0x82, 0x20, 0x1f, 0xfd, 0x12, 0x0, 0xff, 0xe0,
    0x88, 0x4, 0x60, 0x1f, 0xfc, 0x13, 0x0, 0xff,
    0xe8, 0xb8, 0x7, 0xff, 0x4, 0xc0, 0x21, 0x0,
    0xff, 0xe0, 0x88, 0x7, 0xff, 0x44, 0x40, 0x3f,
    0xf8, 0x22, 0x1, 0x38, 0x7, 0xff, 0x5, 0xc0,
    0x3f, 0xfa, 0x26, 0x1, 0xff, 0xc1, 0x70, 0x8,
    0x40, 0x3f, 0xf8, 0x22, 0x1, 0xff, 0xd1, 0x10,
    0xf, 0xfe, 0x8, 0x80, 0x46, 0x1, 0xff, 0xc1,
    0x30, 0xf, 0xfe, 0x8f, 0x80, 0x7f, 0xf0, 0x4c,
    0x2, 0x10, 0xf, 0xfe, 0x8, 0x80, 0x7f, 0xf4,
    0x44, 0x3, 0xff, 0x82, 0x20, 0x17, 0x80, 0x7f,
    0xf0, 0x7c, 0x3, 0xff, 0xa2, 0x60, 0x1f, 0xfc,
    0x51, 0x0, 0xff, 0xe0, 0x88, 0x7, 0xff, 0x44,
    0x40, 0x3f, 0xf8, 0x3e, 0x1, 0x18, 0x7, 0xff,
    0x4, 0xc0, 0x3f, 0xfa, 0x2e, 0x1, 0xff, 0xc1,
    0x10, 0x8, 0x40, 0x3f, 0xf8, 0x22, 0x1, 0xff,
    0xd1, 0x10, 0xf, 0xfe, 0x9, 0x80, 0x4e, 0x1,
    0xff, 0xc1, 0x70, 0xf, 0xfe, 0x89, 0x80, 0x7f,
    0xf0, 0x44, 0x2, 0x10, 0xf, 0xfe, 0x8, 0x80,
    0x7f, 0xf4, 0x44, 0x3, 0xff, 0x82, 0xe0, 0x11,
    0x80, 0x7f, 0xf0, 0x10, 0x80, 0x3f, 0xfa, 0x24,
    0x1, 0xff, 0xc1, 0x10, 0xf, 0xfe, 0x1a, 0xd8,
    0x7, 0xff, 0x49, 0x40, 0x3f, 0xf8, 0x26, 0x1,
    0x8, 0x7, 0xf9, 0xa8, 0x3, 0xff, 0xa7, 0x60,
    0x1f, 0xfc, 0x11, 0x0, 0xff, 0xe0, 0xbc, 0x80,
    0x7f, 0xf5, 0xc, 0x40, 0x3f, 0xe2, 0x0, 0xff,
    0xe0, 0xc4, 0x0, 0x3f, 0xfa, 0xc8, 0x1, 0xff,
    0x30, 0x6, 0x20, 0xf, 0xa5, 0xc0, 0x3f, 0xfa,
    0xfe, 0x1, 0xff, 0x60, 0x6, 0x70, 0xf, 0x53,
    0x0, 0x7f, 0xf6, 0x14, 0x3, 0xfe, 0x50, 0xd,
    0xe0, 0x1d, 0x6a, 0x1, 0xff, 0xda, 0x40, 0xf,
    0xe3, 0x20, 0xc, 0xa2, 0x1, 0x62, 0x0, 0x7f,
    0xf6, 0xf4, 0x3, 0xfa, 0x0, 0x3d, 0x0, 0x38,
    0x60, 0x1f, 0xfd, 0xc7, 0x0, 0xfc, 0x88, 0x0,
    0xf3, 0x2e, 0x18, 0x7, 0xff, 0x74, 0x4c, 0x3,
    0xc3, 0x40, 0x1f, 0xa8, 0x80, 0x3f, 0xfb, 0xf6,
    0x1, 0xc3, 0x82, 0x1, 0xff, 0xe9, 0x50, 0xc,
    0x58, 0x40, 0x1f, 0xfe, 0xa2, 0x20, 0x1, 0xb4,
    0x80, 0x3f, 0xfd, 0x8a, 0xac, 0x90, 0xf, 0xff,
    0x74, 0x51, 0x80, 0x7f, 0x80,

    /* U+006E "n" */
    0x0, 0xff, 0xff, 0x80, 0x7a, 0x7f, 0xff, 0xf9,
    0xd2, 0x1, 0xff, 0xd4, 0x2d, 0x60, 0xf, 0xfe,
    0x73, 0x60, 0x80, 0x7f, 0xf4, 0x5b, 0x48, 0x3,
    0xff, 0xa0, 0x7e, 0x60, 0x1f, 0xfc, 0xe1, 0xb9,
    0x0, 0xff, 0xe9, 0x8e, 0x30, 0x7, 0xff, 0x31,
    0x3d, 0x0, 0x3f, 0xfa, 0xd3, 0x40, 0x1f, 0xfc,
    0xa8, 0xb1, 0x0, 0xff, 0xec, 0x2e, 0x8, 0x7,
    0xff, 0x18, 0xb1, 0xc0, 0x3f, 0xfb, 0x67, 0xe8,
    0x1, 0xff, 0xc6, 0x10, 0xf, 0xfe, 0xe9, 0xb8,
    0x7, 0xff, 0x14, 0xb5, 0x40, 0x3f, 0xfb, 0x6b,
    0xa6, 0x1, 0xff, 0xc2, 0x7b, 0x10, 0x5, 0x40,
    0x7, 0xff, 0x66, 0x68, 0x0, 0x58, 0xa0, 0x1f,
    0xc3, 0x70, 0x98, 0x60, 0x7, 0xb1, 0x0, 0xff,
    0xea, 0x9e, 0xb0, 0x1, 0x74, 0xea, 0x0, 0x3e,
    0x4f, 0x40, 0x1, 0x63, 0x0, 0x13, 0xc, 0x3,
    0xff, 0xa6, 0xf8, 0x40, 0xa, 0xa0, 0x4, 0xf6,
    0x1, 0xcf, 0x62, 0x1, 0xd3, 0x20, 0x1, 0x62,
    0x80, 0x7f, 0xf4, 0x6, 0xe0, 0x0, 0x7a, 0xa0,
    0x1c, 0x9a, 0x20, 0x15, 0x0, 0x7e, 0x6c, 0x10,
    0x5, 0x40, 0x7, 0xff, 0x39, 0x3d, 0x0, 0xf,
    0x84, 0x1, 0xf1, 0x18, 0x4, 0x60, 0x1f, 0xc7,
    0xe8, 0x0, 0x7f, 0xff, 0xfe, 0x75, 0x88, 0xd,
    0xc0, 0x7, 0xf8, 0xc0, 0x21, 0x0, 0xff, 0xd,
    0xb8, 0x7, 0xff, 0x49, 0x3d, 0x0, 0x3f, 0xfa,
    0x10, 0x20, 0x1f, 0xfd, 0x1b, 0x10, 0xf, 0xfe,
    0x0, 0x80, 0x7f, 0xf1, 0x44, 0x3, 0xff, 0xa0,
    0x20, 0x1f, 0xfc, 0x51, 0x0, 0xff, 0xef, 0x98,
    0x7, 0xff, 0x4, 0x40, 0x23, 0x0, 0xff, 0xe0,
    0x88, 0x7, 0xff, 0x44, 0x40, 0x3f, 0xf8, 0x26,
    0x1, 0x8, 0x7, 0xff, 0x4, 0xc0, 0x3f, 0xfa,
    0x2e, 0x1, 0xff, 0xc1, 0x10, 0x9, 0xc0, 0x3f,
    0xf8, 0x22, 0x1, 0xff, 0xd1, 0x10, 0xf, 0xfe,
    0xb, 0x80, 0x42, 0x1, 0xff, 0xc1, 0x70, 0xf,
    0xfe, 0x89, 0x80, 0x7f, 0xf0, 0x44, 0x2, 0x30,
    0xf, 0xfe, 0x8, 0x80, 0x7f, 0xf4, 0x44, 0x3,
    0xff, 0x82, 0x60, 0x10, 0x80, 0x7f, 0xf0, 0x4c,
    0x3, 0xff, 0xa3, 0xe0, 0x1f, 0xfc, 0x11, 0x0,
    0xbc, 0x3, 0xff, 0x82, 0x20, 0x1f, 0xfd, 0x11,
    0x0, 0xff, 0xe0, 0xf8, 0x4, 0x20, 0x1f, 0xfc,
    0x1f, 0x0, 0xff, 0xe8, 0x98, 0x7, 0xff, 0x4,
    0x40, 0x23, 0x0, 0xff, 0xe0, 0x88, 0x7, 0xff,
    0x44, 0x40, 0x3f, 0xf8, 0x26, 0x1, 0x8, 0x7,
    0xff, 0x4, 0xc0, 0x3f, 0xfa, 0x2e, 0x1, 0xff,
    0xc1, 0x10, 0x9, 0xc0, 0x3f, 0xf8, 0x22, 0x1,
    0xff, 0xd1, 0x10, 0xf, 0xfe, 0xb, 0x80, 0x42,
    0x1, 0xff, 0xc1, 0x70, 0xf, 0xfe, 0x89, 0x80,
    0x7f, 0xf0, 0x44, 0x2, 0x30, 0xf, 0xfe, 0x9,
    0x0, 0x7f, 0xf4, 0x44, 0x3, 0xff, 0x82, 0x60,
    0x10, 0x80, 0x7f, 0xf0, 0x44, 0x3, 0xff, 0xbe,
    0x20, 0x1f, 0xfe, 0x21, 0x0, 0xff, 0xe2, 0x88,
    0x7, 0xff, 0x4, 0x40, 0x3f, 0xfa, 0x24, 0x1,
    0xff, 0xc1, 0x10, 0x8, 0xc0, 0x3f, 0xf8, 0x26,
    0x1, 0xff, 0xd1, 0x70, 0xf, 0xfe, 0x9, 0x80,
    0x42, 0x1, 0xff, 0xc1, 0x10, 0xf, 0xfe, 0x88,
    0x80, 0x7f, 0xf0, 0x44, 0x2, 0x70, 0xf, 0xfe,
    0xb, 0x80, 0x7f, 0xf4, 0x4c, 0x3, 0xff, 0x82,
    0xe0, 0x10, 0x80, 0x7f, 0xf0, 0x44, 0x3, 0xff,
    0xa2, 0x20, 0x1f, 0xfc, 0x11, 0x0, 0x8c, 0x3,
    0xff, 0x82, 0x60, 0x1f, 0xfd, 0x1f, 0x0, 0xff,
    0xe0, 0x98, 0x4, 0x20, 0x1f, 0xfc, 0x11, 0x0,
    0xff, 0xe8, 0x88, 0x7, 0xff, 0x4, 0x40, 0x2f,
    0x0, 0xff, 0xe0, 0xf8, 0x7, 0xff, 0x44, 0xc0,
    0x3f, 0xf8, 0xa2, 0x1, 0xff, 0xc1, 0x10, 0xf,
    0xfe, 0x88, 0x80, 0x7f, 0xf0, 0x7c, 0x2, 0x30,
    0xf, 0xfe, 0x9, 0x80, 0x7f, 0xf4, 0x5c, 0x3,
    0xff, 0x82, 0x20, 0x10, 0x80, 0x7f, 0xf0, 0x44,
    0x3, 0xff, 0xa2, 0x20, 0x1f, 0xfc, 0x13, 0x0,
    0x9c, 0x3, 0xff, 0x82, 0xe0, 0x1f, 0xfd, 0x13,
    0x0, 0xff, 0xe0, 0x88, 0x4, 0x20, 0x1f, 0xfc,
    0x11, 0x0, 0xff, 0xe8, 0x88, 0x7, 0xff, 0x5,
    0xc0, 0x23, 0x0, 0xff, 0xe0, 0x21, 0x0, 0x7f,
    0xf4, 0x48, 0x3, 0xff, 0x82, 0x20, 0x10, 0x80,
    0x7f, 0xcb, 0x60, 0x1f, 0xfd, 0x25, 0x0, 0xff,
    0xe0, 0x98, 0x7, 0xff, 0x9, 0xa8, 0x3, 0xff,
    0xa7, 0x60, 0x1f, 0xfc, 0x11, 0x0, 0xff, 0xe0,
    0xbc, 0x80, 0x7f, 0xf5, 0xc, 0x40, 0x3f, 0xe2,
    0x0, 0xff, 0xe0, 0xc4, 0x0, 0x3f, 0xfa, 0xce,
    0x1, 0xff, 0x30, 0x6, 0x30, 0xf, 0xa5, 0xc0,
    0x3f, 0xfa, 0xfa, 0x1, 0xff, 0x60, 0x6, 0x60,
    0xf, 0x53, 0x0, 0x7f, 0xf6, 0x10, 0x3, 0xfe,
    0x50, 0xd, 0xe0, 0x1d, 0x6a, 0x1, 0xff, 0xda,
    0x50, 0xf, 0xe3, 0x20, 0xc, 0xa2, 0x0, 0x1c,
    0x40, 0xf, 0xfe, 0xde, 0x0, 0x7f, 0x40, 0x7,
    0xa0, 0x7, 0xc, 0x3, 0xff, 0xb8, 0xe0, 0x1f,
    0x91, 0x0, 0x1e, 0x65, 0xc2, 0x0, 0xff, 0xee,
    0x89, 0x80, 0x78, 0x68, 0x3, 0xf5, 0x10, 0x7,
    0xff, 0x7e, 0xc0, 0x38, 0x70, 0x40, 0x3f, 0xfd,
    0x2a, 0x1, 0x8b, 0x8, 0x3, 0xff, 0xd4, 0x44,
    0x0, 0x36, 0x90, 0x7, 0xff, 0xb2, 0x97, 0x64,
    0x3, 0xff, 0xdc, 0xf4, 0x40, 0x1f, 0xe0,

    /* U+006F "o" */
    0x0, 0xff, 0xff, 0x80, 0x7a, 0x7f, 0xff, 0xf9,
    0xd2, 0x1, 0xff, 0xd4, 0x2d, 0x60, 0xf, 0xfe,
    0x73, 0x60, 0x80, 0x7f, 0xf4, 0x5b, 0x48, 0x3,
    0xff, 0xa0, 0x7e, 0x60, 0x1f, 0xfc, 0xe1, 0xb9,
    0x0, 0xff, 0xe9, 0x8e, 0x30, 0x7, 0xff, 0x31,
    0x3d, 0x0, 0x3f, 0xfa, 0xd3, 0x40, 0x1f, 0xfc,
    0xa8, 0xb1, 0x0, 0xff, 0xec, 0x2e, 0x8, 0x7,
    0xff, 0x18, 0xb1, 0xc0, 0x3f, 0xfb, 0x67, 0xe8,
    0x1, 0xff, 0xc6, 0x10, 0xf, 0xfe, 0xe9, 0xb8,
    0x7, 0xff, 0x14, 0xb5, 0x40, 0x3f, 0xfb, 0x6b,
    0xa6, 0x1, 0xff, 0xc2, 0x7b, 0x10, 0x5, 0x40,
    0x7, 0xff, 0x66, 0x68, 0x0, 0x58, 0xa0, 0x1f,
    0xc3, 0x70, 0x98, 0x60, 0x7, 0xb1, 0x0, 0xff,
    0xea, 0x9e, 0xb0, 0x1, 0x74, 0xea, 0x0, 0x3e,
    0x4f, 0x40, 0x1, 0x63, 0x0, 0x13, 0xc, 0x3,
    0xff, 0xa6, 0xf8, 0x40, 0xa, 0xa0, 0x4, 0xf6,
    0x1, 0xcf, 0x62, 0x1, 0xd3, 0x20, 0x1, 0x62,
    0x80, 0x7f, 0xf4, 0x6, 0xe0, 0x0, 0x7a, 0xa0,
    0x1c, 0x9a, 0x20, 0x15, 0x0, 0x7e, 0x6c, 0x10,
    0x5, 0x40, 0x7, 0xff, 0x39, 0x3d, 0x0, 0xf,
    0x84, 0x1, 0xf1, 0x18, 0x4, 0x60, 0x1f, 0xc7,
    0xe8, 0x0, 0x7f, 0xff, 0xfe, 0x75, 0x88, 0xd,
    0xc0, 0x7, 0xf8, 0xc0, 0x21, 0x0, 0xff, 0xd,
    0xb8, 0x7, 0xff, 0x49, 0x3d, 0x0, 0x3f, 0xfa,
    0x10, 0x20, 0x1f, 0xfd, 0x1b, 0x10, 0xf, 0xfe,
    0x0, 0x80, 0x7f, 0xf1, 0x44, 0x3, 0xff, 0xa0,
    0x20, 0x1f, 0xfc, 0x51, 0x0, 0xff, 0xef, 0x98,
    0x7, 0xff, 0x4, 0x40, 0x23, 0x0, 0xff, 0xe0,
    0x88, 0x7, 0xff, 0x44, 0x40, 0x3f, 0xf8, 0x26,
    0x1, 0x8, 0x7, 0xff, 0x4, 0xc0, 0x3f, 0xfa,
    0x2e, 0x1, 0xff, 0xc1, 0x10, 0x9, 0xc0, 0x3f,
    0xf8, 0x22, 0x1, 0xff, 0xd1, 0x10, 0xf, 0xfe,
    0xb, 0x80, 0x42, 0x1, 0xff, 0xc1, 0x70, 0xf,
    0xfe, 0x89, 0x80, 0x7f, 0xf0, 0x44, 0x2, 0x30,
    0xf, 0xfe, 0x8, 0x80, 0x7f, 0xf4, 0x44, 0x3,
    0xff, 0x82, 0x60, 0x10, 0x80, 0x7f, 0xf0, 0x4c,
    0x3, 0xff, 0xa3, 0xe0, 0x1f, 0xfc, 0x11, 0x0,
    0xbc, 0x3, 0xff, 0x82, 0x20, 0x1f, 0xfd, 0x11,
    0x0, 0xff, 0xe0, 0xf8, 0x4, 0x20, 0x1f, 0xfc,
    0x1f, 0x0, 0xff, 0xe8, 0x98, 0x7, 0xff, 0x4,
    0x40, 0x23, 0x0, 0xff, 0xe0, 0x88, 0x7, 0xff,
    0x44, 0x40, 0x3f, 0xf8, 0x26, 0x1, 0x8, 0x7,
    0xff, 0x4, 0xc0, 0x3f, 0xfa, 0x2e, 0x1, 0xff,
    0xc1, 0x10, 0x9, 0xc0, 0x3f, 0xf8, 0x22, 0x1,
    0xff, 0xd1, 0x10, 0xf, 0xfe, 0xb, 0x80, 0x42,
    0x1, 0xff, 0xc1, 0x60, 0xf, 0xfe, 0x89, 0x80,
    0x7f, 0xf0, 0x44, 0x2, 0x30, 0xf, 0xfe, 0x9,
    0x80, 0x7f, 0xf4, 0x44, 0x3, 0xff, 0x82, 0x60,
    0x10, 0x80, 0x7f, 0xf0, 0x44, 0x3, 0xff, 0xbe,
    0x20, 0x1f, 0xfe, 0x22, 0x0, 0xff, 0xe2, 0x88,
    0x7, 0xff, 0x4, 0x40, 0x3f, 0xfa, 0x22, 0x1,
    0xff, 0xc1, 0x10, 0x8, 0xc0, 0x3f, 0xf8, 0x26,
    0x1, 0xff, 0xd1, 0x70, 0xf, 0xfe, 0x9, 0x80,
    0x42, 0x1, 0xff, 0xc1, 0x10, 0xf, 0xfe, 0x88,
    0x80, 0x7f, 0xf0, 0x44, 0x2, 0x70, 0xf, 0xfe,
    0xb, 0x80, 0x7f, 0xf4, 0x4c, 0x3, 0xff, 0x82,
    0xe0, 0x10, 0x80, 0x7f, 0xf0, 0x44, 0x3, 0xff,
    0xa2, 0x20, 0x1f, 0xfc, 0x11, 0x0, 0x8c, 0x3,
    0xff, 0x82, 0x60, 0x1f, 0xfd, 0x1f, 0x0, 0xff,
    0xe0, 0x98, 0x4, 0x20, 0x1f, 0xfc, 0x11, 0x0,
    0xff, 0xe8, 0x88, 0x7, 0xff, 0x4, 0x40, 0x2f,
    0x0, 0xff, 0xe0, 0xf8, 0x7, 0xff, 0x44, 0xc0,
    0x3f, 0xf8, 0x3e, 0x1, 0x8, 0x7, 0xff, 0x4,
    0x40, 0x3f, 0xfa, 0x22, 0x1, 0xff, 0xc1, 0x10,
    0x8, 0xc0, 0x3f, 0xf8, 0x26, 0x1, 0xff, 0xd1,
    0x70, 0xf, 0xfe, 0x28, 0x80, 0x7f, 0xf0, 0x44,
    0x3, 0xff, 0xa2, 0x20, 0x1f, 0xfc, 0x13, 0x0,
    0x9c, 0x3, 0xff, 0x82, 0xe0, 0x1f, 0xfd, 0x13,
    0x0, 0xff, 0xe0, 0x88, 0x4, 0x20, 0x1f, 0xfc,
    0x11, 0x0, 0xff, 0xe8, 0x88, 0x7, 0xff, 0x5,
    0xc0, 0x23, 0x0, 0xff, 0xe0, 0x29, 0x0, 0x7f,
    0xf4, 0x48, 0x3, 0xff, 0x82, 0x20, 0x10, 0x80,
    0x7f, 0xcd, 0x40, 0x1f, 0xfd, 0x25, 0x0, 0xff,
    0xe0, 0x98, 0x7, 0xff, 0x9, 0xe4, 0x1, 0x1f,
    0xff, 0xfc, 0xde, 0x0, 0x58, 0x7, 0xff, 0x4,
    0x40, 0x3f, 0xf8, 0x31, 0x0, 0x4, 0xb8, 0x7,
    0xff, 0x34, 0x4c, 0xc, 0x40, 0x3f, 0xe2, 0x0,
    0xff, 0xe0, 0xcb, 0x80, 0x29, 0x80, 0x3f, 0xf9,
    0xf6, 0x0, 0x70, 0xf, 0xf9, 0x80, 0x31, 0x80,
    0x7d, 0x4c, 0x0, 0xb5, 0x0, 0xff, 0xe8, 0x20,
    0x3, 0x40, 0x3f, 0xec, 0x0, 0xca, 0x1, 0xeb,
    0x50, 0x5, 0xa0, 0x7, 0xff, 0x44, 0xc4, 0x10,
    0x3, 0xfe, 0x50, 0xd, 0xa0, 0x18, 0x71, 0x0,
    0x18, 0x80, 0x1f, 0xfd, 0x37, 0x0, 0x28, 0x7,
    0xf2, 0x10, 0x6, 0x41, 0x0, 0xe, 0x18, 0xe,
    0x18, 0x7, 0xff, 0x53, 0x0, 0x1e, 0x1, 0xfd,
    0xe0, 0x1e, 0xb0, 0x2c, 0x20, 0x1c, 0x30, 0xf,
    0xfe, 0xaa, 0x80, 0x14, 0x3, 0xf2, 0xa0, 0x7,
    0x95, 0xb0, 0x80, 0xb0, 0x80, 0x3f, 0xfa, 0xe8,
    0x0, 0x40, 0xf, 0x15, 0x80, 0x7e, 0x91, 0x2,
    0xc2, 0x0, 0xff, 0xec, 0x60, 0x3, 0x40, 0x38,
    0x7c, 0x40, 0x3f, 0xc7, 0x82, 0x1, 0xff, 0xd9,
    0x50, 0x3, 0x80, 0x63, 0xf2, 0x0, 0xff, 0x89,
    0x40, 0x3f, 0xfb, 0x44, 0x40, 0x13, 0x0, 0x46,
    0x8, 0x7, 0xff, 0x0, 0x6e, 0x8c, 0x3, 0xff,
    0xb2, 0x80, 0xb, 0x6e, 0x70, 0xf, 0xfe, 0x22,
    0xe6, 0x21, 0x8, 0x3, 0xff, 0xab, 0xa0, 0x7,
    0x91, 0x0, 0xff, 0x0,

    /* U+0070 "p" */
    0x0, 0xff, 0xe2, 0x1b, 0xde, 0xf7, 0xff, 0xff,
    0x4f, 0x64, 0x3, 0xff, 0x9a, 0xb9, 0x88, 0x42,
    0x10, 0xf, 0xfe, 0x99, 0x78, 0x1, 0xd4, 0x3,
    0xff, 0x8e, 0x59, 0x46, 0x1, 0xff, 0xd8, 0x16,
    0x1, 0x8a, 0xc2, 0x0, 0xff, 0xe2, 0xc1, 0x80,
    0x7f, 0xf6, 0x98, 0x0, 0xc0, 0x3, 0xd4, 0x0,
    0xff, 0xe2, 0x52, 0x0, 0x7f, 0xf6, 0xa4, 0x1,
    0x40, 0x1a, 0xd0, 0x3, 0xff, 0x80, 0x66, 0x0,
    0x59, 0x80, 0x7f, 0xf6, 0x14, 0x41, 0x8, 0x3,
    0xac, 0x80, 0x3f, 0xc3, 0xb8, 0x60, 0xd, 0x30,
    0xf, 0xfe, 0xbf, 0x0, 0x3c, 0x3, 0xe9, 0x0,
    0xff, 0x58, 0x86, 0x90, 0xe, 0x90, 0x7, 0xff,
    0x54, 0x90, 0x9, 0x0, 0x3e, 0x43, 0x0, 0xfc,
    0x6a, 0x0, 0x1c, 0x20, 0x1c, 0x20, 0xf, 0xfe,
    0xa5, 0x80, 0x2c, 0x3, 0xfa, 0x80, 0x3f, 0x48,
    0x6, 0x1f, 0x10, 0x1f, 0x10, 0xf, 0xfe, 0x90,
    0xb0, 0x1, 0x80, 0x3f, 0x9c, 0x3, 0xf2, 0x80,
    0x71, 0x60, 0x81, 0x60, 0x80, 0x7f, 0xf4, 0x58,
    0x0, 0xe0, 0x1f, 0xe1, 0x10, 0x7, 0x90, 0x3,
    0xe2, 0xd1, 0x2, 0xd0, 0xf, 0xfe, 0x8d, 0x0,
    0x28, 0x3, 0xfe, 0x20, 0xf, 0x18, 0x7, 0xe3,
    0xd0, 0x1, 0xe0, 0x7, 0xff, 0x3d, 0x8, 0x10,
    0x80, 0x3f, 0xe7, 0x0, 0xf7, 0x0, 0x7f, 0x1d,
    0x80, 0xe, 0xc0, 0x3f, 0xf9, 0xde, 0x0, 0xf0,
    0xf, 0xfe, 0x39, 0x0, 0x7f, 0x92, 0xc0, 0x9,
    0xff, 0xff, 0xce, 0x40, 0x24, 0x0, 0xff, 0xe3,
    0xb8, 0x7, 0xfc, 0x94, 0x1, 0xff, 0xd2, 0xb0,
    0xf, 0xfe, 0xb, 0x80, 0x78, 0x40, 0x3f, 0xf8,
    0xa, 0x40, 0x1f, 0xfd, 0x17, 0x0, 0xff, 0xe0,
    0x88, 0x7, 0x8c, 0x3, 0xff, 0x82, 0x60, 0x1f,
    0xfd, 0x11, 0x0, 0xff, 0xe0, 0x98, 0x7, 0x84,
    0x3, 0xff, 0x82, 0x20, 0x1f, 0xfd, 0xf1, 0x0,
    0xff, 0xf2, 0x88, 0x7, 0xff, 0x20, 0x40, 0x3f,
    0xf8, 0x22, 0x1, 0xff, 0xd1, 0x30, 0xf, 0xfe,
    0x8, 0x80, 0x78, 0xc0, 0x3f, 0xf8, 0x26, 0x1,
    0xff, 0xd1, 0x10, 0xf, 0xfe, 0x9, 0x80, 0x78,
    0x40, 0x3f, 0xf8, 0x22, 0x1, 0xff, 0xd1, 0x70,
    0xf, 0xfe, 0x8, 0x80, 0x79, 0xc0, 0x3f, 0xf8,
    0x2e, 0x1, 0xff, 0xd1, 0x20, 0xf, 0xfe, 0xb,
    0x80, 0x78, 0x40, 0x3f, 0xf8, 0x22, 0x1, 0xff,
    0xd1, 0x10, 0xf, 0xfe, 0x8, 0x80, 0x78, 0xc0,
    0x3f, 0xf8, 0x26, 0x1, 0xff, 0xd1, 0xf0, 0xf,
    0xfe, 0x9, 0x80, 0x78, 0x40, 0x3f, 0xf8, 0x22,
    0x1, 0xff, 0xd1, 0x10, 0xf, 0xfe, 0x8, 0x80,
    0x7b, 0xc0, 0x3f, 0xf8, 0x3e, 0x1, 0xff, 0xd1,
    0x30, 0xf, 0xfe, 0xf, 0x80, 0x78, 0x40, 0x3f,
    0xf8, 0x22, 0x1, 0xff, 0xd1, 0x10, 0xf, 0xfe,
    0x8, 0x80, 0x78, 0xc0, 0x3f, 0xf8, 0x26, 0x1,
    0xff, 0xd1, 0x70, 0xf, 0xfe, 0x9, 0x80, 0x79,
    0x80, 0x3f, 0xf8, 0x22, 0x1, 0xff, 0xd1, 0x10,
    0xf, 0xfe, 0x8, 0x80, 0x78, 0x40, 0x3f, 0xf8,
    0x2e, 0x1, 0xff, 0xd1, 0x30, 0xf, 0xfe, 0xb,
    0x0, 0x78, 0xc0, 0x3f, 0xf8, 0x22, 0x1, 0xff,
    0xd1, 0x10, 0xf, 0xfe, 0x9, 0x80, 0x78, 0x40,
    0x3f, 0xf8, 0x26, 0x1, 0xff, 0xdf, 0x10, 0xf,
    0xfe, 0x40, 0x80, 0x7f, 0xf4, 0x4, 0x3, 0xff,
    0x90, 0x20, 0x1f, 0xfc, 0x11, 0x0, 0xff, 0xe8,
    0x98, 0x7, 0xff, 0x4, 0x40, 0x3c, 0x60, 0x1f,
    0xfc, 0x13, 0x0, 0xff, 0xe8, 0x88, 0x7, 0xff,
    0x4, 0xc0, 0x3c, 0x20, 0x1f, 0xfc, 0x11, 0x0,
    0xff, 0xe8, 0xb0, 0x7, 0xff, 0x4, 0x40, 0x3c,
    0xe0, 0x1f, 0xfc, 0x17, 0x0, 0xff, 0xe8, 0x98,
    0x7, 0xff, 0x5, 0xc0, 0x3c, 0x20, 0x1f, 0xfc,
    0x11, 0x0, 0xff, 0xe8, 0x88, 0x7, 0xff, 0x4,
    0x40, 0x3c, 0x60, 0x1f, 0xfc, 0x13, 0x0, 0xff,
    0xe8, 0xf8, 0x7, 0xff, 0x4, 0xc0, 0x3c, 0x20,
    0x1f, 0xfc, 0x11, 0x0, 0xff, 0xe8, 0x88, 0x7,
    0xff, 0x4, 0x40, 0x3d, 0xe0, 0x1f, 0xfc, 0x1f,
    0x0, 0xff, 0xe8, 0x98, 0x7, 0xff, 0x7, 0xc0,
    0x3c, 0x20, 0x1f, 0xfc, 0x11, 0x0, 0xff, 0xe8,
    0x88, 0x7, 0xff, 0x4, 0x40, 0x3c, 0x60, 0x1f,
    0xfc, 0x13, 0x0, 0xff, 0xe8, 0xb8, 0x7, 0xff,
    0x4, 0xc0, 0x3c, 0x20, 0x1f, 0xfc, 0x11, 0x0,
    0xff, 0xe8, 0x88, 0x7, 0xff, 0x4, 0x40, 0x3c,
    0xe0, 0x1f, 0xfc, 0x17, 0x0, 0xff, 0xe8, 0x98,
    0x7, 0xff, 0x5, 0xc0, 0x3c, 0x20, 0x1f, 0xfc,
    0x6, 0x30, 0xf, 0xfe, 0x8c, 0x80, 0x7f, 0xf0,
    0x44, 0x3, 0xc6, 0x1, 0xfe, 0x1a, 0x90, 0xf,
    0xfe, 0x93, 0xd8, 0x80, 0x7f, 0xc6, 0x1, 0xe1,
    0x0, 0xfe, 0x3f, 0x50, 0x4, 0xff, 0xff, 0xf3,
    0xa4, 0x0, 0x9e, 0x60, 0x1f, 0xe1, 0x0, 0xf1,
    0x0, 0x7e, 0x8c, 0x10, 0x2d, 0x60, 0xf, 0xfe,
    0x73, 0x60, 0x80, 0xe3, 0x0, 0x7e, 0x30, 0xf,
    0xb5, 0x40, 0x38, 0x71, 0xc0, 0xd, 0xa4, 0x1,
    0xff, 0xd0, 0x3f, 0x30, 0x4, 0xc8, 0x3, 0xcf,
    0x80, 0x1f, 0xaa, 0x0, 0x25, 0xe3, 0x1, 0xa9,
    0x0, 0xff, 0xe9, 0x8e, 0x30, 0x1, 0xb0, 0x80,
    0x3, 0x70, 0x1, 0xfe, 0x7b, 0x19, 0xa0, 0x1,
    0xfa, 0x80, 0x7f, 0xf5, 0xa6, 0x40, 0x3, 0xc4,
    0x47, 0xa0, 0x7, 0xff, 0x1, 0x39, 0x80, 0x11,
    0x82, 0x1, 0xff, 0xd8, 0x6c, 0x10, 0x1b, 0xb0,
    0x80, 0x7f, 0xf1, 0x7, 0x1c, 0x3, 0xff, 0xb6,
    0x7e, 0x80, 0x1f, 0xfc, 0x83, 0x10, 0xf, 0xfe,
    0xf3, 0x80, 0x7f, 0xf2, 0xb, 0x54, 0x3, 0xff,
    0xb6, 0xbe, 0x60, 0x1f, 0xfc, 0x56, 0xa1, 0x0,
    0x54, 0x0, 0x7f, 0xf6, 0x66, 0x84, 0x3, 0xff,
    0x88, 0x37, 0x2b, 0x84, 0x0, 0x7b, 0x10, 0xf,
    0xfe, 0xa9, 0x6b, 0x0, 0x7f, 0xf1, 0x4f, 0xd0,
    0x0, 0x5a, 0xa0, 0x4, 0xc2, 0x0, 0xff, 0xe9,
    0xb6, 0x90, 0x7, 0xff, 0x15, 0xf0, 0x40, 0x3a,
    0xa4, 0x0, 0x5a, 0xa0, 0x1f, 0xfd, 0x1, 0xb9,
    0x0, 0xff, 0xe3, 0xd0, 0x7, 0xe6, 0xc1, 0x0,
    0x54, 0x0, 0x7f, 0xf3, 0x93, 0xd0, 0x3, 0xff,
    0x90, 0x60, 0x1f, 0xc7, 0xe6, 0x0, 0x7f, 0xff,
    0xfe, 0x75, 0x88, 0x7, 0xff, 0x24, 0x40, 0x3f,
    0xc3, 0x8e, 0x1, 0xff, 0xf4, 0x81, 0x0, 0xff,
    0xfa, 0x8, 0x7, 0xff, 0x94, 0x40, 0x3f, 0xfe,
    0x86, 0x1, 0xff, 0xc1, 0x10, 0xf, 0xff, 0x30,
    0x80, 0x7f, 0xf0, 0x4c, 0x3, 0xff, 0xcc, 0xe0,
    0x1f, 0xfc, 0x11, 0x0, 0xff, 0xf3, 0x8, 0x7,
    0xff, 0x5, 0xc0, 0x3f, 0xfc, 0xc6, 0x1, 0xff,
    0xc1, 0x10, 0xf, 0xff, 0x30, 0x80, 0x7f, 0xf0,
    0x4c, 0x3, 0xff, 0xcd, 0xe0, 0x1f, 0xfc, 0x11,
    0x0, 0xff, 0xf3, 0x8, 0x7, 0xff, 0x7, 0xc0,
    0x3f, 0xfc, 0xc6, 0x1, 0xff, 0xc1, 0x10, 0xf,
    0xff, 0x30, 0x80, 0x7f, 0xf0, 0x4c, 0x3, 0xff,
    0xcc, 0xe0, 0x1f, 0xfc, 0x11, 0x0, 0xff, 0xf3,
    0x8, 0x7, 0xff, 0x5, 0xc0, 0x3f, 0xfc, 0xc6,
    0x1, 0xff, 0xc1, 0x20, 0xf, 0xff, 0x30, 0x80,
    0x7f, 0xf0, 0x44, 0x3, 0xff, 0xfe, 0x1, 0xff,
    0xdb, 0x10, 0xf, 0xfe, 0x8, 0x80, 0x7f, 0xf9,
    0x8c, 0x3, 0xff, 0x82, 0x60, 0x1f, 0xfe, 0x61,
    0x0, 0xff, 0xe0, 0x88, 0x7, 0xff, 0x99, 0xc0,
    0x3f, 0xf8, 0x2e, 0x1, 0xff, 0xe6, 0x10, 0xf,
    0xfe, 0x8, 0x80, 0x7f, 0xf9, 0x8c, 0x3, 0xff,
    0x82, 0x60, 0x1f, 0xfe, 0x61, 0x0, 0xff, 0xe0,
    0x88, 0x7, 0xff, 0x9b, 0xc0, 0x3f, 0xf8, 0x3e,
    0x1, 0xff, 0xe6, 0x10, 0xf, 0xfe, 0x8, 0x80,
    0x7f, 0xf9, 0x8c, 0x3, 0xff, 0x82, 0x60, 0x1f,
    0xfe, 0x61, 0x0, 0xff, 0xe0, 0x88, 0x7, 0xff,
    0x99, 0xc0, 0x3f, 0xf8, 0x2e, 0x1, 0xff, 0xe6,
    0x10, 0xf, 0xfe, 0x8, 0x80, 0x7f, 0xf9, 0x8c,
    0x3, 0xff, 0x80, 0x84, 0x1, 0xff, 0xf2, 0x5b,
    0x0, 0xff, 0xf3, 0x88, 0x7, 0xf9, 0xa8, 0x3,
    0xff, 0xe4, 0xf2, 0x1, 0xff, 0xf2, 0x88, 0x0,
    0x7f, 0xfa, 0x88, 0x3, 0xe9, 0x70, 0xf, 0xff,
    0x5b, 0x80, 0x7a, 0x98, 0x3, 0xff, 0xd9, 0xe0,
    0x1d, 0x6a, 0x1, 0xff, 0xed, 0x51, 0x0, 0xb1,
    0x0, 0x3f, 0xfd, 0xf0, 0x3, 0x86, 0x1, 0xff,
    0xf0, 0x65, 0xc3, 0x0, 0xff, 0xf7, 0x80,

    /* U+0071 "q" */
    0x0, 0xff, 0xe0, 0x9b, 0xde, 0xf7, 0xff, 0xff,
    0x4f, 0x64, 0x3, 0xff, 0x94, 0xb9, 0x88, 0x42,
    0x10, 0xf, 0xfe, 0x99, 0x78, 0x1, 0xd4, 0x3,
    0xff, 0x88, 0x59, 0x46, 0x1, 0xff, 0xd8, 0x16,
    0x1, 0x8a, 0xc2, 0x0, 0xff, 0xe1, 0x41, 0x80,
    0x7f, 0xf6, 0x98, 0x0, 0xc0, 0x3, 0xd4, 0x0,
    0xff, 0xe0, 0xd2, 0x0, 0x7f, 0xf6, 0xa4, 0x1,
    0x40, 0x1a, 0xd0, 0x3, 0xf8, 0xcc, 0x0, 0xb3,
    0x0, 0xff, 0xec, 0x28, 0x82, 0x10, 0x7, 0x59,
    0x0, 0x7c, 0x3b, 0x86, 0x0, 0xd3, 0x0, 0xff,
    0xeb, 0xf0, 0x3, 0xc0, 0x3e, 0x90, 0xf, 0xac,
    0x43, 0x48, 0x7, 0x48, 0x3, 0xff, 0xaa, 0x48,
    0x4, 0x80, 0x1f, 0x21, 0x80, 0x71, 0xa8, 0x0,
    0x70, 0x80, 0x70, 0x80, 0x3f, 0xfa, 0x96, 0x0,
    0xb0, 0xf, 0xea, 0x0, 0xe9, 0x0, 0xc3, 0xe2,
    0x3, 0xe2, 0x1, 0xff, 0xd2, 0x16, 0x0, 0x30,
    0x7, 0xf3, 0x80, 0x72, 0x80, 0x71, 0x60, 0x81,
    0x60, 0x80, 0x7f, 0xf4, 0x58, 0x0, 0xe0, 0x1f,
    0xe1, 0x10, 0x4, 0x80, 0x1f, 0x16, 0x88, 0x16,
    0x80, 0x7f, 0xf4, 0x68, 0x1, 0x40, 0x1f, 0xf1,
    0x0, 0x46, 0x1, 0xf8, 0xf4, 0x0, 0x78, 0x1,
    0xff, 0xcf, 0x42, 0x4, 0x20, 0xf, 0xf9, 0xc0,
    0x2e, 0x0, 0xfe, 0x3b, 0x0, 0x1d, 0x80, 0x7f,
    0xf3, 0xbc, 0x1, 0xe0, 0x1f, 0xfc, 0x42, 0x0,
    0xff, 0x25, 0x80, 0x13, 0xff, 0xff, 0x9c, 0x80,
    0x48, 0x1, 0xff, 0xc4, 0x70, 0xf, 0xf9, 0x28,
    0x3, 0xff, 0xa5, 0x60, 0x1f, 0xfc, 0x17, 0x0,
    0x84, 0x3, 0xff, 0x80, 0xa4, 0x1, 0xff, 0xd1,
    0x70, 0xf, 0xfe, 0x8, 0x80, 0x46, 0x1, 0xff,
    0xc1, 0x30, 0xf, 0xfe, 0x88, 0x80, 0x7f, 0xf0,
    0x4c, 0x2, 0x10, 0xf, 0xfe, 0x8, 0x80, 0x7f,
    0xf7, 0xc4, 0x3, 0xff, 0xc4, 0x20, 0x1f, 0xfc,
    0x51, 0x0, 0xff, 0xe0, 0x88, 0x7, 0xff, 0x44,
    0xc0, 0x3f, 0xf8, 0x22, 0x1, 0x18, 0x7, 0xff,
    0x4, 0xc0, 0x3f, 0xfa, 0x22, 0x1, 0xff, 0xc1,
    0x30, 0x8, 0x40, 0x3f, 0xf8, 0x22, 0x1, 0xff,
    0xd1, 0x70, 0xf, 0xfe, 0x8, 0x80, 0x4e, 0x1,
    0xff, 0xc1, 0x70, 0xf, 0xfe, 0x89, 0x0, 0x7f,
    0xf0, 0x5c, 0x2, 0x10, 0xf, 0xfe, 0x8, 0x80,
    0x7f, 0xf4, 0x44, 0x3, 0xff, 0x82, 0x20, 0x11,
    0x80, 0x7f, 0xf0, 0x4c, 0x3, 0xff, 0xa3, 0xe0,
    0x1f, 0xfc, 0x13, 0x0, 0x84, 0x3, 0xff, 0x82,
    0x20, 0x1f, 0xfd, 0x11, 0x0, 0xff, 0xe0, 0x88,
    0x5, 0xe0, 0x1f, 0xfc, 0x1f, 0x0, 0xff, 0xe8,
    0x98, 0x7, 0xff, 0x7, 0xc0, 0x21, 0x0, 0xff,
    0xe0, 0x88, 0x7, 0xff, 0x44, 0x40, 0x3f, 0xf8,
    0x22, 0x1, 0x18, 0x7, 0xff, 0x4, 0xc0, 0x3f,
    0xfa, 0x2e, 0x1, 0xff, 0xc1, 0x30, 0x9, 0x80,
    0x3f, 0xf8, 0x22, 0x1, 0xff, 0xd1, 0x10, 0xf,
    0xfe, 0x8, 0x80, 0x42, 0x1, 0xff, 0xc1, 0x70,
    0xf, 0xfe, 0x89, 0x80, 0x7f, 0xf0, 0x58, 0x2,
    0x30, 0xf, 0xfe, 0x8, 0x80, 0x7f, 0xf4, 0x44,
    0x3, 0xff, 0x82, 0x60, 0x10, 0x80, 0x7f, 0xf0,
    0x4c, 0x3, 0xff, 0xbe, 0x20, 0x1f, 0xfc, 0x51,
    0x0, 0xff, 0xe8, 0x8, 0x7, 0xff, 0x14, 0x40,
    0x3f, 0xf8, 0x22, 0x1, 0xff, 0xd1, 0x30, 0xf,
    0xfe, 0x8, 0x80, 0x46, 0x1, 0xff, 0xc1, 0x30,
    0xf, 0xfe, 0x88, 0x80, 0x7f, 0xf0, 0x4c, 0x2,
    0x10, 0xf, 0xfe, 0x8, 0x80, 0x7f, 0xf4, 0x58,
    0x3, 0xff, 0x82, 0x20, 0x13, 0x80, 0x7f, 0xf0,
    0x5c, 0x3, 0xff, 0xa2, 0x60, 0x1f, 0xfc, 0x17,
    0x0, 0x84, 0x3, 0xff, 0x82, 0x20, 0x1f, 0xfd,
    0x11, 0x0, 0xff, 0xe0, 0x88, 0x4, 0x60, 0x1f,
    0xfc, 0x13, 0x0, 0xff, 0xe8, 0xf8, 0x7, 0xff,
    0x4, 0xc0, 0x21, 0x0, 0xff, 0xe0, 0x88, 0x7,
    0xff, 0x44, 0x40, 0x3f, 0xf8, 0x22, 0x1, 0x78,
    0x7, 0xff, 0x7, 0xc0, 0x3f, 0xfa, 0x26, 0x1,
    0xff, 0xc1, 0xf0, 0x8, 0x40, 0x3f, 0xf8, 0x22,
    0x1, 0xff, 0xd1, 0x10, 0xf, 0xfe, 0x8, 0x80,
    0x46, 0x1, 0xff, 0xc1, 0x30, 0xf, 0xfe, 0x8b,
    0x80, 0x7f, 0xf0, 0x4c, 0x2, 0x10, 0xf, 0xfe,
    0x8, 0x80, 0x7f, 0xf4, 0x44, 0x3, 0xff, 0x82,
    0x20, 0x13, 0x80, 0x7f, 0xf0, 0x5c, 0x3, 0xff,
    0xa2, 0x60, 0x1f, 0xfc, 0x17, 0x0, 0x84, 0x3,
    0xff, 0x80, 0xc6, 0x1, 0xff, 0xd1, 0x90, 0xf,
    0xfe, 0x8, 0x80, 0x46, 0x1, 0xfe, 0x1a, 0x90,
    0xf, 0xfe, 0x93, 0xd8, 0x80, 0x7f, 0xc6, 0x1,
    0x8, 0x7, 0xf1, 0xfa, 0x80, 0x27, 0xff, 0xff,
    0x9d, 0x20, 0x4, 0xf3, 0x0, 0xff, 0x8, 0x4,
    0x40, 0x1f, 0xa3, 0x4, 0xb, 0x58, 0x3, 0xff,
    0x9c, 0xd8, 0x20, 0x38, 0xc0, 0x1f, 0x8c, 0x3,
    0x6a, 0x80, 0x70, 0xe3, 0x80, 0x1b, 0x48, 0x3,
    0xff, 0xa0, 0x7e, 0x60, 0x9, 0x90, 0x7, 0x9f,
    0x0, 0x3a, 0xa0, 0x2, 0x5e, 0x30, 0x1a, 0x90,
    0xf, 0xfe, 0x98, 0xe3, 0x0, 0x1b, 0x8, 0x0,
    0x37, 0x0, 0x1f, 0x3d, 0x8c, 0xd0, 0x0, 0xfd,
    0x40, 0x3f, 0xfa, 0xd3, 0x20, 0x1, 0xe2, 0x23,
    0xd0, 0x3, 0xf9, 0x39, 0x80, 0x11, 0x82, 0x1,
    0xff, 0xd8, 0x6c, 0x10, 0x1b, 0xb0, 0x80, 0x7f,
    0xf0, 0x47, 0x1c, 0x3, 0xff, 0xb6, 0x7e, 0x80,
    0x1f, 0xfc, 0x53, 0x10, 0xf, 0xfe, 0xf3, 0x80,
    0x7f, 0xf1, 0x4b, 0x54, 0x3, 0xff, 0xb6, 0xbe,
    0x60, 0x1f, 0xfc, 0x7a, 0x80, 0xf, 0xfe, 0xcc,
    0xd0, 0x81, 0x5a, 0x80, 0x7f, 0xf1, 0x5e, 0xc4,
    0x3, 0xff, 0xaa, 0x5a, 0xc0, 0x5, 0xd4, 0xa8,
    0x0, 0xff, 0xe2, 0xa6, 0x10, 0x7, 0xff, 0x4d,
    0xb4, 0x80, 0x15, 0x40, 0x9, 0xec, 0x3, 0xff,
    0x8a, 0x5a, 0xa0, 0x1f, 0xfd, 0x1, 0xb9, 0x0,
    0x1e, 0xa8, 0x7, 0x26, 0x88, 0x7, 0xff, 0x16,
    0xa0, 0x3, 0xff, 0x9c, 0x9e, 0x80, 0x7, 0xc2,
    0x0, 0xf8, 0x8c, 0x3, 0xff, 0x8c, 0xff, 0xff,
    0xfc, 0xeb, 0x10, 0x1b, 0x80, 0xf, 0xff, 0x72,
    0x7a, 0x0, 0x7f, 0xc6, 0x1, 0xff, 0xe3, 0xb1,
    0x0, 0xff, 0xe0, 0x8, 0x7, 0xff, 0x88, 0x40,
    0x3f, 0xfe, 0x26, 0x1, 0xff, 0xc1, 0x10, 0xf,
    0xff, 0x18, 0x80, 0x7f, 0xf0, 0x4c, 0x3, 0xff,
    0xc6, 0xe0, 0x1f, 0xfc, 0x11, 0x0, 0xff, 0xf1,
    0x88, 0x7, 0xff, 0x5, 0xc0, 0x3f, 0xfc, 0x66,
    0x1, 0xff, 0xc1, 0x10, 0xf, 0xff, 0x18, 0x80,
    0x7f, 0xf0, 0x4c, 0x3, 0xff, 0xc7, 0xe0, 0x1f,
    0xfc, 0x11, 0x0, 0xff, 0xf1, 0x88, 0x7, 0xff,
    0x7, 0xc0, 0x3f, 0xfc, 0x66, 0x1, 0xff, 0xc1,
    0x10, 0xf, 0xff, 0x18, 0x80, 0x7f, 0xf0, 0x4c,
    0x3, 0xff, 0xc6, 0xe0, 0x1f, 0xfc, 0x11, 0x0,
    0xff, 0xf1, 0x88, 0x7, 0xff, 0x5, 0xc0, 0x3f,
    0xfc, 0x66, 0x1, 0xff, 0xc1, 0x10, 0xf, 0xff,
    0x18, 0x80, 0x7f, 0xf0, 0x4c, 0x3, 0xff, 0xe2,
    0x20, 0x1f, 0xfe, 0x21, 0x0, 0xff, 0xf8, 0x90,
    0x7, 0xff, 0x4, 0x40, 0x3f, 0xfc, 0x6e, 0x1,
    0xff, 0xc1, 0x30, 0xf, 0xff, 0x18, 0x80, 0x7f,
    0xf0, 0x44, 0x3, 0xff, 0xc6, 0x60, 0x1f, 0xfc,
    0x17, 0x0, 0xff, 0xf1, 0x88, 0x7, 0xff, 0x4,
    0x40, 0x3f, 0xfc, 0x7e, 0x1, 0xff, 0xc1, 0x30,
    0xf, 0xff, 0x18, 0x80, 0x7f, 0xf0, 0x44, 0x3,
    0xff, 0xc6, 0x60, 0x1f, 0xff, 0x11, 0x0, 0xff,
    0xe0, 0xf8, 0x7, 0xff, 0x8d, 0xc0, 0x3f, 0xf8,
    0x22, 0x1, 0xff, 0xe3, 0x10, 0xf, 0xfe, 0x9,
    0x80, 0x7f, 0xf8, 0xcc, 0x3, 0xff, 0x82, 0x20,
    0x1f, 0xfe, 0x31, 0x0, 0xff, 0xe0, 0xb8, 0x7,
    0xff, 0x8c, 0x80, 0x3f, 0xf8, 0x22, 0x1, 0xff,
    0xe3, 0x50, 0xf, 0xfe, 0x9, 0x80, 0x7f, 0xf8,
    0xec, 0x3, 0xff, 0x82, 0x20, 0x1f, 0xfe, 0x33,
    0x10, 0xf, 0xf8, 0x80, 0x3f, 0xfc, 0xa8, 0x1,
    0xff, 0x30, 0x7, 0xff, 0x97, 0xc0, 0x3f, 0xec,
    0x0, 0xff, 0xf2, 0xa8, 0x7, 0xfc, 0xa0, 0x1f,
    0xfe, 0x64, 0x0, 0xfe, 0x32, 0x0, 0xff, 0xf3,
    0x68, 0x7, 0xf4, 0x0, 0x7f, 0xf9, 0xdc, 0x3,
    0xf2, 0x20, 0x3, 0xff, 0xce, 0x26, 0x1, 0xe1,
    0xa0, 0xf, 0xff, 0x4d, 0x80, 0x70, 0xe0, 0x80,
    0x7f, 0xfa, 0x54, 0x3, 0x16, 0x10, 0x7, 0xff,
    0xa8, 0x88, 0x0, 0x6d, 0x20, 0xf, 0xff, 0x62,
    0xab, 0x24, 0x3, 0xff, 0xdd, 0x14, 0x60, 0x1f,
    0xfc, 0x10,

    /* U+0072 "r" */
    0x0, 0xff, 0xff, 0x4f, 0xff, 0xff, 0x3a, 0x40,
    0x3f, 0xf9, 0xa5, 0xac, 0x1, 0xff, 0xce, 0x6c,
    0x10, 0xf, 0xfe, 0x53, 0x69, 0x0, 0x7f, 0xf4,
    0xf, 0xcc, 0x3, 0xff, 0x8e, 0x37, 0x20, 0x1f,
    0xfd, 0x31, 0xc6, 0x0, 0xff, 0xe2, 0xa7, 0xa0,
    0x7, 0xff, 0x5a, 0x68, 0x3, 0xff, 0x87, 0x16,
    0x20, 0x1f, 0xfd, 0x85, 0xc1, 0x0, 0xff, 0x8b,
    0x1c, 0x3, 0xff, 0xb6, 0x7e, 0x80, 0x1f, 0xf0,
    0x80, 0x7f, 0xf7, 0x4d, 0xc0, 0x3f, 0xc5, 0xaa,
    0x1, 0xff, 0xdb, 0x5d, 0x30, 0xf, 0x9e, 0xc4,
    0x1, 0x50, 0x1, 0xff, 0xd9, 0x9a, 0x0, 0xf8,
    0x6e, 0x13, 0xc, 0x0, 0xf6, 0x20, 0x1f, 0xfd,
    0x53, 0xd6, 0x0, 0xf9, 0x3d, 0x0, 0x5, 0x8c,
    0x0, 0x4c, 0x30, 0xf, 0xfe, 0x9b, 0xe1, 0x0,
    0x7c, 0xf6, 0x20, 0x1d, 0x32, 0x0, 0x16, 0x28,
    0x7, 0xff, 0x40, 0x6e, 0x0, 0x3f, 0xa8, 0x3,
    0xf3, 0x60, 0x80, 0x2a, 0x0, 0x3f, 0xf9, 0xc9,
    0xe8, 0x1, 0xfe, 0x30, 0xf, 0xe3, 0xf4, 0x0,
    0x3f, 0xff, 0xff, 0x3a, 0xc4, 0x3, 0xfe, 0x10,
    0xf, 0xf0, 0xdb, 0x80, 0x7f, 0xfa, 0xa0, 0x40,
    0x3f, 0xfd, 0x42, 0x1, 0xff, 0xdb, 0x10, 0xf,
    0xff, 0x51, 0x80, 0x7f, 0xf0, 0x44, 0x3, 0xff,
    0xb8, 0x20, 0x1f, 0xfc, 0x13, 0x0, 0xff, 0xee,
    0x38, 0x7, 0xff, 0x4, 0x40, 0x3f, 0xfb, 0x82,
    0x1, 0xff, 0xc1, 0x70, 0xf, 0xfe, 0xe1, 0x80,
    0x7f, 0xf0, 0x44, 0x3, 0xff, 0xb8, 0x20, 0x1f,
    0xfc, 0x13, 0x0, 0xff, 0xee, 0x78, 0x7, 0xff,
    0x4, 0x40, 0x3f, 0xfb, 0x82, 0x1, 0xff, 0xc1,
    0xf0, 0xf, 0xfe, 0xe1, 0x80, 0x7f, 0xf0, 0x44,
    0x3, 0xff, 0xb8, 0x20, 0x1f, 0xfc, 0x13, 0x0,
    0xff, 0xee, 0x38, 0x7, 0xff, 0x4, 0x40, 0x3f,
    0xfb, 0x82, 0x1, 0xff, 0xc1, 0x70, 0xf, 0xfe,
    0xe1, 0x80, 0x7f, 0xf0, 0x48, 0x3, 0xff, 0xb8,
    0x20, 0x1f, 0xfc, 0x11, 0x0, 0xff, 0xff, 0x80,
    0x7f, 0xf1, 0xc4, 0x3, 0xff, 0x82, 0x20, 0x1f,
    0xfd, 0xc3, 0x0, 0xff, 0xe0, 0x98, 0x7, 0xff,
    0x70, 0x40, 0x3f, 0xf8, 0x22, 0x1, 0xff, 0xdc,
    0x70, 0xf, 0xfe, 0xb, 0x80, 0x7f, 0xf7, 0x4,
    0x3, 0xff, 0x82, 0x20, 0x1f, 0xfd, 0xc3, 0x0,
    0xff, 0xe0, 0x98, 0x7, 0xff, 0x70, 0x40, 0x3f,
    0xf8, 0x22, 0x1, 0xff, 0xdc, 0xf0, 0xf, 0xfe,
    0xf, 0x80, 0x7f, 0xf7, 0x4, 0x3, 0xff, 0x82,
    0x20, 0x1f, 0xfd, 0xc3, 0x0, 0xff, 0xe0, 0x98,
    0x7, 0xff, 0x70, 0x40, 0x3f, 0xf8, 0x22, 0x1,
    0xff, 0xdc, 0x70, 0xf, 0xfe, 0xb, 0x80, 0x7f,
    0xf7, 0x4, 0x3, 0xff, 0x82, 0x20, 0x1f, 0xfd,
    0xc3, 0x0, 0xff, 0xe0, 0x21, 0x0, 0x7f, 0xf7,
    0x4, 0x3, 0xfe, 0x5b, 0x0, 0xff, 0xf4, 0x35,
    0x0, 0x7f, 0xfa, 0x1e, 0x40, 0x3f, 0xfd, 0x11,
    0x0, 0xf, 0xff, 0x1, 0x80, 0x7d, 0x2e, 0x1,
    0xff, 0xe1, 0x60, 0xf, 0x53, 0x0, 0x7f, 0xf8,
    0xbc, 0x3, 0xad, 0x40, 0x3f, 0xfc, 0x6a, 0x20,
    0x1, 0xc4, 0x0, 0xff, 0xf2, 0xc0, 0xe, 0x18,
    0x7, 0xff, 0x99, 0x97, 0x8, 0x3, 0xff, 0xca,

    /* U+0073 "s" */
    0x0, 0xf2, 0x20, 0x3, 0xff, 0xd8, 0x35, 0x68,
    0x1, 0xff, 0xeb, 0xa1, 0xb, 0x30, 0xf, 0xff,
    0x49, 0xa0, 0x5, 0xa6, 0x1, 0xff, 0xe8, 0x80,
    0xc, 0x3a, 0x40, 0x1f, 0xfe, 0x74, 0x0, 0xe1,
    0xc2, 0x0, 0xff, 0xf2, 0xa8, 0x7, 0xc3, 0xe2,
    0x1, 0xff, 0xe4, 0x20, 0xf, 0xc5, 0x82, 0x1,
    0xff, 0xe3, 0xd0, 0xf, 0xe2, 0xd1, 0x0, 0xff,
    0xf1, 0x8, 0x7, 0xf8, 0xf4, 0x3, 0xff, 0xc4,
    0xe0, 0x1f, 0xf1, 0xd8, 0x7, 0xff, 0x84, 0x40,
    0x3f, 0xf8, 0x8, 0x40, 0x1f, 0xfe, 0x3, 0x0,
    0xff, 0xe0, 0x98, 0x7, 0xff, 0x80, 0x40, 0x3f,
    0xf8, 0x22, 0x1, 0xff, 0xff, 0x0, 0xff, 0xe7,
    0x88, 0x7, 0xff, 0x4, 0x40, 0x3f, 0xfc, 0x6,
    0x1, 0xff, 0xc1, 0x30, 0xf, 0xff, 0x0, 0x80,
    0x7f, 0xf0, 0x44, 0x3, 0xff, 0xc0, 0xe0, 0x1f,
    0xfc, 0x17, 0x0, 0xff, 0xf0, 0x8, 0x7, 0xff,
    0x4, 0x40, 0x3f, 0xfc, 0x6, 0x1, 0xff, 0xc1,
    0x30, 0xf, 0xff, 0x0, 0x80, 0x7f, 0xf0, 0x44,
    0x3, 0xff, 0xc1, 0xe0, 0x1f, 0xfc, 0x1f, 0x0,
    0xff, 0xf0, 0x10, 0x7, 0xff, 0x4, 0x40, 0x3f,
    0xfc, 0x2, 0x1, 0xff, 0xc1, 0x30, 0xf, 0xff,
    0x3, 0x80, 0x7f, 0xf0, 0x44, 0x3, 0xff, 0xc0,
    0x20, 0x1f, 0xfc, 0x17, 0x0, 0xff, 0xf0, 0x18,
    0x7, 0xff, 0x4, 0x40, 0x3f, 0xfc, 0x2, 0x1,
    0xff, 0xc1, 0x30, 0xf, 0xff, 0x70, 0x80, 0x7f,
    0xf7, 0xc4, 0x3, 0xff, 0x82, 0x20, 0x1f, 0xfe,
    0x3, 0x0, 0xff, 0xe0, 0x98, 0x7, 0xff, 0x80,
    0x40, 0x3f, 0xf8, 0x22, 0x1, 0xff, 0xe0, 0x70,
    0xf, 0xfe, 0xb, 0x80, 0x7f, 0xf8, 0x4, 0x3,
    0xff, 0x82, 0x20, 0x1f, 0xfe, 0x3, 0x0, 0xff,
    0xe0, 0x98, 0x7, 0xff, 0x80, 0x40, 0x3f, 0xf8,
    0x22, 0x1, 0xff, 0xe0, 0xf0, 0xf, 0xfe, 0xf,
    0x80, 0x7f, 0xf8, 0x4, 0x3, 0xff, 0x82, 0x20,
    0x1f, 0xfe, 0x3, 0x0, 0xff, 0xe0, 0x98, 0x7,
    0xff, 0x80, 0x40, 0x3f, 0xf8, 0x22, 0x1, 0xff,
    0xe0, 0x70, 0xf, 0xfe, 0xb, 0x80, 0x7f, 0xf8,
    0x4, 0x3, 0xff, 0x80, 0xc6, 0x1, 0xff, 0xe0,
    0x30, 0xf, 0xf0, 0xdc, 0x80, 0x7f, 0xf8, 0x44,
    0x3, 0xf9, 0x3d, 0x0, 0x13, 0xff, 0xff, 0xce,
    0x90, 0xf, 0xfe, 0x21, 0x0, 0x7e, 0x8b, 0x10,
    0x2d, 0x60, 0xf, 0xfe, 0x73, 0x60, 0x80, 0x7f,
    0xf0, 0xb5, 0x40, 0x38, 0xb1, 0xc0, 0xd, 0xa4,
    0x1, 0xff, 0xd0, 0x3f, 0x30, 0xf, 0xfe, 0x15,
    0x40, 0x4, 0xba, 0x60, 0x37, 0x20, 0x1f, 0xfd,
    0x31, 0xc6, 0x0, 0xff, 0xe1, 0x3d, 0x8d, 0x50,
    0x0, 0x9e, 0x80, 0x1f, 0xfd, 0x69, 0xa0, 0xf,
    0xfe, 0x12, 0x72, 0x80, 0x22, 0xc4, 0x3, 0xff,
    0xb0, 0xb8, 0x20, 0x1f, 0xfc, 0x32, 0xc7, 0x0,
    0xff, 0xed, 0x9f, 0xa0, 0x7, 0xff, 0xc, 0x40,
    0x3f, 0xfb, 0xa6, 0xe0, 0x1f, 0xfc, 0x22, 0xd5,
    0x0, 0xff, 0xed, 0xae, 0x98, 0x7, 0xff, 0x12,
    0xa0, 0x3, 0xff, 0xb3, 0x34, 0x0, 0x2c, 0x50,
    0xf, 0xfe, 0x13, 0xd8, 0x80, 0x7f, 0xf5, 0x4f,
    0x58, 0x0, 0xba, 0x75, 0x0, 0x1f, 0xfc, 0x24,
    0xc3, 0x0, 0xff, 0xe9, 0xbe, 0x10, 0x2, 0xa8,
    0x1, 0x3d, 0x80, 0x7f, 0xf0, 0x8b, 0x14, 0x3,
    0xff, 0xa0, 0x37, 0x0, 0x3, 0xd5, 0x0, 0xe4,
    0xd1, 0x0, 0xff, 0xe1, 0x54, 0x0, 0x7f, 0xf3,
    0x93, 0xd0, 0x0, 0xf8, 0x40, 0x1f, 0x11, 0x80,
    0x7f, 0xf0, 0xdf, 0xff, 0xff, 0x9d, 0x62, 0x3,
    0x70, 0x1, 0xfe, 0x30, 0xf, 0xff, 0x2, 0x7a,
    0x0, 0x7f, 0xfb, 0x2c, 0x40, 0x3f, 0xf8, 0x2,
    0x1, 0xff, 0xdf, 0x10, 0xf, 0xff, 0x71, 0x80,
    0x7f, 0xf0, 0x44, 0x3, 0xff, 0xc0, 0x20, 0x1f,
    0xfc, 0x13, 0x0, 0xff, 0xf0, 0x38, 0x7, 0xff,
    0x4, 0x40, 0x3f, 0xfc, 0x2, 0x1, 0xff, 0xc1,
    0x70, 0xf, 0xff, 0x1, 0x80, 0x7f, 0xf0, 0x44,
    0x3, 0xff, 0xc0, 0x20, 0x1f, 0xfc, 0x13, 0x0,
    0xff, 0xf0, 0x78, 0x7, 0xff, 0x4, 0x40, 0x3f,
    0xfc, 0x2, 0x1, 0xff, 0xc1, 0xf0, 0xf, 0xff,
    0x1, 0x80, 0x7f, 0xf0, 0x44, 0x3, 0xff, 0xc0,
    0x20, 0x1f, 0xfc, 0x13, 0x0, 0xff, 0xf0, 0x38,
    0x7, 0xff, 0x4, 0x40, 0x3f, 0xfc, 0x2, 0x1,
    0xff, 0xc1, 0x70, 0xf, 0xff, 0x1, 0x80, 0x7f,
    0xf0, 0x44, 0x3, 0xff, 0xc0, 0x20, 0x1f, 0xfc,
    0x13, 0x0, 0xff, 0xf7, 0x8, 0x7, 0xff, 0x7c,
    0x40, 0x3f, 0xfd, 0xc4, 0x1, 0xff, 0xc1, 0x10,
    0xf, 0xff, 0x3, 0x80, 0x7f, 0xf0, 0x4c, 0x3,
    0xff, 0xc0, 0x20, 0x1f, 0xfc, 0x11, 0x0, 0xff,
    0xf0, 0x18, 0x7, 0xff, 0x5, 0xc0, 0x3f, 0xfc,
    0x2, 0x1, 0xff, 0xc1, 0x10, 0xf, 0xff, 0x7,
    0x80, 0x7f, 0xf0, 0x4c, 0x3, 0xff, 0xc0, 0x20,
    0x1f, 0xfc, 0x11, 0x0, 0xff, 0xf0, 0x18, 0x7,
    0xff, 0xb8, 0x40, 0x3f, 0xf8, 0x3e, 0x1, 0xff,
    0xe0, 0x70, 0xf, 0xfe, 0x8, 0x80, 0x7f, 0xf8,
    0x4, 0x3, 0xff, 0x82, 0x60, 0x1f, 0xfe, 0x3,
    0x0, 0xff, 0xe0, 0x88, 0x7, 0xff, 0x80, 0x40,
    0x3f, 0xf8, 0x2e, 0x1, 0xff, 0xe0, 0x20, 0xf,
    0xfe, 0x8, 0x80, 0x7f, 0xf8, 0x14, 0x3, 0xff,
    0x82, 0x60, 0x1f, 0xfe, 0xb, 0x0, 0xff, 0xe0,
    0x88, 0x7, 0xff, 0x80, 0xc4, 0x3, 0xfe, 0x20,
    0xf, 0xff, 0x13, 0x80, 0x7f, 0xcc, 0x1, 0xff,
    0xe2, 0xd0, 0xf, 0xfb, 0x0, 0x3f, 0xfc, 0x48,
    0x1, 0xff, 0x28, 0x7, 0xff, 0x8d, 0x40, 0x3f,
    0x8c, 0x80, 0x3f, 0xfc, 0x78, 0x1, 0xfd, 0x0,
    0x1f, 0xfe, 0x47, 0x0, 0xfc, 0x88, 0x0, 0xff,
    0xf2, 0x9, 0x80, 0x78, 0x68, 0x3, 0xff, 0xcd,
    0x60, 0x1c, 0x38, 0x20, 0x1f, 0xfe, 0x65, 0x0,
    0xc5, 0x84, 0x1, 0xff, 0xe7, 0x22, 0x0, 0x1b,
    0x48, 0x3, 0xff, 0xd3, 0x4b, 0xb2, 0x1, 0xff,
    0xeb, 0x7a, 0x20, 0xf, 0xf0,

    /* U+0074 "t" */
    0x0, 0xfe, 0x44, 0x0, 0x7f, 0xfa, 0x6, 0xad,
    0x0, 0x3f, 0xfc, 0xf4, 0x21, 0x66, 0x1, 0xff,
    0xe5, 0x34, 0x0, 0xb4, 0xc0, 0x3f, 0xfc, 0x90,
    0x1, 0x87, 0x48, 0x3, 0xff, 0xc6, 0x80, 0x1c,
    0x38, 0x40, 0x1f, 0xfe, 0x15, 0x0, 0xf8, 0x7c,
    0x40, 0x3f, 0xfc, 0x4, 0x1, 0xf8, 0xb0, 0x40,
    0x3f, 0xfb, 0xfa, 0x1, 0xfc, 0x5a, 0x20, 0x1f,
    0xfd, 0xe1, 0x0, 0xff, 0x1e, 0x80, 0x7f, 0xf7,
    0x9c, 0x3, 0xfe, 0x3b, 0x0, 0xff, 0xee, 0x88,
    0x7, 0xff, 0x1, 0x8, 0x3, 0xff, 0xb8, 0x60,
    0x1f, 0xfc, 0x13, 0x0, 0xff, 0xee, 0x8, 0x7,
    0xff, 0x4, 0x40, 0x3f, 0xff, 0xe0, 0x1f, 0xfc,
    0x71, 0x0, 0xff, 0xe0, 0x88, 0x7, 0xff, 0x70,
    0xc0, 0x3f, 0xf8, 0x26, 0x1, 0xff, 0xdc, 0x10,
    0xf, 0xfe, 0x8, 0x80, 0x7f, 0xf7, 0x1c, 0x3,
    0xff, 0x82, 0xe0, 0x1f, 0xfd, 0xc1, 0x0, 0xff,
    0xe0, 0x88, 0x7, 0xff, 0x70, 0xc0, 0x3f, 0xf8,
    0x26, 0x1, 0xff, 0xdc, 0x10, 0xf, 0xfe, 0x8,
    0x80, 0x7f, 0xf7, 0x3c, 0x3, 0xff, 0x83, 0xe0,
    0x1f, 0xfd, 0xc2, 0x0, 0xff, 0xe0, 0x88, 0x7,
    0xff, 0x70, 0x40, 0x3f, 0xf8, 0x26, 0x1, 0xff,
    0xdc, 0x70, 0xf, 0xfe, 0x8, 0x80, 0x7f, 0xf7,
    0x4, 0x3, 0xff, 0x82, 0xe0, 0x1f, 0xfd, 0xc3,
    0x0, 0xff, 0xe0, 0x88, 0x7, 0xff, 0x70, 0x40,
    0x3f, 0xf8, 0x26, 0x1, 0xff, 0xea, 0x10, 0xf,
    0xfe, 0xd8, 0x80, 0x7f, 0xf0, 0x44, 0x3, 0xff,
    0xb8, 0x60, 0x1f, 0xfc, 0x13, 0x0, 0xff, 0xee,
    0x8, 0x7, 0xff, 0x4, 0x40, 0x3f, 0xfb, 0x8e,
    0x1, 0xff, 0xc1, 0x70, 0xf, 0xfe, 0xe0, 0x80,
    0x7f, 0xf0, 0x44, 0x3, 0xff, 0xb8, 0x60, 0x1f,
    0xfc, 0x13, 0x0, 0xff, 0xee, 0x8, 0x7, 0xff,
    0x4, 0x40, 0x3f, 0xfb, 0x9e, 0x1, 0xff, 0xc1,
    0xf0, 0xf, 0xfe, 0xe0, 0x80, 0x7f, 0xf0, 0x44,
    0x3, 0xff, 0xb8, 0x60, 0x1f, 0xfc, 0x13, 0x0,
    0xff, 0xee, 0x8, 0x7, 0xff, 0x4, 0x40, 0x3f,
    0xfb, 0x8e, 0x1, 0xff, 0xc1, 0x70, 0xf, 0xfe,
    0xe0, 0x80, 0x7f, 0xf0, 0x18, 0xc0, 0x3f, 0xfb,
    0x86, 0x1, 0xfe, 0x1b, 0x90, 0xf, 0xfe, 0xe8,
    0x80, 0x7f, 0x27, 0xa0, 0x2, 0x7f, 0xff, 0xf9,
    0xd2, 0x1, 0xff, 0xc0, 0x20, 0xf, 0xd1, 0x62,
    0x5, 0xac, 0x1, 0xff, 0xce, 0x6c, 0x10, 0xf,
    0xf6, 0xa8, 0x7, 0x16, 0x38, 0x1, 0xb4, 0x80,
    0x3f, 0xfa, 0x7, 0xe6, 0x1, 0xfe, 0xa8, 0x0,
    0x97, 0x4c, 0x6, 0xe4, 0x3, 0xff, 0xa6, 0x38,
    0xc0, 0x1f, 0xe7, 0xb1, 0xaa, 0x0, 0x13, 0xd0,
    0x3, 0xff, 0xad, 0x34, 0x1, 0xfe, 0x4e, 0x50,
    0x4, 0x58, 0x80, 0x7f, 0xf6, 0x17, 0x4, 0x3,
    0xfe, 0x2c, 0x70, 0xf, 0xfe, 0xd9, 0xfa, 0x0,
    0x7f, 0xc2, 0x1, 0xff, 0xdd, 0x37, 0x0, 0xff,
    0x16, 0xa8, 0x7, 0xff, 0x6d, 0x74, 0xc0, 0x3e,
    0x7b, 0x10, 0x5, 0x40, 0x7, 0xff, 0x66, 0x68,
    0x3, 0xe1, 0xb8, 0x4c, 0x30, 0x3, 0xd8, 0x80,
    0x7f, 0xf5, 0x4f, 0x58, 0x3, 0xe4, 0xf4, 0x0,
    0x16, 0x30, 0x1, 0x30, 0xc0, 0x3f, 0xfa, 0x6f,
    0x84, 0x1, 0xf3, 0xd8, 0x80, 0x74, 0xc8, 0x0,
    0x58, 0xa0, 0x1f, 0xfd, 0x1, 0xb8, 0x0, 0xfe,
    0xa0, 0xf, 0xcd, 0x82, 0x0, 0xa8, 0x0, 0xff,
    0xe7, 0x27, 0xa0, 0x7, 0xf8, 0xc0, 0x3f, 0x8f,
    0xd0, 0x0, 0xff, 0xff, 0xfc, 0xeb, 0x10, 0xf,
    0xf8, 0x40, 0x3f, 0xc3, 0x6e, 0x1, 0xff, 0xea,
    0x81, 0x0, 0xff, 0xf5, 0x8, 0x7, 0xff, 0x6c,
    0x40, 0x3f, 0xfd, 0x46, 0x1, 0xff, 0xc1, 0x10,
    0xf, 0xfe, 0xe0, 0x80, 0x7f, 0xf0, 0x4c, 0x3,
    0xff, 0xb8, 0xe0, 0x1f, 0xfc, 0x11, 0x0, 0xff,
    0xee, 0x8, 0x7, 0xff, 0x5, 0xc0, 0x3f, 0xfb,
    0x86, 0x1, 0xff, 0xc1, 0x10, 0xf, 0xfe, 0xe0,
    0x80, 0x7f, 0xf0, 0x4c, 0x3, 0xff, 0xb9, 0xe0,
    0x1f, 0xfc, 0x11, 0x0, 0xff, 0xee, 0x8, 0x7,
    0xff, 0x7, 0xc0, 0x3f, 0xfb, 0x86, 0x1, 0xff,
    0xc1, 0x10, 0xf, 0xfe, 0xe0, 0x80, 0x7f, 0xf0,
    0x4c, 0x3, 0xff, 0xb8, 0xe0, 0x1f, 0xfc, 0x11,
    0x0, 0xff, 0xee, 0x8, 0x7, 0xff, 0x5, 0x80,
    0x3f, 0xfb, 0x86, 0x1, 0xff, 0xc1, 0x30, 0xf,
    0xfe, 0xe0, 0x80, 0x7f, 0xf0, 0x44, 0x3, 0xff,
    0xfe, 0x1, 0xff, 0xc7, 0x10, 0xf, 0xfe, 0x8,
    0x80, 0x7f, 0xf7, 0xc, 0x3, 0xff, 0x82, 0x60,
    0x1f, 0xfd, 0xc1, 0x0, 0xff, 0xe0, 0x88, 0x7,
    0xff, 0x71, 0xc0, 0x3f, 0xf8, 0x2e, 0x1, 0xff,
    0xdc, 0x10, 0xf, 0xfe, 0x8, 0x80, 0x7f, 0xf7,
    0xc, 0x3, 0xff, 0x82, 0x60, 0x1f, 0xfd, 0xc1,
    0x0, 0xff, 0xe0, 0x88, 0x7, 0xff, 0x73, 0xc0,
    0x3f, 0xf8, 0x3e, 0x1, 0xff, 0xdc, 0x10, 0xf,
    0xfe, 0x8, 0x80, 0x7f, 0xf7, 0xc, 0x3, 0xff,
    0x82, 0x60, 0x1f, 0xfd, 0xc1, 0x0, 0xff, 0xe0,
    0x88, 0x7, 0xff, 0x71, 0xc0, 0x3f, 0xf8, 0x2e,
    0x1, 0xff, 0xdc, 0x10, 0xf, 0xfe, 0x8, 0x80,
    0x7f, 0xf7, 0xc, 0x3, 0xff, 0x80, 0xa4, 0x1,
    0xff, 0xdc, 0x10, 0xf, 0xf9, 0xa8, 0x3, 0xff,
    0xd0, 0xf2, 0x0, 0x8f, 0xff, 0xfe, 0x6f, 0x0,
    0x7f, 0xf2, 0xe2, 0x0, 0x9, 0x70, 0xf, 0xfe,
    0x68, 0x98, 0x7, 0xff, 0x26, 0x5c, 0x1, 0x4c,
    0x1, 0xff, 0xcf, 0xb0, 0xf, 0xfe, 0x1, 0x80,
    0x7d, 0x4c, 0x0, 0xb5, 0x0, 0xff, 0xe8, 0x20,
    0x7, 0xff, 0x1, 0x40, 0x3d, 0x6a, 0x0, 0xb4,
    0x0, 0xff, 0xe8, 0x98, 0x80, 0x7f, 0xda, 0x1,
    0x87, 0x10, 0x1, 0x88, 0x1, 0xff, 0xd3, 0x70,
    0xf, 0xf9, 0x4, 0x0, 0x38, 0x60, 0x38, 0x60,
    0x1f, 0xfd, 0x4c, 0x0, 0xff, 0xe0, 0x58, 0x16,
    0x10, 0xe, 0x18, 0x7, 0xff, 0x55, 0x40, 0x3f,
    0xf8, 0xa, 0xd8, 0x40, 0x58, 0x40, 0x1f, 0xfd,
    0x74, 0x0, 0xff, 0xe0, 0x48, 0x81, 0x61, 0x0,
    0x7f, 0xf6, 0x30, 0x3, 0xff, 0x84, 0x78, 0x20,
    0x1f, 0xfd, 0x95, 0x0, 0xff, 0xe1, 0x12, 0x80,
    0x7f, 0xf6, 0x88, 0x80, 0x1f, 0xfc, 0x11, 0xba,
    0x30, 0xf, 0xfe, 0xca, 0x0, 0x7f, 0xf0, 0xd7,
    0x31, 0x8, 0x40, 0x1f, 0xfd, 0x5d, 0x0, 0xfc,

    /* U+0075 "u" */
    0x0, 0xff, 0xfc, 0xc6, 0x8, 0x7, 0xff, 0x84,
    0xf5, 0x80, 0x3f, 0x87, 0x1c, 0xfd, 0x0, 0x3f,
    0xfb, 0xef, 0x85, 0x32, 0x0, 0xf9, 0x7c, 0xc0,
    0x3, 0x6e, 0x1, 0xff, 0xdc, 0x1b, 0x80, 0x9,
    0xb0, 0x40, 0x34, 0x50, 0x80, 0x74, 0x50, 0x7,
    0xff, 0x69, 0x3d, 0x0, 0x38, 0xfc, 0x40, 0x25,
    0x0, 0xfc, 0xba, 0x40, 0x1f, 0xfd, 0x78, 0xb1,
    0x0, 0xf8, 0x4c, 0x2, 0x30, 0xf, 0xe2, 0xd5,
    0x0, 0xff, 0xea, 0x16, 0x38, 0x7, 0xf8, 0xc0,
    0x21, 0x0, 0xff, 0xaa, 0x0, 0x3f, 0xfa, 0x4b,
    0xa6, 0x1, 0xff, 0x8, 0x7, 0xff, 0x11, 0xc4,
    0x3, 0xff, 0xa3, 0x40, 0x1f, 0xfc, 0x41, 0x0,
    0xff, 0xe1, 0x8, 0x7, 0xff, 0x40, 0x40, 0x3f,
    0xf8, 0xa6, 0x1, 0xff, 0xdf, 0x30, 0xf, 0xfe,
    0x8, 0x80, 0x7f, 0xf1, 0x44, 0x3, 0xff, 0xa2,
    0x20, 0x1f, 0xfc, 0x13, 0x0, 0x84, 0x3, 0xff,
    0x82, 0x60, 0x1f, 0xfd, 0x17, 0x0, 0xff, 0xe0,
    0x88, 0x4, 0xe0, 0x1f, 0xfc, 0x11, 0x0, 0xff,
    0xe8, 0x88, 0x7, 0xff, 0x5, 0xc0, 0x21, 0x0,
    0xff, 0xe0, 0xb8, 0x7, 0xff, 0x44, 0xc0, 0x3f,
    0xf8, 0x22, 0x1, 0x18, 0x7, 0xff, 0x4, 0x40,
    0x3f, 0xfa, 0x22, 0x1, 0xff, 0xc1, 0x30, 0x8,
    0x40, 0x3f, 0xf8, 0x26, 0x1, 0xff, 0xd1, 0xf0,
    0xf, 0xfe, 0x8, 0x80, 0x5e, 0x1, 0xff, 0xc1,
    0x10, 0xf, 0xfe, 0x88, 0x80, 0x7f, 0xf0, 0x7c,
    0x2, 0x10, 0xf, 0xfe, 0xf, 0x80, 0x7f, 0xf4,
    0x4c, 0x3, 0xff, 0x82, 0x20, 0x11, 0x80, 0x7f,
    0xf0, 0x44, 0x3, 0xff, 0xa2, 0x20, 0x1f, 0xfc,
    0x13, 0x0, 0x84, 0x3, 0xff, 0x82, 0x60, 0x1f,
    0xfd, 0x17, 0x0, 0xff, 0xe0, 0x88, 0x4, 0xe0,
    0x1f, 0xfc, 0x16, 0x0, 0xff, 0xe8, 0x88, 0x7,
    0xff, 0x5, 0xc0, 0x21, 0x0, 0xff, 0xe0, 0x88,
    0x7, 0xff, 0x44, 0xc0, 0x3f, 0xf8, 0x22, 0x1,
    0x18, 0x7, 0xff, 0x4, 0xc0, 0x3f, 0xfa, 0x22,
    0x1, 0xff, 0xc1, 0x30, 0x8, 0x40, 0x3f, 0xf8,
    0x22, 0x1, 0xff, 0xd0, 0x10, 0xf, 0xfe, 0x10,
    0x80, 0x7f, 0xf8, 0x8c, 0x3, 0xff, 0x8a, 0x20,
    0x1f, 0xfc, 0x11, 0x0, 0xff, 0xe8, 0x88, 0x7,
    0xff, 0x4, 0x40, 0x23, 0x0, 0xff, 0xe0, 0x98,
    0x7, 0xff, 0x45, 0xc0, 0x3f, 0xf8, 0x26, 0x1,
    0x8, 0x7, 0xff, 0x4, 0x40, 0x3f, 0xfa, 0x22,
    0x1, 0xff, 0xc1, 0x10, 0x9, 0xc0, 0x3f, 0xf8,
    0x2e, 0x1, 0xff, 0xd1, 0x30, 0xf, 0xfe, 0xb,
    0x80, 0x42, 0x1, 0xff, 0xc1, 0x10, 0xf, 0xfe,
    0x88, 0x80, 0x7f, 0xf0, 0x44, 0x2, 0x30, 0xf,
    0xfe, 0x9, 0x80, 0x7f, 0xf4, 0x7c, 0x3, 0xff,
    0x82, 0x60, 0x10, 0x80, 0x7f, 0xf0, 0x44, 0x3,
    0xff, 0xa2, 0x20, 0x1f, 0xfc, 0x11, 0x0, 0xbc,
    0x3, 0xff, 0x83, 0xe0, 0x1f, 0xfd, 0x13, 0x0,
    0xff, 0xe0, 0xf8, 0x4, 0x20, 0x1f, 0xfc, 0x11,
    0x0, 0xff, 0xe8, 0x88, 0x7, 0xff, 0x4, 0x40,
    0x23, 0x0, 0xff, 0xe0, 0x98, 0x7, 0xff, 0x45,
    0xc0, 0x3f, 0xf8, 0xa2, 0x1, 0xff, 0xc1, 0x10,
    0xf, 0xfe, 0x88, 0x80, 0x7f, 0xf0, 0x4c, 0x2,
    0x70, 0xf, 0xfe, 0xb, 0x80, 0x7f, 0xf4, 0x4c,
    0x3, 0xff, 0x82, 0x20, 0x10, 0x80, 0x7f, 0xf0,
    0x44, 0x3, 0xff, 0xa2, 0x20, 0x1f, 0xfc, 0x17,
    0x0, 0x8c, 0x3, 0xff, 0x80, 0xa4, 0x1, 0xff,
    0xd1, 0x20, 0xf, 0xfe, 0x8, 0x80, 0x42, 0x1,
    0xff, 0x35, 0x0, 0x7f, 0xf4, 0x94, 0x3, 0xff,
    0x82, 0x60, 0x1f, 0xfc, 0x27, 0x90, 0x4, 0x7f,
    0xff, 0xf3, 0x78, 0x1, 0x60, 0x1f, 0xfc, 0x11,
    0x0, 0xff, 0xe0, 0xcc, 0x0, 0x25, 0xc0, 0x3f,
    0xf9, 0xa2, 0x60, 0x62, 0x1, 0xff, 0x10, 0x7,
    0xff, 0x6, 0x98, 0x1, 0x4c, 0x1, 0xff, 0xcf,
    0xb0, 0x3, 0x80, 0x7f, 0xcc, 0x1, 0x8c, 0x3,
    0xea, 0x50, 0x5, 0xa8, 0x7, 0xff, 0x41, 0x0,
    0x1a, 0x1, 0xff, 0x60, 0x6, 0x50, 0xf, 0x5a,
    0x80, 0x2d, 0x0, 0x3f, 0xfa, 0x26, 0x20, 0x80,
    0x1f, 0xf2, 0x80, 0x6d, 0x0, 0xc3, 0x88, 0x0,
    0xc4, 0x0, 0xff, 0xe9, 0xb8, 0x1, 0x40, 0x3f,
    0x90, 0x80, 0x32, 0x8, 0x0, 0x70, 0xc0, 0x70,
    0xc0, 0x3f, 0xfa, 0x98, 0x0, 0xf0, 0xf, 0xef,
    0x0, 0xf5, 0x81, 0x61, 0x0, 0xe1, 0x80, 0x7f,
    0xf5, 0x54, 0x0, 0xa0, 0x1f, 0x95, 0x0, 0x3c,
    0xad, 0x84, 0x5, 0x84, 0x1, 0xff, 0xd7, 0x40,
    0x2, 0x0, 0x78, 0xac, 0x3, 0xf4, 0x88, 0x16,
    0x10, 0x7, 0xff, 0x63, 0x0, 0x1a, 0x1, 0xc3,
    0xe2, 0x1, 0xfe, 0x3c, 0x10, 0xf, 0xfe, 0xca,
    0x80, 0x1c, 0x3, 0x1f, 0x90, 0x7, 0xfc, 0x4a,
    0x1, 0xff, 0xda, 0x22, 0x0, 0x98, 0x2, 0x30,
    0x40, 0x3f, 0xf8, 0x3, 0x74, 0x60, 0x1f, 0xfd,
    0x94, 0x0, 0x5b, 0x73, 0x80, 0x7f, 0xf1, 0x17,
    0x31, 0x8, 0x40, 0x1f, 0xfd, 0x5d, 0x0, 0x3c,
    0x88, 0x7, 0xf8,

    /* U+0076 "v" */
    0x0, 0xff, 0xf4, 0xcb, 0x80, 0x7f, 0xfb, 0xc5,
    0xa3, 0x90, 0x3, 0xff, 0xdb, 0x20, 0x1, 0xb6,
    0x0, 0xff, 0xf6, 0x30, 0x6, 0x96, 0x0, 0xfe,
    0x55, 0x0, 0x7f, 0xf7, 0xd8, 0x40, 0x3a, 0x4c,
    0x3, 0xe2, 0xaa, 0x28, 0x7, 0xff, 0x7a, 0x80,
    0x3e, 0xf0, 0xf, 0xb8, 0x1, 0x48, 0x1, 0xff,
    0xdc, 0x33, 0x0, 0x7c, 0x68, 0x1, 0xc8, 0x60,
    0x15, 0x98, 0x7, 0xff, 0x6e, 0x40, 0x3f, 0xb8,
    0x3, 0xbc, 0x3, 0xb0, 0xc0, 0x3f, 0xfb, 0x22,
    0xa0, 0x1f, 0xc8, 0x1, 0x85, 0x0, 0x3d, 0xa4,
    0x1, 0xff, 0xd8, 0x90, 0xf, 0xf0, 0x88, 0x2,
    0x40, 0xf, 0x87, 0x8, 0x3, 0xff, 0xae, 0xc0,
    0x1f, 0xf2, 0x80, 0x5a, 0x1, 0xf8, 0x70, 0x40,
    0x3f, 0xfa, 0xac, 0x20, 0x1f, 0xfc, 0x32, 0x0,
    0xfe, 0x1c, 0x10, 0xf, 0xfe, 0xa5, 0x0, 0x7f,
    0xf1, 0x4, 0x3, 0xfc, 0x58, 0x20, 0x1f, 0xfd,
    0x23, 0x30, 0x7, 0xff, 0x11, 0xc0, 0x3f, 0xe2,
    0xd0, 0xf, 0xfe, 0x94, 0x80, 0x7f, 0xf0, 0x5c,
    0x2, 0x10, 0xf, 0xfe, 0x1, 0x90, 0x7, 0xff,
    0x45, 0x0, 0x3f, 0xf8, 0x22, 0x1, 0x18, 0x7,
    0xff, 0x4, 0xc0, 0x3f, 0xfa, 0x22, 0x1, 0xff,
    0xc1, 0x30, 0x8, 0x40, 0x3f, 0xf8, 0x22, 0x1,
    0xff, 0xdf, 0x10, 0xf, 0xff, 0x10, 0x80, 0x7f,
    0xf1, 0x44, 0x3, 0xff, 0x82, 0x20, 0x1f, 0xfd,
    0x12, 0x0, 0xff, 0xe0, 0x88, 0x4, 0x60, 0x1f,
    0xfc, 0x13, 0x0, 0xff, 0xe8, 0xb8, 0x7, 0xff,
    0x4, 0xc0, 0x21, 0x0, 0xff, 0xe0, 0x88, 0x7,
    0xff, 0x44, 0x40, 0x3f, 0xf8, 0x22, 0x1, 0x38,
    0x7, 0xff, 0x5, 0xc0, 0x3f, 0xfa, 0x26, 0x1,
    0xff, 0xc1, 0x70, 0x8, 0x40, 0x3f, 0xf8, 0x22,
    0x1, 0xff, 0xd1, 0x10, 0xf, 0xfe, 0x8, 0x80,
    0x44, 0x1, 0xff, 0xc1, 0x30, 0xf, 0xfe, 0x8f,
    0x80, 0x7f, 0xf0, 0x4c, 0x2, 0xf0, 0xf, 0xfe,
    0x8, 0x80, 0x7f, 0xf4, 0x44, 0x3, 0xff, 0x83,
    0xc0, 0x10, 0x80, 0x7f, 0xf0, 0x7c, 0x3, 0xff,
    0xa2, 0x60, 0x1f, 0xfc, 0x11, 0x0, 0x8c, 0x3,
    0xff, 0x82, 0x20, 0x1f, 0xfd, 0x11, 0x0, 0xff,
    0xe0, 0x98, 0x4, 0x20, 0x1f, 0xfc, 0x13, 0x0,
    0xff, 0xe8, 0xb8, 0x7, 0xff, 0x4, 0x40, 0x27,
    0x0, 0xff, 0xe0, 0x88, 0x7, 0xff, 0x44, 0x40,
    0x3f, 0xf8, 0x2e, 0x1, 0x8, 0x7, 0xff, 0x5,
    0xc0, 0x3f, 0xfa, 0x26, 0x1, 0xff, 0xc1, 0x10,
    0x8, 0xc0, 0x3f, 0xf8, 0x24, 0x1, 0xff, 0xd1,
    0x10, 0xf, 0xfe, 0x9, 0x80, 0x42, 0x1, 0xff,
    0xc1, 0x10, 0xf, 0xfe, 0xf8, 0x80, 0x7f, 0xf8,
    0x84, 0x3, 0xff, 0x8a, 0x20, 0x1f, 0xfc, 0x11,
    0x0, 0xff, 0xe8, 0x90, 0x7, 0xff, 0x4, 0x40,
    0x23, 0x0, 0xff, 0xe0, 0x98, 0x7, 0xff, 0x45,
    0xc0, 0x3f, 0xf8, 0x26, 0x1, 0x8, 0x7, 0xff,
    0x4, 0x40, 0x3f, 0xfa, 0x22, 0x1, 0xff, 0xc1,
    0x10, 0x9, 0xc0, 0x3f, 0xf8, 0x2e, 0x1, 0xff,
    0xd1, 0x30, 0xf, 0xfe, 0xb, 0x80, 0x42, 0x1,
    0xff, 0xc1, 0x10, 0xf, 0xfe, 0x88, 0x80, 0x7f,
    0xf0, 0x44, 0x2, 0x30, 0xf, 0xfe, 0x9, 0x80,
    0x7f, 0xf4, 0x7c, 0x3, 0xff, 0x82, 0x60, 0x10,
    0x80, 0x7f, 0xf0, 0x44, 0x3, 0xff, 0xa2, 0x20,
    0x1f, 0xfc, 0x11, 0x0, 0xbc, 0x3, 0xff, 0x83,
    0xe0, 0x1f, 0xfd, 0x13, 0x0, 0xff, 0xe0, 0xf8,
    0x4, 0x20, 0x1f, 0xfc, 0x11, 0x0, 0xff, 0xe8,
    0x88, 0x7, 0xff, 0x4, 0x40, 0x23, 0x0, 0xff,
    0xe0, 0x98, 0x7, 0xff, 0x45, 0xc0, 0x3f, 0xf8,
    0x26, 0x1, 0x8, 0x7, 0xff, 0x4, 0x40, 0x3f,
    0xfa, 0x22, 0x1, 0xff, 0xc1, 0x10, 0x9, 0xc0,
    0x3f, 0xf8, 0x2e, 0x1, 0xff, 0xd1, 0x30, 0xf,
    0xfe, 0xb, 0x80, 0x42, 0x1, 0xff, 0xc0, 0x83,
    0x0, 0xff, 0xe8, 0xd8, 0x7, 0xff, 0x4, 0x40,
    0x23, 0x0, 0xff, 0xe, 0x38, 0x7, 0xff, 0x49,
    0x74, 0x80, 0x3f, 0xe3, 0x0, 0x84, 0x3, 0xf9,
    0x78, 0xc0, 0x3f, 0xfa, 0x85, 0x88, 0x1, 0xfe,
    0x10, 0x8, 0xc0, 0x3f, 0x4d, 0x0, 0x7f, 0xf5,
    0xc6, 0xe0, 0x3, 0xf2, 0x0, 0x6c, 0x60, 0xe,
    0x3d, 0x60, 0xf, 0xfe, 0xd3, 0xd8, 0x80, 0x74,
    0x58, 0x7, 0x4c, 0x80, 0x26, 0xc2, 0x0, 0xff,
    0xee, 0x26, 0x10, 0x0, 0xb1, 0xc0, 0x3e, 0x6c,
    0x2b, 0x90, 0xf, 0xfe, 0xf9, 0x6a, 0xab, 0x4c,
    0x3, 0xf8, 0xf5, 0x0, 0x3f, 0xfc, 0x55, 0x40,
    0xf, 0xff, 0xf8, 0x7, 0xff, 0xfc, 0x3, 0xff,
    0xfe, 0x1, 0xff, 0xff, 0x0, 0xff, 0xff, 0x80,
    0x7f, 0xff, 0xc0, 0x3f, 0xff, 0xe0, 0x1f, 0xff,
    0xf0, 0xf, 0xff, 0xf8, 0x7, 0xff, 0xfc, 0x3,
    0xff, 0xfe, 0x1, 0xff, 0xff, 0x0, 0xff, 0xff,
    0x80, 0x7f, 0xff, 0xc0, 0x3f, 0xff, 0xe0, 0x1f,
    0xff, 0xf0, 0xf, 0xff, 0xf8, 0x7, 0xff, 0xfc,
    0x3, 0xff, 0xfe, 0x1, 0xff, 0xff, 0x0, 0xff,
    0xff, 0x80, 0x7f, 0xff, 0xc0, 0x3f, 0xff, 0xe0,
    0x1f, 0xff, 0xf0, 0xf, 0xff, 0xf8, 0x7, 0xff,
    0xfc, 0x3, 0xff, 0xfe, 0x1, 0xff, 0xff, 0x0,
    0xff, 0xff, 0x80, 0x7f, 0xff, 0xc0, 0x3f, 0xff,
    0xe0, 0x1f, 0xff, 0xf0, 0xf, 0xff, 0xf8, 0x7,
    0xff, 0xfc, 0x3, 0xff, 0xfe, 0x1, 0xff, 0xf1,
    0x8f, 0xff, 0xfe, 0x6f, 0x0, 0x7f, 0xf5, 0xa5,
    0xc0, 0x3f, 0xf9, 0xa2, 0x60, 0x1f, 0xfd, 0x4a,
    0x60, 0xf, 0xfe, 0x7d, 0x80, 0x7f, 0xf4, 0xed,
    0x40, 0x3f, 0xfa, 0x8, 0x1, 0xff, 0xd2, 0xb4,
    0x0, 0xff, 0xe8, 0x98, 0x80, 0x7f, 0xf4, 0x31,
    0x0, 0x3f, 0xfa, 0x6e, 0x1, 0xff, 0xce, 0x1c,
    0x30, 0xf, 0xfe, 0xa6, 0x0, 0x7f, 0xf3, 0x47,
    0xc, 0x3, 0xff, 0xaa, 0xa0, 0x1f, 0xfc, 0xc2,
    0xc2, 0x0, 0xff, 0xeb, 0xa0, 0x7, 0xff, 0x28,
    0xb0, 0x80, 0x3f, 0xfb, 0x18, 0x1, 0xff, 0xc9,
    0x3c, 0x10, 0xf, 0xfe, 0xca, 0x80, 0x7f, 0xf2,
    0x49, 0x40, 0x3f, 0xfb, 0x44, 0x40, 0xf, 0xfe,
    0x40, 0xdd, 0x18, 0x7, 0xff, 0x65, 0x0, 0x3f,
    0xf9, 0x4b, 0x98, 0x84, 0x20, 0xf, 0xfe, 0xae,
    0x80, 0x7f, 0xf1, 0x80,

    /* U+0077 "w" */
    0x0, 0xff, 0xf6, 0x43, 0x0, 0x7f, 0xfc, 0x85,
    0xe7, 0x4c, 0x3, 0xff, 0xe0, 0xc0, 0x2, 0xc5,
    0x0, 0xff, 0xf7, 0xc8, 0x6, 0xa5, 0x0, 0xff,
    0xe0, 0x22, 0x0, 0x3f, 0xfb, 0xea, 0x20, 0x1d,
    0x44, 0x1, 0xfe, 0x1a, 0xb4, 0x0, 0xff, 0xef,
    0x48, 0x7, 0xdc, 0x1, 0xfe, 0xa1, 0xb, 0x30,
    0xf, 0xfe, 0xe1, 0x98, 0x3, 0xe3, 0x40, 0xf,
    0xc6, 0x80, 0x16, 0x98, 0x7, 0xff, 0x6e, 0x40,
    0x3f, 0xb8, 0x3, 0xf4, 0x0, 0x61, 0xd2, 0x0,
    0xff, 0xec, 0x8a, 0x80, 0x7f, 0x20, 0x7, 0xe4,
    0x0, 0xe1, 0xc2, 0x0, 0xff, 0xec, 0x30, 0x7,
    0xf8, 0x44, 0x1, 0xe5, 0x0, 0xf8, 0x7c, 0x40,
    0x3f, 0xfa, 0xf2, 0x1, 0xff, 0x10, 0x7, 0x88,
    0x3, 0xf1, 0x60, 0x80, 0x7f, 0xf5, 0x54, 0x40,
    0x3f, 0xe7, 0x0, 0xf6, 0x80, 0x7f, 0x16, 0x88,
    0x7, 0xff, 0x52, 0x40, 0x3f, 0xf8, 0xe2, 0x1,
    0xfe, 0x3d, 0x0, 0xff, 0xe9, 0x99, 0x80, 0x3f,
    0xf8, 0xee, 0x1, 0xff, 0x1d, 0x80, 0x7f, 0xf4,
    0xa4, 0x3, 0xff, 0x82, 0xe0, 0x1e, 0x10, 0xf,
    0xfe, 0x2, 0x10, 0x7, 0xff, 0x45, 0x0, 0x3f,
    0xf8, 0x22, 0x1, 0xe3, 0x0, 0xff, 0xe0, 0x98,
    0x7, 0xff, 0x44, 0x40, 0x3f, 0xf8, 0x26, 0x1,
    0xe1, 0x0, 0xff, 0xe0, 0x88, 0x7, 0xff, 0x7c,
    0x40, 0x3f, 0xfc, 0xa2, 0x1, 0xff, 0xc8, 0x10,
    0xf, 0xfe, 0x8, 0x80, 0x7f, 0xf4, 0x4c, 0x3,
    0xff, 0x82, 0x20, 0x1e, 0x30, 0xf, 0xfe, 0x9,
    0x80, 0x7f, 0xf4, 0x58, 0x3, 0xff, 0x82, 0x60,
    0x1e, 0x10, 0xf, 0xfe, 0x8, 0x80, 0x7f, 0xf4,
    0x44, 0x3, 0xff, 0x82, 0x20, 0x1e, 0x70, 0xf,
    0xfe, 0xb, 0x80, 0x7f, 0xf4, 0x4c, 0x3, 0xff,
    0x82, 0xe0, 0x1e, 0x10, 0xf, 0xfe, 0x8, 0x80,
    0x7f, 0xf4, 0x44, 0x3, 0xff, 0x82, 0x20, 0x1e,
    0x30, 0xf, 0xfe, 0x9, 0x80, 0x7f, 0xf4, 0x7c,
    0x3, 0xff, 0x82, 0x60, 0x1e, 0x10, 0xf, 0xfe,
    0x8, 0x80, 0x7f, 0xf4, 0x44, 0x3, 0xff, 0x82,
    0x20, 0x1e, 0xf0, 0xf, 0xfe, 0xf, 0x80, 0x7f,
    0xf4, 0x4c, 0x3, 0xff, 0x83, 0xe0, 0x1e, 0x20,
    0xf, 0xfe, 0x8, 0x80, 0x7f, 0xf4, 0x44, 0x3,
    0xff, 0x82, 0x20, 0x1e, 0x10, 0xf, 0xfe, 0x9,
    0x80, 0x7f, 0xf4, 0x5c, 0x3, 0xff, 0x82, 0x40,
    0x1e, 0x70, 0xf, 0xfe, 0x8, 0x80, 0x7f, 0xf4,
    0x44, 0x3, 0xff, 0x82, 0xe0, 0x1e, 0x10, 0xf,
    0xfe, 0xb, 0x80, 0x7f, 0xf4, 0x4c, 0x3, 0xff,
    0x82, 0x20, 0x1e, 0x30, 0xf, 0xfe, 0x8, 0x80,
    0x7f, 0xf4, 0x44, 0x3, 0xff, 0x82, 0x60, 0x1e,
    0x10, 0xf, 0xfe, 0x9, 0x80, 0x7f, 0xf7, 0xc4,
    0x3, 0xff, 0x90, 0x20, 0x1f, 0xfd, 0x1, 0x0,
    0xff, 0xe4, 0x8, 0x7, 0xff, 0x4, 0x40, 0x3f,
    0xfa, 0x26, 0x1, 0xff, 0xc1, 0x10, 0xf, 0x18,
    0x7, 0xff, 0x4, 0xc0, 0x3f, 0xfa, 0x2c, 0x1,
    0xff, 0xc1, 0x30, 0xf, 0x8, 0x7, 0xff, 0x4,
    0x40, 0x3f, 0xfa, 0x22, 0x1, 0xff, 0xc1, 0x10,
    0xf, 0x38, 0x7, 0xff, 0x5, 0xc0, 0x3f, 0xfa,
    0x26, 0x1, 0xff, 0xc1, 0x70, 0xf, 0x8, 0x7,
    0xff, 0x4, 0x40, 0x3f, 0xfa, 0x22, 0x1, 0xff,
    0xc1, 0x10, 0xf, 0x18, 0x7, 0xff, 0x4, 0xc0,
    0x3f, 0xfa, 0x3e, 0x1, 0xff, 0xc1, 0x30, 0xf,
    0x8, 0x7, 0xff, 0x4, 0x40, 0x3f, 0xfa, 0x22,
    0x1, 0xff, 0xc1, 0x10, 0xf, 0x78, 0x7, 0xff,
    0x7, 0xc0, 0x3f, 0xfa, 0x26, 0x1, 0xff, 0xc1,
    0xf0, 0xf, 0x8, 0x7, 0xff, 0x4, 0x40, 0x3f,
    0xfa, 0x22, 0x1, 0xff, 0xc1, 0x10, 0xf, 0x18,
    0x7, 0xff, 0x4, 0xc0, 0x3f, 0xfa, 0x2e, 0x1,
    0xff, 0xc1, 0x30, 0xf, 0x8, 0x7, 0xff, 0x4,
    0x40, 0x3f, 0xfa, 0x22, 0x1, 0xff, 0xc1, 0x10,
    0xf, 0x38, 0x7, 0xff, 0x5, 0xc0, 0x3f, 0xfa,
    0x26, 0x1, 0xff, 0xc1, 0x70, 0xf, 0x8, 0x7,
    0xff, 0x1, 0x8c, 0x3, 0xff, 0xa3, 0x0, 0x1f,
    0xfc, 0x11, 0x0, 0xf1, 0x80, 0x7f, 0x86, 0xe4,
    0x3, 0xff, 0xa4, 0xd8, 0x20, 0x1f, 0xf1, 0x80,
    0x78, 0x40, 0x3f, 0x93, 0xd0, 0x1, 0x3f, 0xff,
    0xfc, 0xe9, 0x0, 0x1f, 0x98, 0x7, 0xf8, 0x40,
    0x3c, 0x40, 0x1f, 0xa2, 0xc4, 0xb, 0x58, 0x3,
    0xff, 0x9c, 0xd8, 0x20, 0x38, 0xc0, 0x1f, 0x8c,
    0x3, 0xed, 0x50, 0xe, 0x2c, 0x70, 0x3, 0x69,
    0x0, 0x7f, 0xf4, 0xf, 0xcc, 0x1, 0x34, 0x1,
    0xe7, 0xc0, 0xf, 0xd5, 0x0, 0x12, 0xe9, 0x80,
    0xdc, 0x80, 0x7f, 0xf4, 0xc7, 0x18, 0x0, 0xba,
    0x40, 0x1, 0xb8, 0x0, 0xff, 0x3d, 0x8d, 0x50,
    0x0, 0x9e, 0x80, 0x1f, 0xfd, 0x69, 0xa0, 0x1,
    0x62, 0x23, 0xd0, 0x3, 0xff, 0x80, 0x9c, 0xa0,
    0x8, 0xb1, 0x0, 0xff, 0xec, 0x2e, 0x8, 0xd,
    0xd8, 0x40, 0x3f, 0xf8, 0x85, 0x8e, 0x1, 0xff,
    0xdb, 0x3f, 0x40, 0xf, 0xfe, 0x48, 0x80, 0x7f,
    0xf7, 0x4d, 0xc0, 0x3f, 0xf9, 0x5, 0xaa, 0x1,
    0xff, 0xdb, 0x5d, 0x30, 0xf, 0xfe, 0x2b, 0xd8,
    0x80, 0x2a, 0x0, 0x3f, 0xfb, 0x33, 0x40, 0x2,
    0xc5, 0x0, 0xff, 0xe0, 0xd, 0xc2, 0x61, 0x80,
    0x1e, 0xc4, 0x3, 0xff, 0xaa, 0x7a, 0xc0, 0x5,
    0xd3, 0xa8, 0x0, 0xff, 0x27, 0xa0, 0x0, 0xb1,
    0x80, 0x9, 0x86, 0x1, 0xff, 0xd3, 0x7c, 0x20,
    0x5, 0x50, 0x2, 0x7b, 0x0, 0xfc, 0xf6, 0x20,
    0x1d, 0x32, 0x0, 0x16, 0x28, 0x7, 0xff, 0x40,
    0x6e, 0x0, 0x7, 0xaa, 0x1, 0xc9, 0xa2, 0x1,
    0xea, 0x0, 0xfc, 0xd8, 0x20, 0xa, 0x80, 0xf,
    0xfe, 0x72, 0x7a, 0x0, 0x1f, 0x8, 0x3, 0xe2,
    0x30, 0xf, 0x18, 0x7, 0xf1, 0xfa, 0x0, 0x1f,
    0xff, 0xff, 0x9d, 0x62, 0x3, 0x70, 0x1, 0xfe,
    0x30, 0xf, 0x8, 0x7, 0xf8, 0x6d, 0xc0, 0x3f,
    0xfa, 0x49, 0xe8, 0x1, 0xff, 0xd3, 0x81, 0x0,
    0xff, 0xe8, 0xd8, 0x80, 0x7f, 0xf0, 0x4, 0x3,
    0xff, 0x90, 0x20, 0x1f, 0xfd, 0x1, 0x0, 0xff,
    0xe4, 0x8, 0x7, 0xff, 0x7c, 0xc0, 0x3f, 0xf8,
    0x22, 0x1, 0xe3, 0x0, 0xff, 0xe0, 0x88, 0x7,
    0xff, 0x44, 0x40, 0x3f, 0xf8, 0x26, 0x1, 0xe1,
    0x0, 0xff, 0xe0, 0x98, 0x7, 0xff, 0x45, 0xc0,
    0x3f, 0xf8, 0x22, 0x1, 0xe7, 0x0, 0xff, 0xe0,
    0x88, 0x7, 0xff, 0x44, 0x40, 0x3f, 0xf8, 0x2e,
    0x1, 0xe1, 0x0, 0xff, 0xe0, 0xb8, 0x7, 0xff,
    0x44, 0xc0, 0x3f, 0xf8, 0x22, 0x1, 0xe3, 0x0,
    0xff, 0xe0, 0x88, 0x7, 0xff, 0x44, 0x40, 0x3f,
    0xf8, 0x26, 0x1, 0xe1, 0x0, 0xff, 0xe0, 0x98,
    0x7, 0xff, 0x47, 0xc0, 0x3f, 0xf8, 0x22, 0x1,
    0xef, 0x0, 0xff, 0xe0, 0x88, 0x7, 0xff, 0x44,
    0x40, 0x3f, 0xf8, 0x3e, 0x1, 0xe1, 0x0, 0xff,
    0xe0, 0xf8, 0x7, 0xff, 0x44, 0xc0, 0x3f, 0xf8,
    0x22, 0x1, 0xe3, 0x0, 0xff, 0xe0, 0x88, 0x7,
    0xff, 0x44, 0x40, 0x3f, 0xf8, 0x26, 0x1, 0xe1,
    0x0, 0xff, 0xe0, 0x98, 0x7, 0xff, 0x45, 0xc0,
    0x3f, 0xf8, 0x22, 0x1, 0xe7, 0x0, 0xff, 0xe0,
    0x88, 0x7, 0xff, 0x44, 0x40, 0x3f, 0xf8, 0x2e,
    0x1, 0xe1, 0x0, 0xff, 0xe0, 0xb0, 0x7, 0xff,
    0x44, 0xc0, 0x3f, 0xf8, 0x22, 0x1, 0xe3, 0x0,
    0xff, 0xe0, 0x98, 0x7, 0xff, 0x44, 0x40, 0x3f,
    0xf8, 0x26, 0x1, 0xe1, 0x0, 0xff, 0xe0, 0x88,
    0x7, 0xff, 0x7c, 0x40, 0x3f, 0xfc, 0xa4, 0x1,
    0xff, 0xc8, 0x10, 0xf, 0xfe, 0x8, 0x80, 0x7f,
    0xf4, 0x44, 0x3, 0xff, 0x82, 0x20, 0x1e, 0x30,
    0xf, 0xfe, 0x9, 0x80, 0x7f, 0xf4, 0x5c, 0x3,
    0xff, 0x82, 0x60, 0x1e, 0x10, 0xf, 0xfe, 0x8,
    0x80, 0x7f, 0xf4, 0x44, 0x3, 0xff, 0x82, 0x20,
    0x1e, 0x70, 0xf, 0xfe, 0xb, 0x80, 0x7f, 0xf4,
    0x4c, 0x3, 0xff, 0x82, 0xe0, 0x1e, 0x10, 0xf,
    0xfe, 0x8, 0x80, 0x7f, 0xf4, 0x44, 0x3, 0xff,
    0x82, 0x20, 0x1e, 0x30, 0xf, 0xfe, 0x9, 0x80,
    0x7f, 0xf4, 0x7c, 0x3, 0xff, 0x82, 0x60, 0x1e,
    0x10, 0xf, 0xfe, 0x8, 0x80, 0x7f, 0xf4, 0x44,
    0x3, 0xff, 0x82, 0x20, 0x1e, 0xf0, 0xf, 0xfe,
    0xf, 0x80, 0x7f, 0xf4, 0x4c, 0x3, 0xff, 0x83,
    0xe0, 0x1e, 0x10, 0xf, 0xfe, 0x8, 0x80, 0x7f,
    0xf4, 0x44, 0x3, 0xff, 0x82, 0x20, 0x1e, 0x30,
    0xf, 0xfe, 0x9, 0x80, 0x7f, 0xf4, 0x5c, 0x3,
    0xff, 0x90, 0x20, 0x1f, 0xfc, 0x11, 0x0, 0xff,
    0xe8, 0x88, 0x7, 0xff, 0x4, 0xc0, 0x3c, 0xe0,
    0x1f, 0xfc, 0x17, 0x0, 0xff, 0xe8, 0x98, 0x7,
    0xff, 0x4, 0x40, 0x3c, 0x20, 0x1f, 0xfc, 0x11,
    0x0, 0xff, 0xe8, 0x88, 0x7, 0xff, 0x5, 0xc0,
    0x3c, 0x60, 0x1f, 0xfc, 0x5, 0x20, 0xf, 0xfe,
    0x89, 0x0, 0x7f, 0xf0, 0x44, 0x3, 0xc2, 0x1,
    0xff, 0x35, 0x0, 0x7f, 0xf4, 0x94, 0x3, 0xff,
    0x82, 0x60, 0x1f, 0xfc, 0x57, 0x90, 0x4, 0x7f,
    0xff, 0xf3, 0x78, 0x1, 0x60, 0x1f, 0xfc, 0x11,
    0x0, 0xff, 0xe2, 0x44, 0x0, 0x12, 0xe0, 0x1f,
    0xfc, 0xd1, 0x30, 0x31, 0x0, 0xff, 0x88, 0x3,
    0xff, 0x89, 0x2e, 0x0, 0xa6, 0x0, 0xff, 0xe7,
    0xd8, 0x1, 0xc0, 0x3f, 0xe6, 0x0, 0xf8, 0xc0,
    0x3e, 0xa6, 0x0, 0x5a, 0x80, 0x7f, 0xf4, 0x10,
    0x1, 0xa0, 0x1f, 0xf6, 0x0, 0x7c, 0xa0, 0x1e,
    0xb5, 0x0, 0x5a, 0x0, 0x7f, 0xf4, 0x4c, 0x41,
    0x0, 0x3f, 0xe5, 0x0, 0xfb, 0x40, 0x30, 0xe2,
    0x0, 0x31, 0x0, 0x3f, 0xfa, 0x6e, 0x0, 0x50,
    0xf, 0xe4, 0x20, 0xf, 0x90, 0x40, 0x3, 0x86,
    0x3, 0x86, 0x1, 0xff, 0xd4, 0xc0, 0x7, 0x80,
    0x7f, 0x78, 0x7, 0xf5, 0x81, 0x61, 0x0, 0xe1,
    0x80, 0x7f, 0xf5, 0x54, 0x0, 0xa0, 0x1f, 0x95,
    0x0, 0x3f, 0x95, 0xb0, 0x80, 0xb0, 0x80, 0x3f,
    0xfa, 0xe8, 0x0, 0x40, 0xf, 0x15, 0x80, 0x7f,
    0xd2, 0x20, 0x58, 0x40, 0x1f, 0xfd, 0x8c, 0x0,
    0x68, 0x7, 0xf, 0x88, 0x7, 0xff, 0x4, 0xf0,
    0x40, 0x3f, 0xfb, 0x2a, 0x0, 0x70, 0xc, 0x7e,
    0x40, 0x1f, 0xfc, 0x22, 0x50, 0xf, 0xfe, 0xd1,
    0x10, 0x4, 0xc0, 0x11, 0x82, 0x1, 0xff, 0xc3,
    0x1b, 0xa3, 0x0, 0xff, 0xec, 0xa0, 0x2, 0xdb,
    0x9c, 0x3, 0xff, 0x8e, 0xb9, 0x88, 0x42, 0x0,
    0xff, 0xea, 0xe8, 0x1, 0xe4, 0x40, 0x3f, 0xf8,
    0x20,

    /* U+0078 "x" */
    0x0, 0xff, 0x8d, 0xef, 0x7b, 0xff, 0xff, 0xa7,
    0xb2, 0x1, 0xfe, 0x5c, 0xc4, 0x21, 0x8, 0x7,
    0xff, 0x4c, 0xbc, 0x3, 0xf1, 0x65, 0x18, 0x7,
    0xff, 0x60, 0x58, 0x3, 0xf4, 0x18, 0x7, 0xff,
    0x69, 0x80, 0x3f, 0xa9, 0x0, 0x3f, 0xfb, 0x52,
    0x1, 0xfe, 0xb3, 0x0, 0xff, 0xec, 0x28, 0x80,
    0x7f, 0xda, 0x60, 0x1f, 0xfd, 0x7e, 0x0, 0xff,
    0xe0, 0xe, 0x90, 0x7, 0xff, 0x54, 0x90, 0x3,
    0xff, 0x82, 0x38, 0x40, 0x1f, 0xfd, 0x4b, 0x0,
    0xff, 0xe1, 0x8f, 0x88, 0x7, 0xff, 0x48, 0x58,
    0x3, 0xff, 0x88, 0x58, 0x20, 0x1f, 0xfd, 0x16,
    0x0, 0xff, 0xe3, 0x16, 0x80, 0x7f, 0xf4, 0x68,
    0x3, 0xff, 0x8e, 0x78, 0x1, 0xff, 0xcf, 0x42,
    0x0, 0xff, 0xe4, 0x1d, 0x80, 0x7f, 0xf3, 0xbc,
    0x3, 0xff, 0x94, 0x9f, 0xff, 0xfc, 0xe4, 0x0,
    0xff, 0xff, 0x80, 0x7f, 0xff, 0xc0, 0x3f, 0xff,
    0xe0, 0x1f, 0xff, 0xf0, 0xf, 0xff, 0xf8, 0x7,
    0xff, 0xfc, 0x3, 0xff, 0xfe, 0x1, 0xff, 0xff,
    0x0, 0xff, 0xff, 0x80, 0x7f, 0xff, 0xc0, 0x3f,
    0xff, 0xe0, 0x1f, 0xff, 0xf0, 0xf, 0xff, 0xf8,
    0x7, 0xff, 0xfc, 0x3, 0xff, 0xfe, 0x1, 0xff,
    0xff, 0x0, 0xff, 0xff, 0x80, 0x7f, 0xff, 0xc0,
    0x3f, 0xff, 0xe0, 0x1f, 0xff, 0xf0, 0xf, 0xff,
    0xf8, 0x7, 0xff, 0xfc, 0x3, 0xff, 0xf5, 0x3f,
    0xff, 0xfc, 0xe9, 0x0, 0xff, 0xe4, 0x16, 0xb0,
    0x7, 0xff, 0x39, 0xb0, 0x40, 0x3f, 0xf8, 0xad,
    0xa4, 0x1, 0xff, 0xd0, 0x3f, 0x30, 0xf, 0xfe,
    0x10, 0xdc, 0x80, 0x7f, 0xf4, 0xc7, 0x18, 0x3,
    0xff, 0x80, 0x9e, 0x80, 0x1f, 0xfd, 0x69, 0xa0,
    0xf, 0xf4, 0x58, 0x80, 0x7f, 0xf6, 0x17, 0x4,
    0x3, 0xc5, 0x8e, 0x1, 0xff, 0xdb, 0x3f, 0x40,
    0xf, 0x8, 0x7, 0xff, 0x74, 0xdc, 0x3, 0x8b,
    0x54, 0x3, 0xff, 0xb6, 0xba, 0x60, 0x1f, 0x54,
    0x0, 0x7f, 0xf6, 0x66, 0x80, 0x3f, 0xcf, 0x62,
    0x1, 0xff, 0xd5, 0x3d, 0x60, 0xf, 0xfe, 0x2,
    0x61, 0x80, 0x7f, 0xf4, 0xdf, 0x8, 0x3, 0xff,
    0x84, 0x58, 0xa0, 0x1f, 0xfd, 0x1, 0xb8, 0x0,
    0xff, 0xe3, 0x54, 0x0, 0x7f, 0xf3, 0x93, 0xd0,
    0x3, 0xff, 0x90, 0xff, 0xff, 0xfc, 0xeb, 0x10,
    0xf, 0xff, 0xf8, 0x7, 0xff, 0xfc, 0x3, 0xff,
    0xfe, 0x1, 0xff, 0xff, 0x0, 0xff, 0xff, 0x80,
    0x7f, 0xff, 0xc0, 0x3f, 0xff, 0xe0, 0x1f, 0xff,
    0xf0, 0xf, 0xff, 0xf8, 0x7, 0xff, 0xfc, 0x3,
    0xff, 0xfe, 0x1, 0xff, 0xff, 0x0, 0xff, 0xff,
    0x80, 0x7f, 0xff, 0xc0, 0x3f, 0xff, 0xe0, 0x1f,
    0xff, 0xf0, 0xf, 0xff, 0xf8, 0x7, 0xff, 0xfc,
    0x3, 0xff, 0xfe, 0x1, 0xff, 0xff, 0x0, 0xff,
    0xff, 0x80, 0x7f, 0xff, 0xc0, 0x3f, 0xff, 0x31,
    0xff, 0xff, 0xcd, 0xe0, 0xf, 0xfe, 0x54, 0xb8,
    0x7, 0xff, 0x34, 0x4c, 0x3, 0xff, 0x91, 0x4c,
    0x1, 0xff, 0xcf, 0xb0, 0xf, 0xfe, 0x3d, 0xa8,
    0x7, 0xff, 0x41, 0x0, 0x3f, 0xf8, 0xd6, 0x80,
    0x1f, 0xfd, 0x13, 0x10, 0xf, 0xfe, 0x26, 0x20,
    0x7, 0xff, 0x4d, 0xc0, 0x3f, 0xf8, 0x43, 0x86,
    0x1, 0xff, 0xd4, 0xc0, 0xf, 0xfe, 0x8, 0xe1,
    0x80, 0x7f, 0xf5, 0x54, 0x3, 0xff, 0x80, 0x58,
    0x40, 0x1f, 0xfd, 0x74, 0x0, 0xff, 0x16, 0x10,
    0x7, 0xff, 0x63, 0x0, 0x3f, 0x8f, 0x4, 0x3,
    0xff, 0xb2, 0xa0, 0x1f, 0xc4, 0xa0, 0x1f, 0xfd,
    0xa2, 0x20, 0x7, 0xe1, 0xba, 0x30, 0xf, 0xfe,
    0xca, 0x0, 0x7f, 0x97, 0x31, 0x8, 0x40, 0x1f,
    0xfd, 0x5d, 0x0, 0xfc,

    /* U+0079 "y" */
    0x0, 0xff, 0xf4, 0xc3, 0x0, 0x7f, 0xfb, 0xc5,
    0xe7, 0x4c, 0x3, 0xff, 0xda, 0xc0, 0x2, 0xc5,
    0x0, 0xff, 0xf6, 0x48, 0x6, 0xa5, 0x0, 0xfe,
    0x44, 0x0, 0x7f, 0xf7, 0xd4, 0x40, 0x3a, 0x88,
    0x3, 0xe1, 0xab, 0x40, 0xf, 0xfe, 0xf4, 0x80,
    0x7d, 0xc0, 0x1f, 0x50, 0x85, 0x98, 0x7, 0xff,
    0x70, 0xcc, 0x1, 0xf1, 0xa0, 0x7, 0x1a, 0x0,
    0x5a, 0x60, 0x1f, 0xfd, 0xb9, 0x0, 0xfe, 0xe0,
    0xe, 0x80, 0xc, 0x3a, 0x40, 0x1f, 0xfd, 0x91,
    0x50, 0xf, 0xe4, 0x0, 0xe4, 0x0, 0xe1, 0xc2,
    0x0, 0xff, 0xec, 0x30, 0x7, 0xf8, 0x44, 0x1,
    0x28, 0x7, 0xc3, 0xe2, 0x1, 0xff, 0xd7, 0x90,
    0xf, 0xf8, 0x80, 0x22, 0x0, 0xfc, 0x58, 0x20,
    0x1f, 0xfd, 0x55, 0x10, 0xf, 0xf9, 0xc0, 0x2d,
    0x0, 0xfe, 0x2d, 0x10, 0xf, 0xfe, 0xa4, 0x80,
    0x7f, 0xf1, 0x4, 0x3, 0xfc, 0x7a, 0x1, 0xff,
    0xd3, 0x33, 0x0, 0x7f, 0xf1, 0x1c, 0x3, 0xfe,
    0x3b, 0x0, 0xff, 0xe9, 0x48, 0x7, 0xff, 0x5,
    0xc0, 0x21, 0x0, 0xff, 0xe0, 0x21, 0x0, 0x7f,
    0xf4, 0x50, 0x3, 0xff, 0x82, 0x20, 0x11, 0x80,
    0x7f, 0xf0, 0x4c, 0x3, 0xff, 0xa2, 0x20, 0x1f,
    0xfc, 0x13, 0x0, 0x84, 0x3, 0xff, 0x82, 0x20,
    0x1f, 0xfd, 0xf1, 0x0, 0xff, 0xf1, 0x8, 0x7,
    0xff, 0x14, 0x40, 0x3f, 0xf8, 0x22, 0x1, 0xff,
    0xd1, 0x30, 0xf, 0xfe, 0x8, 0x80, 0x46, 0x1,
    0xff, 0xc1, 0x30, 0xf, 0xfe, 0x8b, 0x0, 0x7f,
    0xf0, 0x4c, 0x2, 0x10, 0xf, 0xfe, 0x8, 0x80,
    0x7f, 0xf4, 0x44, 0x3, 0xff, 0x82, 0x20, 0x13,
    0x80, 0x7f, 0xf0, 0x5c, 0x3, 0xff, 0xa2, 0x60,
    0x1f, 0xfc, 0x17, 0x0, 0x84, 0x3, 0xff, 0x82,
    0x20, 0x1f, 0xfd, 0x11, 0x0, 0xff, 0xe0, 0x88,
    0x4, 0x60, 0x1f, 0xfc, 0x13, 0x0, 0xff, 0xe8,
    0xf8, 0x7, 0xff, 0x4, 0xc0, 0x21, 0x0, 0xff,
    0xe0, 0x88, 0x7, 0xff, 0x44, 0x40, 0x3f, 0xf8,
    0x22, 0x1, 0x78, 0x7, 0xff, 0x7, 0xc0, 0x3f,
    0xfa, 0x26, 0x1, 0xff, 0xc1, 0xf0, 0x8, 0x80,
    0x3f, 0xf8, 0x22, 0x1, 0xff, 0xd1, 0x10, 0xf,
    0xfe, 0x8, 0x80, 0x42, 0x1, 0xff, 0xc1, 0x30,
    0xf, 0xfe, 0x8b, 0x80, 0x7f, 0xf0, 0x48, 0x2,
    0x70, 0xf, 0xfe, 0x8, 0x80, 0x7f, 0xf4, 0x44,
    0x3, 0xff, 0x82, 0xe0, 0x10, 0x80, 0x7f, 0xf0,
    0x5c, 0x3, 0xff, 0xa2, 0x60, 0x1f, 0xfc, 0x11,
    0x0, 0x8c, 0x3, 0xff, 0x82, 0x20, 0x1f, 0xfd,
    0x11, 0x0, 0xff, 0xe0, 0x98, 0x4, 0x20, 0x1f,
    0xfc, 0x13, 0x0, 0xff, 0xef, 0x88, 0x7, 0xff,
    0x14, 0x40, 0x3f, 0xfa, 0x2, 0x1, 0xff, 0xc5,
    0x10, 0xf, 0xfe, 0x8, 0x80, 0x7f, 0xf4, 0x4c,
    0x3, 0xff, 0x82, 0x20, 0x11, 0x80, 0x7f, 0xf0,
    0x4c, 0x3, 0xff, 0xa2, 0xc0, 0x1f, 0xfc, 0x13,
    0x0, 0x84, 0x3, 0xff, 0x82, 0x20, 0x1f, 0xfd,
    0x11, 0x0, 0xff, 0xe0, 0x88, 0x4, 0xe0, 0x1f,
    0xfc, 0x17, 0x0, 0xff, 0xe8, 0x98, 0x7, 0xff,
    0x5, 0xc0, 0x21, 0x0, 0xff, 0xe0, 0x88, 0x7,
    0xff, 0x44, 0x40, 0x3f, 0xf8, 0x22, 0x1, 0x18,
    0x7, 0xff, 0x4, 0xc0, 0x3f, 0xfa, 0x3e, 0x1,
    0xff, 0xc1, 0x30, 0x8, 0x40, 0x3f, 0xf8, 0x22,
    0x1, 0xff, 0xd1, 0x10, 0xf, 0xfe, 0x8, 0x80,
    0x5e, 0x1, 0xff, 0xc1, 0xf0, 0xf, 0xfe, 0x89,
    0x80, 0x7f, 0xf0, 0x7c, 0x2, 0x10, 0xf, 0xfe,
    0x8, 0x80, 0x7f, 0xf4, 0x44, 0x3, 0xff, 0x82,
    0x20, 0x11, 0x80, 0x7f, 0xf0, 0x4c, 0x3, 0xff,
    0xa2, 0xe0, 0x1f, 0xfc, 0x13, 0x0, 0x84, 0x3,
    0xff, 0x82, 0x20, 0x1f, 0xfd, 0x11, 0x0, 0xff,
    0xe0, 0x88, 0x4, 0xe0, 0x1f, 0xfc, 0x17, 0x0,
    0xff, 0xe8, 0x98, 0x7, 0xff, 0x5, 0xc0, 0x21,
    0x0, 0xff, 0xe0, 0x31, 0x80, 0x7f, 0xf4, 0x60,
    0x3, 0xff, 0x82, 0x20, 0x11, 0x80, 0x7f, 0x86,
    0xe4, 0x3, 0xff, 0xa4, 0xd8, 0x20, 0x1f, 0xf1,
    0x80, 0x42, 0x1, 0xfc, 0x9e, 0x80, 0x9, 0xff,
    0xff, 0xe7, 0x48, 0x0, 0xfc, 0xc0, 0x3f, 0xc2,
    0x1, 0x10, 0x7, 0xe8, 0xb1, 0x2, 0xd6, 0x0,
    0xff, 0xe7, 0x36, 0x8, 0xe, 0x30, 0x7, 0xe3,
    0x0, 0xda, 0xa0, 0x1c, 0x58, 0xe0, 0x6, 0xd2,
    0x0, 0xff, 0xe8, 0x1f, 0x98, 0x2, 0x68, 0x3,
    0xcf, 0x80, 0x1d, 0x50, 0x1, 0x2e, 0x98, 0xd,
    0xc8, 0x7, 0xff, 0x4c, 0x71, 0x80, 0xb, 0xa4,
    0x0, 0x1b, 0x80, 0xf, 0x9e, 0xc6, 0xa8, 0x0,
    0x4f, 0x40, 0xf, 0xfe, 0xb4, 0xd0, 0x0, 0xb1,
    0x11, 0xe8, 0x1, 0xfc, 0x9c, 0xa0, 0x8, 0xb1,
    0x0, 0xff, 0xec, 0x2e, 0x8, 0xd, 0xd8, 0x40,
    0x3f, 0xf8, 0x25, 0x8e, 0x1, 0xff, 0xdb, 0x3f,
    0x40, 0xf, 0xfe, 0x30, 0x80, 0x7f, 0xf7, 0x4d,
    0xc0, 0x3f, 0xf8, 0xa5, 0xaa, 0x1, 0xff, 0xdb,
    0x5d, 0x30, 0xf, 0xfe, 0x3d, 0x40, 0x7, 0xff,
    0x66, 0x68, 0x0, 0x58, 0xa0, 0x1f, 0xfc, 0x57,
    0xb1, 0x0, 0xff, 0xea, 0x9e, 0xb0, 0x1, 0x74,
    0xea, 0x0, 0x3f, 0xf8, 0xa9, 0x86, 0x1, 0xff,
    0xd3, 0x7c, 0x20, 0x5, 0x50, 0x2, 0x7b, 0x0,
    0xff, 0xe2, 0x96, 0x28, 0x7, 0xff, 0x40, 0x6e,
    0x0, 0x7, 0xaa, 0x1, 0xc9, 0xa2, 0x1, 0xff,
    0xc5, 0xa8, 0x0, 0xff, 0xe7, 0x27, 0xa0, 0x1,
    0xf0, 0x80, 0x3e, 0x23, 0x0, 0xff, 0xe3, 0x3f,
    0xff, 0xff, 0x3a, 0xc4, 0x6, 0xe0, 0x3, 0xfc,
    0x60, 0x1f, 0xfe, 0x34, 0xf4, 0x0, 0xff, 0xf7,
    0xd8, 0x80, 0x7f, 0xf0, 0x4, 0x3, 0xff, 0xc4,
    0x20, 0x1f, 0xff, 0x13, 0x0, 0xff, 0xe0, 0x88,
    0x7, 0xff, 0x8c, 0x40, 0x3f, 0xf8, 0x26, 0x1,
    0xff, 0xe3, 0x70, 0xf, 0xfe, 0x8, 0x80, 0x7f,
    0xf8, 0xc4, 0x3, 0xff, 0x82, 0xe0, 0x1f, 0xfe,
    0x33, 0x0, 0xff, 0xe0, 0x88, 0x7, 0xff, 0x8c,
    0x40, 0x3f, 0xf8, 0x26, 0x1, 0xff, 0xe3, 0xf0,
    0xf, 0xfe, 0x8, 0x80, 0x7f, 0xf8, 0xc4, 0x3,
    0xff, 0x83, 0xe0, 0x1f, 0xfe, 0x33, 0x0, 0xff,
    0xe0, 0x88, 0x7, 0xff, 0x8c, 0x40, 0x3f, 0xf8,
    0x26, 0x1, 0xff, 0xe3, 0x70, 0xf, 0xfe, 0x8,
    0x80, 0x7f, 0xf8, 0xc4, 0x3, 0xff, 0x82, 0xe0,
    0x1f, 0xfe, 0x33, 0x0, 0xff, 0xe0, 0x88, 0x7,
    0xff, 0x8c, 0x40, 0x3f, 0xf8, 0x26, 0x1, 0xff,
    0xf1, 0x10, 0xf, 0xff, 0x11, 0x0, 0x7f, 0xfc,
    0x44, 0x3, 0xff, 0x82, 0x20, 0x1f, 0xfe, 0x37,
    0x0, 0xff, 0xe0, 0x98, 0x7, 0xff, 0x8c, 0x40,
    0x3f, 0xf8, 0x22, 0x1, 0xff, 0xe3, 0x30, 0xf,
    0xfe, 0xb, 0x80, 0x7f, 0xf8, 0xc4, 0x3, 0xff,
    0x82, 0x20, 0x1f, 0xfe, 0x3f, 0x0, 0xff, 0xe0,
    0x98, 0x7, 0xff, 0x8c, 0x40, 0x3f, 0xf8, 0x22,
    0x1, 0xff, 0xe3, 0x30, 0xf, 0xfe, 0xf, 0x80,
    0x7f, 0xf8, 0xc4, 0x3, 0xff, 0x82, 0x20, 0x1f,
    0xfe, 0x37, 0x0, 0xff, 0xf8, 0x88, 0x7, 0xff,
    0x4, 0xc0, 0x3f, 0xfc, 0x66, 0x1, 0xff, 0xc1,
    0x10, 0xf, 0xff, 0x18, 0x80, 0x7f, 0xf0, 0x5c,
    0x3, 0xff, 0xc6, 0x40, 0x1f, 0xfc, 0x11, 0x0,
    0xff, 0xf1, 0xa8, 0x7, 0xff, 0x4, 0xc0, 0x3f,
    0xf8, 0xd1, 0xff, 0xff, 0xcd, 0xe0, 0x5, 0x80,
    0x7f, 0xf0, 0x44, 0x3, 0xff, 0x8b, 0x2e, 0x1,
    0xff, 0xcd, 0x13, 0x3, 0x10, 0xf, 0xf8, 0x80,
    0x3f, 0xf8, 0xb4, 0xc0, 0x1f, 0xfc, 0xfb, 0x0,
    0x38, 0x7, 0xfc, 0xc0, 0x1f, 0xfc, 0x4b, 0x50,
    0xf, 0xfe, 0x82, 0x0, 0x34, 0x3, 0xfe, 0xc0,
    0xf, 0xfe, 0x1d, 0xa0, 0x7, 0xff, 0x44, 0xc4,
    0x10, 0x3, 0xfe, 0x50, 0xf, 0xfe, 0x16, 0x20,
    0x7, 0xff, 0x4d, 0xc0, 0xa, 0x1, 0xfc, 0x84,
    0x1, 0xff, 0xc0, 0x1c, 0x30, 0xf, 0xfe, 0xa6,
    0x0, 0x3c, 0x3, 0xfb, 0xc0, 0x3f, 0xf8, 0x3,
    0x86, 0x1, 0xff, 0xd5, 0x50, 0x2, 0x80, 0x7e,
    0x54, 0x0, 0xff, 0x8b, 0x8, 0x3, 0xff, 0xae,
    0x80, 0x4, 0x0, 0xf1, 0x58, 0x7, 0xfc, 0x58,
    0x40, 0x1f, 0xfd, 0x8c, 0x0, 0x68, 0x7, 0xf,
    0x88, 0x7, 0xf8, 0xf0, 0x40, 0x3f, 0xfb, 0x2a,
    0x0, 0x70, 0xc, 0x7e, 0x40, 0x1f, 0xf1, 0x28,
    0x7, 0xff, 0x68, 0x88, 0x2, 0x60, 0x8, 0xc1,
    0x0, 0xff, 0xe0, 0xd, 0xd1, 0x80, 0x7f, 0xf6,
    0x50, 0x1, 0x6d, 0xce, 0x1, 0xff, 0xc4, 0x5c,
    0xc4, 0x21, 0x0, 0x7f, 0xf5, 0x74, 0x0, 0xf2,
    0x20, 0x1f, 0xfc, 0x10,

    /* U+007A "z" */
    0x0, 0xff, 0xe2, 0x1b, 0xde, 0xf7, 0xff, 0xff,
    0x4f, 0x64, 0x3, 0xff, 0x9a, 0xb9, 0x88, 0x42,
    0x10, 0xf, 0xfe, 0x99, 0x78, 0x1, 0xd4, 0x3,
    0xff, 0x8e, 0x59, 0x46, 0x1, 0xff, 0xd8, 0x16,
    0x1, 0x8a, 0xc2, 0x0, 0xff, 0xe2, 0xc1, 0x80,
    0x7f, 0xf6, 0x98, 0x0, 0xc0, 0x3, 0xd4, 0x0,
    0xff, 0xe2, 0x52, 0x0, 0x7f, 0xf6, 0xa4, 0x1,
    0x40, 0x1a, 0xd0, 0x3, 0xff, 0x89, 0x66, 0x1,
    0xff, 0xd8, 0x51, 0x4, 0x20, 0xe, 0xb2, 0x0,
    0xff, 0xe2, 0x69, 0x80, 0x7f, 0xf5, 0xf8, 0x1,
    0xe0, 0x1f, 0x48, 0x7, 0xff, 0x10, 0x74, 0x80,
    0x3f, 0xfa, 0xa4, 0x80, 0x48, 0x1, 0xf2, 0x18,
    0x7, 0xff, 0x10, 0x70, 0x80, 0x3f, 0xfa, 0x96,
    0x0, 0xb0, 0xf, 0xea, 0x0, 0xff, 0xe2, 0x8f,
    0x88, 0x7, 0xff, 0x48, 0x58, 0x0, 0xc0, 0x1f,
    0xce, 0x1, 0xff, 0xc6, 0x2c, 0x10, 0xf, 0xfe,
    0x8b, 0x0, 0x1c, 0x3, 0xfc, 0x22, 0x0, 0xff,
    0xe3, 0x16, 0x80, 0x7f, 0xf4, 0x68, 0x1, 0x40,
    0x1f, 0xf1, 0x0, 0x7f, 0xf1, 0xcf, 0x0, 0x3f,
    0xf9, 0xe8, 0x40, 0x84, 0x1, 0xff, 0x38, 0x7,
    0xff, 0x20, 0xec, 0x3, 0xff, 0x9d, 0xe0, 0xf,
    0x0, 0xff, 0xeb, 0x27, 0xff, 0xff, 0x39, 0x0,
    0x90, 0x3, 0xff, 0xe7, 0x60, 0x1f, 0xfc, 0x17,
    0x0, 0xff, 0xf3, 0x38, 0x7, 0xff, 0x4, 0x40,
    0x3f, 0xfc, 0xc2, 0x1, 0xff, 0xc1, 0x30, 0xf,
    0xff, 0xa0, 0x80, 0x7f, 0xf9, 0x44, 0x3, 0xff,
    0xe8, 0x60, 0x1f, 0xfc, 0x11, 0x0, 0xff, 0xf3,
    0x8, 0x7, 0xff, 0x4, 0xc0, 0x3f, 0xfc, 0xce,
    0x1, 0xff, 0xc1, 0x10, 0xf, 0xff, 0x31, 0x0,
    0x7f, 0xf0, 0x5c, 0x3, 0xff, 0xcc, 0x20, 0x1f,
    0xfc, 0x11, 0x0, 0xff, 0xf3, 0x78, 0x7, 0xff,
    0x4, 0xc0, 0x3f, 0xfc, 0xc2, 0x1, 0xff, 0xc1,
    0x10, 0xf, 0xff, 0x31, 0x80, 0x7f, 0xf0, 0x7c,
    0x3, 0xff, 0xcc, 0x20, 0x1f, 0xfc, 0x11, 0x0,
    0xff, 0xf3, 0x38, 0x7, 0xff, 0x4, 0xc0, 0x3f,
    0xfc, 0xc2, 0x1, 0xff, 0xc1, 0x10, 0xf, 0xff,
    0x31, 0x80, 0x7f, 0xf0, 0x58, 0x3, 0xff, 0xcc,
    0x20, 0x1f, 0xfc, 0x13, 0x0, 0xff, 0xfa, 0x8,
    0x7, 0xff, 0x94, 0x40, 0x3f, 0xfe, 0x86, 0x1,
    0xff, 0xc1, 0x10, 0xf, 0xff, 0x30, 0x80, 0x7f,
    0xf0, 0x4c, 0x3, 0xff, 0xcc, 0xc0, 0x1f, 0xfc,
    0x11, 0x0, 0xff, 0xf3, 0x18, 0x7, 0xff, 0x5,
    0xc0, 0x3f, 0xfc, 0xc2, 0x1, 0xff, 0xc1, 0x10,
    0xf, 0xff, 0x37, 0x80, 0x7f, 0xf0, 0x4c, 0x3,
    0xff, 0xcc, 0x20, 0x1f, 0xfc, 0x11, 0x0, 0xff,
    0xf3, 0x18, 0x7, 0xff, 0x7, 0xc0, 0x3f, 0xfc,
    0xc2, 0x1, 0xff, 0xc1, 0x10, 0xf, 0xff, 0x33,
    0x80, 0x7f, 0xf0, 0x4c, 0x3, 0xff, 0xcc, 0x20,
    0x1f, 0xfc, 0x11, 0x0, 0xff, 0xf3, 0x18, 0x7,
    0xff, 0x5, 0xc0, 0x3f, 0xfc, 0xd2, 0x1, 0xff,
    0xc1, 0x10, 0xf, 0xff, 0x33, 0xe0, 0x80, 0x7f,
    0xc6, 0x1, 0xff, 0xc9, 0x9f, 0xff, 0xfe, 0x74,
    0x80, 0xf, 0xcc, 0x3, 0xfc, 0x20, 0x1f, 0xfc,
    0x72, 0xd6, 0x0, 0xff, 0xe7, 0x36, 0x8, 0xe,
    0x30, 0x7, 0xe3, 0x0, 0xff, 0xe3, 0xb6, 0x90,
    0x7, 0xff, 0x40, 0xfc, 0xc0, 0x13, 0x40, 0x1e,
    0x7c, 0x0, 0xff, 0xe2, 0x8d, 0xc8, 0x7, 0xff,
    0x4c, 0x71, 0x80, 0xb, 0x84, 0x0, 0x1b, 0x80,
    0xf, 0xfe, 0x2a, 0x7a, 0x0, 0x7f, 0xf5, 0xa6,
    0x80, 0x7, 0x88, 0x8f, 0x40, 0xf, 0xfe, 0x2c,
    0x58, 0x80, 0x7f, 0xf6, 0x17, 0x4, 0x6, 0xec,
    0x20, 0x1f, 0xfc, 0x42, 0xc7, 0x0, 0xff, 0xed,
    0x9f, 0xa0, 0x7, 0xff, 0x24, 0x40, 0x3f, 0xfb,
    0xa6, 0xe0, 0x1f, 0xfc, 0x82, 0xd5, 0x0, 0xff,
    0xed, 0xae, 0x98, 0x7, 0xff, 0x15, 0xec, 0x40,
    0x15, 0x0, 0x1f, 0xfd, 0x99, 0xa0, 0xf, 0xfe,
    0x28, 0xdc, 0x26, 0x18, 0x1, 0xec, 0x40, 0x3f,
    0xfa, 0xa7, 0xac, 0x1, 0xff, 0xc5, 0x4f, 0x40,
    0x1, 0x63, 0x0, 0x13, 0xc, 0x3, 0xff, 0xa6,
    0xf8, 0x40, 0x1f, 0xfc, 0x57, 0xb1, 0x0, 0xe9,
    0x90, 0x0, 0xb1, 0x40, 0x3f, 0xfa, 0x3, 0x70,
    0x1, 0xff, 0xc7, 0xa0, 0xf, 0xcd, 0x82, 0x0,
    0xa8, 0x0, 0xff, 0xe7, 0x27, 0xa0, 0x7, 0xff,
    0x20, 0xc0, 0x3f, 0x8f, 0xd0, 0x0, 0xff, 0xff,
    0xfc, 0xeb, 0x10, 0xf, 0xfe, 0x48, 0x80, 0x7f,
    0x86, 0xdc, 0x3, 0xff, 0xe9, 0x2, 0x1, 0xff,
    0xf4, 0x10, 0xf, 0xff, 0x28, 0x80, 0x7f, 0xfd,
    0xc, 0x3, 0xff, 0x82, 0x20, 0x1f, 0xfe, 0x61,
    0x0, 0xff, 0xe0, 0x98, 0x7, 0xff, 0x99, 0xc0,
    0x3f, 0xf8, 0x22, 0x1, 0xff, 0xe6, 0x10, 0xf,
    0xfe, 0xb, 0x80, 0x7f, 0xf9, 0x8c, 0x3, 0xff,
    0x82, 0x20, 0x1f, 0xfe, 0x61, 0x0, 0xff, 0xe0,
    0x98, 0x7, 0xff, 0x9b, 0xc0, 0x3f, 0xf8, 0x22,
    0x1, 0xff, 0xe6, 0x10, 0xf, 0xfe, 0xf, 0x80,
    0x7f, 0xf9, 0x8c, 0x3, 0xff, 0x82, 0x20, 0x1f,
    0xfe, 0x61, 0x0, 0xff, 0xe0, 0x98, 0x7, 0xff,
    0x99, 0xc0, 0x3f, 0xf8, 0x22, 0x1, 0xff, 0xe6,
    0x10, 0xf, 0xfe, 0xb, 0x0, 0x7f, 0xf9, 0x8c,
    0x3, 0xff, 0x82, 0x60, 0x1f, 0xfe, 0x61, 0x0,
    0xff, 0xe0, 0x88, 0x7, 0xff, 0xfc, 0x3, 0xff,
    0xb6, 0x20, 0x1f, 0xfc, 0x11, 0x0, 0xff, 0xf3,
    0x18, 0x7, 0xff, 0x4, 0xc0, 0x3f, 0xfc, 0xc2,
    0x1, 0xff, 0xc1, 0x10, 0xf, 0xff, 0x33, 0x80,
    0x7f, 0xf0, 0x5c, 0x3, 0xff, 0xcc, 0x20, 0x1f,
    0xfc, 0x11, 0x0, 0xff, 0xf3, 0x18, 0x7, 0xff,
    0x4, 0xc0, 0x3f, 0xfc, 0xc2, 0x1, 0xff, 0xc1,
    0x10, 0xf, 0xff, 0x37, 0x80, 0x7f, 0xf0, 0x7c,
    0x3, 0xff, 0xcc, 0x20, 0x1f, 0xfc, 0x11, 0x0,
    0xff, 0xf3, 0x18, 0x7, 0xff, 0x4, 0xc0, 0x3f,
    0xfc, 0xc2, 0x1, 0xff, 0xc1, 0x10, 0xf, 0xff,
    0x33, 0x80, 0x7f, 0xf0, 0x5c, 0x3, 0xff, 0xcc,
    0x20, 0x1f, 0xfc, 0x11, 0x0, 0xff, 0xf3, 0x18,
    0x7, 0xff, 0x1, 0x48, 0x3, 0xff, 0xcc, 0x20,
    0x1f, 0xf3, 0x50, 0x7, 0xff, 0xc9, 0xe4, 0x1,
    0x1f, 0xff, 0xfc, 0xde, 0x0, 0xff, 0xea, 0xc4,
    0x0, 0x12, 0xe0, 0x1f, 0xfc, 0xd1, 0x30, 0xf,
    0xfe, 0x9c, 0xb8, 0x2, 0x98, 0x3, 0xff, 0x9f,
    0x60, 0x1f, 0xfc, 0xa3, 0x0, 0xfa, 0x98, 0x1,
    0x6a, 0x1, 0xff, 0xd0, 0x40, 0xf, 0xfe, 0x52,
    0x80, 0x7a, 0xd4, 0x1, 0x68, 0x1, 0xff, 0xd1,
    0x31, 0x0, 0xff, 0xe4, 0xe8, 0x6, 0x1c, 0x40,
    0x6, 0x20, 0x7, 0xff, 0x4d, 0xc0, 0x3f, 0xf9,
    0x28, 0x20, 0x1, 0xc3, 0x1, 0xc3, 0x0, 0xff,
    0xea, 0x60, 0x7, 0xff, 0x2a, 0xc0, 0xb0, 0x80,
    0x70, 0xc0, 0x3f, 0xfa, 0xaa, 0x1, 0xff, 0xca,
    0x56, 0xc2, 0x2, 0xc2, 0x0, 0xff, 0xeb, 0xa0,
    0x7, 0xff, 0x2a, 0x44, 0xb, 0x8, 0x3, 0xff,
    0xb1, 0x80, 0x1f, 0xfc, 0xc3, 0xc1, 0x0, 0xff,
    0xec, 0xa8, 0x7, 0xff, 0x30, 0x94, 0x3, 0xff,
    0xb4, 0x44, 0x0, 0xff, 0xe5, 0x8d, 0xd1, 0x80,
    0x7f, 0xf6, 0x50, 0x3, 0xff, 0x9a, 0xb9, 0x88,
    0x42, 0x0, 0xff, 0xea, 0xe8, 0x7, 0xff, 0x18,

    /* U+007C "|" */
    0x0, 0xfe, 0x55, 0x0, 0x7f, 0xf1, 0x8a, 0xa8,
    0xa0, 0x1f, 0xfc, 0x5e, 0x0, 0x52, 0x0, 0x7f,
    0xf0, 0xd0, 0xc0, 0x2b, 0x30, 0xf, 0xfe, 0x17,
    0x80, 0x76, 0x18, 0x7, 0xff, 0x0, 0x50, 0x3,
    0xda, 0x40, 0x1f, 0xf2, 0x0, 0x7c, 0x38, 0x40,
    0x1f, 0xed, 0x0, 0xfc, 0x38, 0x20, 0x1f, 0xc4,
    0x1, 0xfc, 0x38, 0x20, 0x1f, 0x84, 0x3, 0xfc,
    0x58, 0x20, 0x1f, 0x38, 0x7, 0xfc, 0x5a, 0x1,
    0xf0, 0x80, 0x7f, 0xf0, 0xc, 0x80, 0x3c, 0x60,
    0x1f, 0xfc, 0x13, 0x0, 0xf0, 0x80, 0x7f, 0xf0,
    0x44, 0x3, 0xff, 0x9c, 0x20, 0x1f, 0xfc, 0x11,
    0x0, 0xf1, 0x80, 0x7f, 0xf0, 0x4c, 0x3, 0xc2,
    0x1, 0xff, 0xc1, 0x10, 0xf, 0x38, 0x7, 0xff,
    0x5, 0xc0, 0x3c, 0x20, 0x1f, 0xfc, 0x11, 0x0,
    0xf1, 0x0, 0x7f, 0xf0, 0x4c, 0x3, 0xde, 0x1,
    0xff, 0xc1, 0x10, 0xf, 0x8, 0x7, 0xff, 0x7,
    0xc0, 0x3c, 0x60, 0x1f, 0xfc, 0x11, 0x0, 0xf0,
    0x80, 0x7f, 0xf0, 0x4c, 0x3, 0xce, 0x1, 0xff,
    0xc1, 0x10, 0xf, 0x8, 0x7, 0xff, 0x5, 0xc0,
    0x3c, 0x60, 0x1f, 0xfc, 0x12, 0x0, 0xf0, 0x80,
    0x7f, 0xf0, 0x44, 0x3, 0xff, 0x9c, 0x20, 0x1f,
    0xfc, 0x11, 0x0, 0xf1, 0x80, 0x7f, 0xf0, 0x4c,
    0x3, 0xc2, 0x1, 0xff, 0xc1, 0x10, 0xf, 0x38,
    0x7, 0xff, 0x5, 0xc0, 0x3c, 0x20, 0x1f, 0xfc,
    0x11, 0x0, 0xf1, 0x80, 0x7f, 0xf0, 0x4c, 0x3,
    0xc2, 0x1, 0xff, 0xc1, 0x10, 0xf, 0x78, 0x7,
    0xff, 0x7, 0xc0, 0x3c, 0x20, 0x1f, 0xfc, 0x11,
    0x0, 0xf1, 0x80, 0x7f, 0xf0, 0x4c, 0x3, 0xc2,
    0x1, 0xff, 0xc1, 0x10, 0xf, 0x38, 0x7, 0xff,
    0x5, 0xc0, 0x3c, 0x20, 0x1f, 0xfc, 0x8, 0x30,
    0xf, 0x18, 0x7, 0xf8, 0x71, 0xc0, 0x3e, 0x10,
    0xf, 0xe5, 0xe3, 0x0, 0xfc, 0x60, 0x1f, 0xa6,
    0x80, 0x3f, 0xd8, 0xc0, 0x1c, 0x7a, 0xc0, 0x1f,
    0xfc, 0x9, 0x90, 0x4, 0xd8, 0x40, 0x1f, 0xfc,
    0x26, 0xc2, 0xb9, 0x0, 0xff, 0xe2, 0x9e, 0xa0,
    0x7, 0xff, 0xfc, 0x3, 0xd1, 0x82, 0x1, 0xff,
    0xc4, 0x1c, 0x73, 0xf4, 0x0, 0xff, 0xe1, 0x2f,
    0x98, 0x0, 0x6d, 0xc0, 0x3f, 0xf8, 0x11, 0x42,
    0x1, 0xd1, 0x40, 0x1f, 0xf2, 0x80, 0x7e, 0x5d,
    0x20, 0xf, 0xe3, 0x0, 0xfe, 0x2d, 0x50, 0xf,
    0xc2, 0x1, 0xff, 0x54, 0x0, 0x7f, 0xf2, 0x1c,
    0x40, 0x38, 0x40, 0x3f, 0xf8, 0x42, 0x1, 0xc6,
    0x1, 0xff, 0xd6, 0x10, 0xf, 0x8, 0x7, 0xff,
    0x4, 0xc0, 0x3c, 0xe0, 0x1f, 0xfc, 0x11, 0x0,
    0xf0, 0x80, 0x7f, 0xf0, 0x5c, 0x3, 0xc6, 0x1,
    0xff, 0xc1, 0x10, 0xf, 0x8, 0x7, 0xff, 0x4,
    0xc0, 0x3d, 0xe0, 0x1f, 0xfc, 0x11, 0x0, 0xf0,
    0x80, 0x7f, 0xf0, 0x7c, 0x3, 0xc6, 0x1, 0xff,
    0xc1, 0x10, 0xf, 0x8, 0x7, 0xff, 0x4, 0xc0,
    0x3c, 0xe0, 0x1f, 0xfc, 0x16, 0x0, 0xf0, 0x80,
    0x7f, 0xf0, 0x44, 0x3, 0xc6, 0x1, 0xff, 0xc1,
    0x30, 0xf, 0x8, 0x7, 0xff, 0x4, 0x40, 0x3f,
    0xf9, 0xc2, 0x1, 0xff, 0xc1, 0x10, 0xf, 0x18,
    0x7, 0xff, 0x4, 0xc0, 0x3c, 0x20, 0x1f, 0xfc,
    0x11, 0x0, 0xf3, 0x80, 0x7f, 0xf0, 0x5c, 0x3,
    0xc2, 0x1, 0xff, 0xc1, 0x10, 0xf, 0x18, 0x7,
    0xff, 0x4, 0xc0, 0x3c, 0x20, 0x1f, 0xfc, 0x11,
    0x0, 0xf7, 0x80, 0x7f, 0xf0, 0x7c, 0x3, 0xc2,
    0x1, 0xff, 0xc1, 0x10, 0xf, 0x18, 0x7, 0xff,
    0x4, 0xc0, 0x3c, 0x20, 0x1f, 0xfc, 0x11, 0x0,
    0xf3, 0x80, 0x7f, 0xf0, 0x5c, 0x3, 0xc2, 0x1,
    0xff, 0xc1, 0x10, 0xf, 0x18, 0x7, 0xff, 0x1,
    0x48, 0x3, 0xc2, 0x1, 0xff, 0x35, 0x0, 0x7f,
    0xf1, 0x9e, 0x40, 0x3f, 0xf8, 0xd3, 0x0, 0x1f,
    0xfc, 0x6a, 0x60, 0xf, 0xf1, 0x80, 0x7d, 0x4a,
    0x1, 0xff, 0x28, 0x7, 0xad, 0x40, 0x3f, 0xf8,
    0x1a, 0x1, 0x87, 0x10, 0x3, 0xff, 0x82, 0x82,
    0x0, 0x1c, 0x30, 0xf, 0xfe, 0x1d, 0x81, 0x61,
    0x0, 0x7f, 0xf1, 0x15, 0xb0, 0x80, 0x3f, 0xf8,
    0x60
};


/*---------------------
 *  GLYPH DESCRIPTION
 *--------------------*/

static const lv_font_fmt_txt_glyph_dsc_t glyph_dsc[] = {
    {.bitmap_index = 0, .adv_w = 0, .box_w = 0, .box_h = 0, .ofs_x = 0, .ofs_y = 0} /* id = 0 reserved */,
    {.bitmap_index = 0, .adv_w = 1125, .box_w = 0, .box_h = 0, .ofs_x = 0, .ofs_y = 0},
    {.bitmap_index = 0, .adv_w = 1125, .box_w = 62, .box_h = 54, .ofs_x = 9, .ofs_y = 57},
    {.bitmap_index = 610, .adv_w = 1125, .box_w = 18, .box_h = 50, .ofs_x = 9, .ofs_y = 57},
    {.bitmap_index = 874, .adv_w = 1125, .box_w = 54, .box_h = 112, .ofs_x = 6, .ofs_y = 0},
    {.bitmap_index = 1725, .adv_w = 1125, .box_w = 60, .box_h = 112, .ofs_x = 11, .ofs_y = 0},
    {.bitmap_index = 2616, .adv_w = 1125, .box_w = 18, .box_h = 54, .ofs_x = 50, .ofs_y = 1},
    {.bitmap_index = 2895, .adv_w = 1125, .box_w = 45, .box_h = 15, .ofs_x = 16, .ofs_y = 49},
    {.bitmap_index = 3003, .adv_w = 0, .box_w = 12, .box_h = 15, .ofs_x = -6, .ofs_y = -7},
    {.bitmap_index = 3058, .adv_w = 1125, .box_w = 65, .box_h = 112, .ofs_x = 6, .ofs_y = 0},
    {.bitmap_index = 4455, .adv_w = 1125, .box_w = 21, .box_h = 110, .ofs_x = 50, .ofs_y = 1},
    {.bitmap_index = 5053, .adv_w = 1125, .box_w = 65, .box_h = 112, .ofs_x = 6, .ofs_y = 0},
    {.bitmap_index = 6029, .adv_w = 1125, .box_w = 60, .box_h = 112, .ofs_x = 11, .ofs_y = 0},
    {.bitmap_index = 7016, .adv_w = 1125, .box_w = 62, .box_h = 111, .ofs_x = 9, .ofs_y = 0},
    {.bitmap_index = 8083, .adv_w = 1125, .box_w = 59, .box_h = 112, .ofs_x = 9, .ofs_y = 0},
    {.bitmap_index = 9067, .adv_w = 1125, .box_w = 62, .box_h = 112, .ofs_x = 6, .ofs_y = 0},
    {.bitmap_index = 10274, .adv_w = 1125, .box_w = 53, .box_h = 112, .ofs_x = 18, .ofs_y = 0},
    {.bitmap_index = 11072, .adv_w = 1125, .box_w = 65, .box_h = 112, .ofs_x = 6, .ofs_y = 0},
    {.bitmap_index = 12544, .adv_w = 1125, .box_w = 62, .box_h = 112, .ofs_x = 9, .ofs_y = 0},
    {.bitmap_index = 13763, .adv_w = 422, .box_w = 19, .box_h = 64, .ofs_x = 7, .ofs_y = 25},
    {.bitmap_index = 13945, .adv_w = 1125, .box_w = 50, .box_h = 64, .ofs_x = 11, .ofs_y = 0},
    {.bitmap_index = 14250, .adv_w = 1125, .box_w = 65, .box_h = 107, .ofs_x = 6, .ofs_y = 5},
    {.bitmap_index = 15129, .adv_w = 1125, .box_w = 65, .box_h = 112, .ofs_x = 6, .ofs_y = 0},
    {.bitmap_index = 16539, .adv_w = 1125, .box_w = 65, .box_h = 112, .ofs_x = 6, .ofs_y = 0},
    {.bitmap_index = 18011, .adv_w = 1125, .box_w = 54, .box_h = 112, .ofs_x = 6, .ofs_y = 0},
    {.bitmap_index = 18862, .adv_w = 1125, .box_w = 65, .box_h = 112, .ofs_x = 6, .ofs_y = 0},
    {.bitmap_index = 20259, .adv_w = 1125, .box_w = 55, .box_h = 112, .ofs_x = 6, .ofs_y = 0},
    {.bitmap_index = 21203, .adv_w = 1125, .box_w = 55, .box_h = 107, .ofs_x = 6, .ofs_y = 5},
    {.bitmap_index = 22052, .adv_w = 1125, .box_w = 62, .box_h = 112, .ofs_x = 6, .ofs_y = 0},
    {.bitmap_index = 23175, .adv_w = 1125, .box_w = 65, .box_h = 111, .ofs_x = 6, .ofs_y = 0},
    {.bitmap_index = 24513, .adv_w = 1125, .box_w = 21, .box_h = 110, .ofs_x = 50, .ofs_y = 1},
    {.bitmap_index = 25111, .adv_w = 1125, .box_w = 65, .box_h = 111, .ofs_x = 6, .ofs_y = 0},
    {.bitmap_index = 26161, .adv_w = 1125, .box_w = 65, .box_h = 111, .ofs_x = 6, .ofs_y = 0},
    {.bitmap_index = 27306, .adv_w = 1125, .box_w = 47, .box_h = 107, .ofs_x = 6, .ofs_y = 0},
    {.bitmap_index = 28044, .adv_w = 1125, .box_w = 62, .box_h = 112, .ofs_x = 6, .ofs_y = 0},
    {.bitmap_index = 28977, .adv_w = 1125, .box_w = 65, .box_h = 112, .ofs_x = 6, .ofs_y = 0},
    {.bitmap_index = 30312, .adv_w = 1125, .box_w = 65, .box_h = 112, .ofs_x = 6, .ofs_y = 0},
    {.bitmap_index = 31709, .adv_w = 1125, .box_w = 65, .box_h = 107, .ofs_x = 6, .ofs_y = 5},
    {.bitmap_index = 32828, .adv_w = 1125, .box_w = 62, .box_h = 112, .ofs_x = 9, .ofs_y = 0},
    {.bitmap_index = 33823, .adv_w = 1125, .box_w = 54, .box_h = 108, .ofs_x = 6, .ofs_y = 4},
    {.bitmap_index = 34588, .adv_w = 1125, .box_w = 59, .box_h = 112, .ofs_x = 9, .ofs_y = 0},
    {.bitmap_index = 35572, .adv_w = 1125, .box_w = 53, .box_h = 112, .ofs_x = 18, .ofs_y = 0},
    {.bitmap_index = 36370, .adv_w = 1125, .box_w = 65, .box_h = 111, .ofs_x = 6, .ofs_y = 0},
    {.bitmap_index = 37695, .adv_w = 1125, .box_w = 62, .box_h = 111, .ofs_x = 9, .ofs_y = 0},
    {.bitmap_index = 38531, .adv_w = 1125, .box_w = 65, .box_h = 111, .ofs_x = 6, .ofs_y = 0},
    {.bitmap_index = 39932, .adv_w = 1125, .box_w = 50, .box_h = 112, .ofs_x = 11, .ofs_y = 0},
    {.bitmap_index = 40424, .adv_w = 1125, .box_w = 62, .box_h = 111, .ofs_x = 9, .ofs_y = 0},
    {.bitmap_index = 41572, .adv_w = 1125, .box_w = 65, .box_h = 112, .ofs_x = 6, .ofs_y = 0},
    {.bitmap_index = 42548, .adv_w = 1125, .box_w = 54, .box_h = 112, .ofs_x = 6, .ofs_y = 0},
    {.bitmap_index = 43399, .adv_w = 1125, .box_w = 60, .box_h = 112, .ofs_x = 11, .ofs_y = 0},
    {.bitmap_index = 44290, .adv_w = 1125, .box_w = 42, .box_h = 15, .ofs_x = 11, .ofs_y = 0},
    {.bitmap_index = 44385, .adv_w = 1125, .box_w = 18, .box_h = 50, .ofs_x = 9, .ofs_y = 57},
    {.bitmap_index = 44649, .adv_w = 1125, .box_w = 65, .box_h = 112, .ofs_x = 6, .ofs_y = 0},
    {.bitmap_index = 45881, .adv_w = 1125, .box_w = 62, .box_h = 107, .ofs_x = 6, .ofs_y = 0},
    {.bitmap_index = 46985, .adv_w = 1125, .box_w = 55, .box_h = 64, .ofs_x = 6, .ofs_y = 0},
    {.bitmap_index = 47512, .adv_w = 1125, .box_w = 65, .box_h = 111, .ofs_x = 6, .ofs_y = 0},
    {.bitmap_index = 48649, .adv_w = 1125, .box_w = 65, .box_h = 112, .ofs_x = 6, .ofs_y = 0},
    {.bitmap_index = 49865, .adv_w = 1125, .box_w = 55, .box_h = 107, .ofs_x = 6, .ofs_y = 5},
    {.bitmap_index = 50714, .adv_w = 1125, .box_w = 62, .box_h = 112, .ofs_x = 9, .ofs_y = 0},
    {.bitmap_index = 51933, .adv_w = 1125, .box_w = 62, .box_h = 107, .ofs_x = 6, .ofs_y = 0},
    {.bitmap_index = 52976, .adv_w = 1125, .box_w = 18, .box_h = 54, .ofs_x = 50, .ofs_y = 1},
    {.bitmap_index = 53255, .adv_w = 1125, .box_w = 60, .box_h = 111, .ofs_x = 11, .ofs_y = 0},
    {.bitmap_index = 54057, .adv_w = 1125, .box_w = 62, .box_h = 112, .ofs_x = 6, .ofs_y = 0},
    {.bitmap_index = 55205, .adv_w = 1125, .box_w = 47, .box_h = 107, .ofs_x = 6, .ofs_y = 0},
    {.bitmap_index = 55943, .adv_w = 1125, .box_w = 62, .box_h = 112, .ofs_x = 6, .ofs_y = 0},
    {.bitmap_index = 56876, .adv_w = 1125, .box_w = 62, .box_h = 64, .ofs_x = 6, .ofs_y = 0},
    {.bitmap_index = 57595, .adv_w = 1125, .box_w = 62, .box_h = 64, .ofs_x = 6, .ofs_y = 0},
    {.bitmap_index = 58375, .adv_w = 1125, .box_w = 65, .box_h = 107, .ofs_x = 6, .ofs_y = 5},
    {.bitmap_index = 59494, .adv_w = 1125, .box_w = 62, .box_h = 112, .ofs_x = 9, .ofs_y = 0},
    {.bitmap_index = 60632, .adv_w = 1125, .box_w = 55, .box_h = 59, .ofs_x = 6, .ofs_y = 5},
    {.bitmap_index = 61064, .adv_w = 1125, .box_w = 59, .box_h = 107, .ofs_x = 9, .ofs_y = 0},
    {.bitmap_index = 61869, .adv_w = 1125, .box_w = 55, .box_h = 107, .ofs_x = 6, .ofs_y = 0},
    {.bitmap_index = 62717, .adv_w = 1125, .box_w = 62, .box_h = 55, .ofs_x = 6, .ofs_y = 0},
    {.bitmap_index = 63392, .adv_w = 1125, .box_w = 62, .box_h = 111, .ofs_x = 9, .ofs_y = 0},
    {.bitmap_index = 64228, .adv_w = 1125, .box_w = 65, .box_h = 111, .ofs_x = 6, .ofs_y = 0},
    {.bitmap_index = 65629, .adv_w = 1125, .box_w = 50, .box_h = 112, .ofs_x = 11, .ofs_y = 0},
    {.bitmap_index = 66121, .adv_w = 1125, .box_w = 62, .box_h = 111, .ofs_x = 9, .ofs_y = 0},
    {.bitmap_index = 67269, .adv_w = 1125, .box_w = 65, .box_h = 112, .ofs_x = 6, .ofs_y = 0},
    {.bitmap_index = 68245, .adv_w = 1125, .box_w = 21, .box_h = 102, .ofs_x = 6, .ofs_y = 5}
};

/*---------------------
 *  CHARACTER MAPPING
 *--------------------*/

static const uint8_t glyph_id_ofs_list_0[] = {
    0, 0, 1, 0, 0, 0, 0, 2,
    3, 4, 0, 0, 5, 6, 7, 0,
    8, 9, 10, 11, 12, 13, 14, 15,
    16, 17, 18, 0, 0, 19, 0, 20,
    0, 21, 22, 23, 24, 25, 26, 27,
    28, 29, 30, 31, 32, 33, 34, 35,
    36, 37, 38, 39, 40, 41, 42, 43,
    44, 45, 46, 47, 0, 48, 0, 49,
    50, 51, 52, 53, 54, 55, 56, 57,
    58, 59, 60, 61, 62, 63, 64, 65,
    66, 67, 68, 69, 70, 71, 72, 73,
    74, 75, 76, 0, 77
};

/*Collect the unicode lists and glyph_id offsets*/
static const lv_font_fmt_txt_cmap_t cmaps[] =
{
    {
        .range_start = 32, .range_length = 93, .glyph_id_start = 1,
        .unicode_list = NULL, .glyph_id_ofs_list = glyph_id_ofs_list_0, .list_length = 93, .type = LV_FONT_FMT_TXT_CMAP_FORMAT0_FULL
    }
};

/*-----------------
 *    KERNING
 *----------------*/


/*Pair left and right glyphs for kerning*/
static const uint8_t kern_pair_glyph_ids[] =
{
    8, 8
};

/* Kerning between the respective left and right glyphs
 * 4.4 format which needs to scaled with `kern_scale`*/
static const int8_t kern_pair_values[] =
{
    118
};

/*Collect the kern pair's data in one place*/
static const lv_font_fmt_txt_kern_pair_t kern_pairs =
{
    .glyph_ids = kern_pair_glyph_ids,
    .values = kern_pair_values,
    .pair_cnt = 1,
    .glyph_ids_size = 0
};

/*--------------------
 *  ALL CUSTOM DATA
 *--------------------*/

#if LVGL_VERSION_MAJOR == 8
/*Store all the custom data of the font*/
static  lv_font_fmt_txt_glyph_cache_t cache;
#endif

#if LVGL_VERSION_MAJOR >= 8
static const lv_font_fmt_txt_dsc_t font_dsc = {
#else
static lv_font_fmt_txt_dsc_t font_dsc = {
#endif
    .glyph_bitmap = glyph_bitmap,
    .glyph_dsc = glyph_dsc,
    .cmaps = cmaps,
    .kern_dsc = &kern_pairs,
    .kern_scale = 38,
    .cmap_num = 1,
    .bpp = 4,
    .kern_classes = 0,
    .bitmap_format = 1,
#if LVGL_VERSION_MAJOR == 8
    .cache = &cache
#endif

};



/*-----------------
 *  PUBLIC FONT
 *----------------*/

/*Initialize a public general font descriptor*/
#if LVGL_VERSION_MAJOR >= 8
const lv_font_t digital = {
#else
lv_font_t digital = {
#endif
    .get_glyph_dsc = lv_font_get_glyph_dsc_fmt_txt,    /*Function pointer to get glyph's data*/
    .get_glyph_bitmap = lv_font_get_bitmap_fmt_txt,    /*Function pointer to get glyph's bitmap*/
    .line_height = 119,          /*The maximum line height required by the font*/
    .base_line = 7,             /*Baseline measured from the bottom of the line*/
#if !(LVGL_VERSION_MAJOR == 6 && LVGL_VERSION_MINOR == 0)
    .subpx = LV_FONT_SUBPX_NONE,
#endif
#if LV_VERSION_CHECK(7, 4, 0) || LVGL_VERSION_MAJOR >= 8
    .underline_position = -9,
    .underline_thickness = 5,
#endif
    .static_bitmap = 0,
    .dsc = &font_dsc,          /*The custom font data. Will be accessed by `get_glyph_bitmap/dsc` */
#if LV_VERSION_CHECK(8, 2, 0) || LVGL_VERSION_MAJOR >= 9
    .fallback = NULL,
#endif
    .user_data = NULL,
};



#endif /*#if DIGITAL*/
